// wavetable_data.c - autogenerated by gentables.py in 2025-10-20 18:22:19

#include "wavetable_data.h"

const uint32_t wavetables[WAVETABLE_COUNT][WAVETABLE_SIZE] = {
// Table 0, base frequency 8.175799
{
0x60b70000, 0x679660b7, 0x670c6796, 0x643c670c, 0x62dc643c, 0x63c962dc, 0x654a63c9, 0x658a654a, 
0x648c658a, 0x63bc648c, 0x640563bc, 0x64df6405, 0x652d64df, 0x64a5652d, 0x640a64a5, 0x641d640a, 
0x64b1641d, 0x650064b1, 0x64b16500, 0x643564b1, 0x642c6435, 0x6496642c, 0x64e46496, 0x64b664e4, 
0x645064b6, 0x64386450, 0x64856438, 0x64d06485, 0x64b964d0, 0x646464b9, 0x64416464, 0x647a6441, 
0x64c0647a, 0x64ba64c0, 0x647364ba, 0x644a6473, 0x6471644a, 0x64b26471, 0x64b964b2, 0x647f64b9, 
0x6453647f, 0x646c6453, 0x64a7646c, 0x64b664a7, 0x648964b6, 0x645b6489, 0x6468645b, 0x649d6468, 
0x64b3649d, 0x649064b3, 0x64636490, 0x64666463, 0x64946466, 0x64b06494, 0x649664b0, 0x646a6496, 
0x6465646a, 0x648c6465, 0x64ab648c, 0x649b64ab, 0x6471649b, 0x64656471, 0x64866465, 0x64a76486, 
0x649e64a7, 0x6478649e, 0x64676478, 0x64806467, 0x64a26480, 0x64a064a2, 0x647e64a0, 0x6469647e, 
0x647b6469, 0x649d647b, 0x64a1649d, 0x648464a1, 0x646b6484, 0x6478646b, 0x64986478, 0x64a26498, 
0x648964a2, 0x646e6489, 0x6475646e, 0x64936475, 0x64a16493, 0x648d64a1, 0x6472648d, 0x64736472, 
0x648e6473, 0x64a0648e, 0x649164a0, 0x64766491, 0x64726476, 0x648a6472, 0x649e648a, 0x6494649e, 
0x647a6494, 0x6471647a, 0x64866471, 0x649b6486, 0x6496649b, 0x647e6496, 0x6472647e, 0x64826472, 
0x64996482, 0x64986499, 0x64826498, 0x64736482, 0x647f6473, 0x6496647f, 0x64996496, 0x64856499, 
0x64746485, 0x647c6474, 0x6492647c, 0x649a6492, 0x6489649a, 0x64766489, 0x647a6476, 0x648f647a, 
0x649a648f, 0x648c649a, 0x6478648c, 0x64786478, 0x648c6478, 0x6499648c, 0x648f6499, 0x647b648f, 
0x6477647b, 0x64896477, 0x64986489, 0x64916498, 0x647e6491, 0x6477647e, 0x64866477, 0x64966486, 
0x64936496, 0x64806493, 0x64776480, 0x64836477, 0x64946483, 0x64946494, 0x64836494, 0x64786483, 
0x64806478, 0x64926480, 0x64956492, 0x64866495, 0x64796486, 0x647e6479, 0x6490647e, 0x64966490, 
0x64896496, 0x647a6489, 0x647d647a, 0x648d647d, 0x6496648d, 0x648b6496, 0x647c648b, 0x647b647c, 
0x648a647b, 0x6495648a, 0x648d6495, 0x647e648d, 0x647a647e, 0x6488647a, 0x64946488, 0x648f6494, 
0x6480648f, 0x647a6480, 0x6486647a, 0x64936486, 0x64916493, 0x64826491, 0x647a6482, 0x6483647a, 
0x64926483, 0x64926492, 0x64846492, 0x647a6484, 0x6481647a, 0x64906481, 0x64936490, 0x64876493, 
0x647b6487, 0x6480647b, 0x648e6480, 0x6493648e, 0x64896493, 0x647c6489, 0x647e647c, 0x648c647e, 
0x6493648c, 0x648b6493, 0x647e648b, 0x647d647e, 0x648a647d, 0x6493648a, 0x648d6493, 0x647f648d, 
0x647c647f, 0x6488647c, 0x64926488, 0x648e6492, 0x6481648e, 0x647c6481, 0x6486647c, 0x64916486, 
0x648f6491, 0x6483648f, 0x647c6483, 0x6484647c, 0x64906484, 0x64906490, 0x64856490, 0x647c6485, 
0x6482647c, 0x648e6482, 0x6491648e, 0x64876491, 0x647d6487, 0x6480647d, 0x648d6480, 0x6491648d, 
0x64896491, 0x647e6489, 0x647f647e, 0x648b647f, 0x6492648b, 0x648b6492, 0x647f648b, 0x647e647f, 
0x6489647e, 0x64916489, 0x648c6491, 0x6481648c, 0x647e6481, 0x6487647e, 0x64916487, 0x648d6491, 
0x6482648d, 0x647d6482, 0x6486647d, 0x64906486, 0x648f6490, 0x6484648f, 0x647d6484, 0x6484647d, 
0x648f6484, 0x648f648f, 0x6485648f, 0x647e6485, 0x6482647e, 0x648d6482, 0x6490648d, 0x64876490, 
0x647e6487, 0x6481647e, 0x648c6481, 0x6490648c, 0x64896490, 0x647f6489, 0x6480647f, 0x648a6480, 
0x6490648a, 0x648a6490, 0x6480648a, 0x647f6480, 0x6489647f, 0x64906489, 0x648c6490, 0x6481648c, 
0x647f6481, 0x6487647f, 0x64906487, 0x648d6490, 0x6483648d, 0x647e6483, 0x6485647e, 0x648f6485, 
0x648e648f, 0x6484648e, 0x647e6484, 0x6484647e, 0x648e6484, 0x648f648e, 0x6486648f, 0x647f6486, 
0x6483647f, 0x648d6483, 0x648f648d, 0x6487648f, 0x647f6487, 0x6481647f, 0x648b6481, 0x6490648b, 
0x64896490, 0x64806489, 0x64816480, 0x648a6481, 0x6490648a, 0x648a6490, 0x6481648a, 0x64806481, 
0x64886480, 0x648f6488, 0x648c648f, 0x6482648c, 0x647f6482, 0x6487647f, 0x648f6487, 0x648d648f, 
0x6483648d, 0x647f6483, 0x6485647f, 0x648e6485, 0x648e648e, 0x6485648e, 0x647f6485, 0x6484647f, 
0x648d6484, 0x648e648d, 0x6486648e, 0x647f6486, 0x6483647f, 0x648c6483, 0x648f648c, 0x6488648f, 
0x64806488, 0x64826480, 0x648b6482, 0x648f648b, 0x6489648f, 0x64816489, 0x64816481, 0x64896481, 
0x648f6489, 0x648a648f, 0x6481648a, 0x64806481, 0x64886480, 0x648f6488, 0x648b648f, 0x6483648b, 
0x64806483, 0x64876480, 0x648e6487, 0x648c648e, 0x6484648c, 0x64806484, 0x64856480, 0x648d6485, 
0x648d648d, 0x6485648d, 0x64806485, 0x64846480, 0x648d6484, 0x648e648d, 0x6486648e, 0x64806486, 
0x64836480, 0x648c6483, 0x648e648c, 0x6488648e, 0x64806488, 0x64826480, 0x648a6482, 0x648f648a, 
0x6489648f, 0x64816489, 0x64816481, 0x64896481, 0x648e6489, 0x648a648e, 0x6482648a, 0x64816482, 
0x64886481, 0x648e6488, 0x648b648e, 0x6483648b, 0x64806483, 0x64876480, 0x648e6487, 0x648c648e, 
0x6484648c, 0x64806484, 0x64856480, 0x648d6485, 0x648d648d, 0x6485648d, 0x64806485, 0x64846480, 
0x648c6484, 0x648e648c, 0x6487648e, 0x64806487, 0x64836480, 0x648b6483, 0x648e648b, 0x6488648e, 
0x64816488, 0x64826481, 0x648a6482, 0x648e648a, 0x6489648e, 0x64816489, 0x64816481, 0x64896481, 
0x648e6489, 0x648a648e, 0x6482648a, 0x64816482, 0x64886481, 0x648e6488, 0x648b648e, 0x6483648b, 
0x64806483, 0x64866480, 0x648d6486, 0x648c648d, 0x6484648c, 0x64806484, 0x64856480, 0x648d6485, 
0x648d648d, 0x6486648d, 0x64806486, 0x64846480, 0x648c6484, 0x648d648c, 0x6487648d, 0x64816487, 
0x64836481, 0x648b6483, 0x648e648b, 0x6488648e, 0x64816488, 0x64826481, 0x648a6482, 0x648e648a, 
0x6489648e, 0x64826489, 0x64816482, 0x64896481, 0x648e6489, 0x648a648e, 0x6483648a, 0x64816483, 
0x64876481, 0x648e6487, 0x648b648e, 0x6483648b, 0x64806483, 0x64866480, 0x648d6486, 0x648c648d, 
0x6485648c, 0x64806485, 0x64856480, 0x648c6485, 0x648d648c, 0x6486648d, 0x64806486, 0x64846480, 
0x648c6484, 0x648d648c, 0x6487648d, 0x64816487, 0x64836481, 0x648b6483, 0x648e648b, 0x6488648e, 
0x64816488, 0x64826481, 0x648a6482, 0x648e648a, 0x6489648e, 0x64826489, 0x64816482, 0x64886481, 
0x648e6488, 0x648a648e, 0x6483648a, 0x64816483, 0x64876481, 0x648d6487, 0x648b648d, 0x6484648b, 
0x64816484, 0x64866481, 0x648d6486, 0x648c648d, 0x6485648c, 0x64806485, 0x64856480, 0x648c6485, 
0x648d648c, 0x6486648d, 0x64816486, 0x64846481, 0x648b6484, 0x648d648b, 0x6487648d, 0x64816487, 
0x64836481, 0x648b6483, 0x648e648b, 0x6488648e, 0x64816488, 0x64826481, 0x64896482, 0x648e6489, 
0x6489648e, 0x64826489, 0x64816482, 0x64886481, 0x648e6488, 0x648b648e, 0x6483648b, 0x64816483, 
0x64876481, 0x648d6487, 0x648b648d, 0x6484648b, 0x64816484, 0x64866481, 0x648d6486, 0x648c648d, 
0x6485648c, 0x64806485, 0x64856480, 0x648c6485, 0x648d648c, 0x6486648d, 0x64816486, 0x64846481, 
0x648b6484, 0x648d648b, 0x6487648d, 0x64816487, 0x64836481, 0x648a6483, 0x648e648a, 0x6488648e, 
0x64816488, 0x64826481, 0x64896482, 0x648e6489, 0x648a648e, 0x6482648a, 0x64816482, 0x64886481, 
0x648e6488, 0x648b648e, 0x6483648b, 0x64816483, 0x64876481, 0x648d6487, 0x648c648d, 0x6484648c, 
0x64806484, 0x64866480, 0x648d6486, 0x648c648d, 0x6485648c, 0x64806485, 0x64856480, 0x648c6485, 
0x648d648c, 0x6486648d, 0x64806486, 0x64836480, 0x648b6483, 0x648e648b, 0x6487648e, 0x64816487, 
0x64836481, 0x648a6483, 0x648e648a, 0x6489648e, 0x64816489, 0x64826481, 0x64896482, 0x648e6489, 
0x648a648e, 0x6482648a, 0x64816482, 0x64886481, 0x648e6488, 0x648b648e, 0x6483648b, 0x64816483, 
0x64876481, 0x648d6487, 0x648c648d, 0x6484648c, 0x64806484, 0x64866480, 0x648d6486, 0x648d648d, 
0x6485648d, 0x64806485, 0x64846480, 0x648c6484, 0x648d648c, 0x6486648d, 0x64806486, 0x64836480, 
0x648b6483, 0x648e648b, 0x6488648e, 0x64816488, 0x64826481, 0x648a6482, 0x648e648a, 0x6489648e, 
0x64816489, 0x64816481, 0x64896481, 0x648e6489, 0x648a648e, 0x6482648a, 0x64816482, 0x64886481, 
0x648e6488, 0x648b648e, 0x6483648b, 0x64806483, 0x64876480, 0x648e6487, 0x648c648e, 0x6484648c, 
0x64806484, 0x64856480, 0x648d6485, 0x648d648d, 0x6485648d, 0x64806485, 0x64846480, 0x648c6484, 
0x648e648c, 0x6487648e, 0x64806487, 0x64836480, 0x648b6483, 0x648e648b, 0x6488648e, 0x64816488, 
0x64826481, 0x648a6482, 0x648e648a, 0x6489648e, 0x64816489, 0x64816481, 0x64896481, 0x648f6489, 
0x648a648f, 0x6482648a, 0x64806482, 0x64886480, 0x648e6488, 0x648c648e, 0x6483648c, 0x64806483, 
0x64866480, 0x648e6486, 0x648d648e, 0x6484648d, 0x64806484, 0x64856480, 0x648d6485, 0x648d648d, 
0x6485648d, 0x64806485, 0x64846480, 0x648c6484, 0x648e648c, 0x6487648e, 0x64806487, 0x64836480, 
0x648b6483, 0x648f648b, 0x6488648f, 0x64806488, 0x64816480, 0x648a6481, 0x648f648a, 0x6489648f, 
0x64816489, 0x64816481, 0x64896481, 0x648f6489, 0x648b648f, 0x6482648b, 0x64806482, 0x64886480, 
0x648f6488, 0x648c648f, 0x6483648c, 0x647f6483, 0x6486647f, 0x648e6486, 0x648d648e, 0x6484648d, 
0x647f6484, 0x6485647f, 0x648e6485, 0x648e648e, 0x6485648e, 0x647f6485, 0x6483647f, 0x648d6483, 
0x648f648d, 0x6487648f, 0x647f6487, 0x6482647f, 0x648c6482, 0x648f648c, 0x6488648f, 0x64806488, 
0x64816480, 0x648a6481, 0x6490648a, 0x648a6490, 0x6481648a, 0x64806481, 0x64896480, 0x64906489, 
0x648b6490, 0x6481648b, 0x647f6481, 0x6487647f, 0x648f6487, 0x648d648f, 0x6483648d, 0x647f6483, 
0x6486647f, 0x648f6486, 0x648e648f, 0x6484648e, 0x647e6484, 0x6484647e, 0x648e6484, 0x648f648e, 
0x6485648f, 0x647e6485, 0x6483647e, 0x648d6483, 0x6490648d, 0x64876490, 0x647f6487, 0x6481647f, 
0x648c6481, 0x6490648c, 0x64896490, 0x647f6489, 0x6480647f, 0x648a6480, 0x6490648a, 0x648a6490, 
0x6480648a, 0x647f6480, 0x6489647f, 0x64906489, 0x648c6490, 0x6481648c, 0x647e6481, 0x6487647e, 
0x64906487, 0x648d6490, 0x6482648d, 0x647e6482, 0x6485647e, 0x648f6485, 0x648f648f, 0x6484648f, 
0x647d6484, 0x6484647d, 0x648f6484, 0x6490648f, 0x64866490, 0x647d6486, 0x6482647d, 0x648d6482, 
0x6491648d, 0x64876491, 0x647e6487, 0x6481647e, 0x648c6481, 0x6491648c, 0x64896491, 0x647e6489, 
0x647f647e, 0x648b647f, 0x6492648b, 0x648b6492, 0x647f648b, 0x647e647f, 0x6489647e, 0x64916489, 
0x648d6491, 0x6480648d, 0x647d6480, 0x6487647d, 0x64916487, 0x648e6491, 0x6482648e, 0x647c6482, 
0x6485647c, 0x64906485, 0x64906490, 0x64846490, 0x647c6484, 0x6483647c, 0x648f6483, 0x6491648f, 
0x64866491, 0x647c6486, 0x6481647c, 0x648e6481, 0x6492648e, 0x64886492, 0x647c6488, 0x647f647c, 
0x648d647f, 0x6493648d, 0x648a6493, 0x647d648a, 0x647e647d, 0x648b647e, 0x6493648b, 0x648c6493, 
0x647e648c, 0x647c647e, 0x6489647c, 0x64936489, 0x648e6493, 0x6480648e, 0x647b6480, 0x6487647b, 
0x64936487, 0x64906493, 0x64816490, 0x647a6481, 0x6484647a, 0x64926484, 0x64926492, 0x64836492, 
0x647a6483, 0x6482647a, 0x64916482, 0x64936491, 0x64866493, 0x647a6486, 0x6480647a, 0x648f6480, 
0x6494648f, 0x64886494, 0x647a6488, 0x647e647a, 0x648d647e, 0x6495648d, 0x648a6495, 0x647b648a, 
0x647c647b, 0x648b647c, 0x6496648b, 0x648d6496, 0x647d648d, 0x647a647d, 0x6489647a, 0x64966489, 
0x64906496, 0x647e6490, 0x6479647e, 0x64866479, 0x64956486, 0x64926495, 0x64806492, 0x64786480, 
0x64836478, 0x64946483, 0x64946494, 0x64836494, 0x64776483, 0x64806477, 0x64936480, 0x64966493, 
0x64866496, 0x64776486, 0x647e6477, 0x6491647e, 0x64986491, 0x64896498, 0x64776489, 0x647b6477, 
0x648f647b, 0x6499648f, 0x648c6499, 0x6478648c, 0x64786478, 0x648c6478, 0x649a648c, 0x648f649a, 
0x647a648f, 0x6476647a, 0x64896476, 0x649a6489, 0x6492649a, 0x647c6492, 0x6474647c, 0x64856474, 
0x64996485, 0x64966499, 0x647f6496, 0x6473647f, 0x64826473, 0x64986482, 0x64996498, 0x64826499, 
0x64726482, 0x647e6472, 0x6496647e, 0x649b6496, 0x6486649b, 0x64716486, 0x647a6471, 0x6494647a, 
0x649e6494, 0x648a649e, 0x6472648a, 0x64766472, 0x64916476, 0x64a06491, 0x648e64a0, 0x6473648e, 
0x64726473, 0x648d6472, 0x64a1648d, 0x649364a1, 0x64756493, 0x646e6475, 0x6489646e, 0x64a26489, 
0x649864a2, 0x64786498, 0x646b6478, 0x6484646b, 0x64a16484, 0x649d64a1, 0x647b649d, 0x6469647b, 
0x647e6469, 0x64a0647e, 0x64a264a0, 0x648064a2, 0x64676480, 0x64786467, 0x649e6478, 0x64a7649e, 
0x648664a7, 0x64656486, 0x64716465, 0x649b6471, 0x64ab649b, 0x648c64ab, 0x6465648c, 0x646a6465, 
0x6496646a, 0x64b06496, 0x649464b0, 0x64666494, 0x64636466, 0x64906463, 0x64b36490, 0x649d64b3, 
0x6468649d, 0x645b6468, 0x6489645b, 0x64b66489, 0x64a764b6, 0x646c64a7, 0x6453646c, 0x647f6453, 
0x64b9647f, 0x64b264b9, 0x647164b2, 0x644a6471, 0x6473644a, 0x64ba6473, 0x64c064ba, 0x647a64c0, 
0x6441647a, 0x64646441, 0x64b96464, 0x64d064b9, 0x648564d0, 0x64386485, 0x64506438, 0x64b66450, 
0x64e464b6, 0x649664e4, 0x642c6496, 0x6435642c, 0x64b16435, 0x650064b1, 0x64b16500, 0x641d64b1, 
0x640a641d, 0x64a5640a, 0x652d64a5, 0x64df652d, 0x640564df, 0x63bc6405, 0x648c63bc, 0x658a648c, 
0x654a658a, 0x63c9654a, 0x62dc63c9, 0x643c62dc, 0x670c643c, 0x6796670c, 0x60b76796, 0x000060b7, 
0x9f490000, 0x986a9f49, 0x98f4986a, 0x9bc498f4, 0x9d249bc4, 0x9c379d24, 0x9ab69c37, 0x9a769ab6, 
0x9b749a76, 0x9c449b74, 0x9bfb9c44, 0x9b219bfb, 0x9ad39b21, 0x9b5b9ad3, 0x9bf69b5b, 0x9be39bf6, 
0x9b4f9be3, 0x9b009b4f, 0x9b4f9b00, 0x9bcb9b4f, 0x9bd49bcb, 0x9b6a9bd4, 0x9b1c9b6a, 0x9b4a9b1c, 
0x9bb09b4a, 0x9bc89bb0, 0x9b7b9bc8, 0x9b309b7b, 0x9b479b30, 0x9b9c9b47, 0x9bbf9b9c, 0x9b869bbf, 
0x9b409b86, 0x9b469b40, 0x9b8d9b46, 0x9bb69b8d, 0x9b8f9bb6, 0x9b4e9b8f, 0x9b479b4e, 0x9b819b47, 
0x9bad9b81, 0x9b949bad, 0x9b599b94, 0x9b4a9b59, 0x9b779b4a, 0x9ba59b77, 0x9b989ba5, 0x9b639b98, 
0x9b4d9b63, 0x9b709b4d, 0x9b9d9b70, 0x9b9a9b9d, 0x9b6c9b9a, 0x9b509b6c, 0x9b6a9b50, 0x9b969b6a, 
0x9b9b9b96, 0x9b749b9b, 0x9b559b74, 0x9b659b55, 0x9b8f9b65, 0x9b9b9b8f, 0x9b7a9b9b, 0x9b599b7a, 
0x9b629b59, 0x9b889b62, 0x9b999b88, 0x9b809b99, 0x9b5e9b80, 0x9b609b5e, 0x9b829b60, 0x9b979b82, 
0x9b859b97, 0x9b639b85, 0x9b5f9b63, 0x9b7c9b5f, 0x9b959b7c, 0x9b889b95, 0x9b689b88, 0x9b5e9b68, 
0x9b779b5e, 0x9b929b77, 0x9b8b9b92, 0x9b6d9b8b, 0x9b5f9b6d, 0x9b739b5f, 0x9b8e9b73, 0x9b8d9b8e, 
0x9b729b8d, 0x9b609b72, 0x9b6f9b60, 0x9b8a9b6f, 0x9b8e9b8a, 0x9b769b8e, 0x9b629b76, 0x9b6c9b62, 
0x9b869b6c, 0x9b8f9b86, 0x9b7a9b8f, 0x9b659b7a, 0x9b6a9b65, 0x9b829b6a, 0x9b8e9b82, 0x9b7e9b8e, 
0x9b679b7e, 0x9b689b67, 0x9b7e9b68, 0x9b8d9b7e, 0x9b819b8d, 0x9b6a9b81, 0x9b679b6a, 0x9b7b9b67, 
0x9b8c9b7b, 0x9b849b8c, 0x9b6e9b84, 0x9b669b6e, 0x9b779b66, 0x9b8a9b77, 0x9b869b8a, 0x9b719b86, 
0x9b669b71, 0x9b749b66, 0x9b889b74, 0x9b889b88, 0x9b749b88, 0x9b679b74, 0x9b719b67, 0x9b859b71, 
0x9b899b85, 0x9b779b89, 0x9b689b77, 0x9b6f9b68, 0x9b829b6f, 0x9b899b82, 0x9b7a9b89, 0x9b6a9b7a, 
0x9b6d9b6a, 0x9b809b6d, 0x9b899b80, 0x9b7d9b89, 0x9b6c9b7d, 0x9b6c9b6c, 0x9b7d9b6c, 0x9b889b7d, 
0x9b809b88, 0x9b6e9b80, 0x9b6b9b6e, 0x9b7a9b6b, 0x9b879b7a, 0x9b829b87, 0x9b709b82, 0x9b6a9b70, 
0x9b779b6a, 0x9b869b77, 0x9b839b86, 0x9b739b83, 0x9b6a9b73, 0x9b759b6a, 0x9b849b75, 0x9b859b84, 
0x9b769b85, 0x9b6b9b76, 0x9b739b6b, 0x9b829b73, 0x9b869b82, 0x9b789b86, 0x9b6c9b78, 0x9b719b6c, 
0x9b809b71, 0x9b869b80, 0x9b7a9b86, 0x9b6d9b7a, 0x9b6f9b6d, 0x9b7e9b6f, 0x9b869b7e, 0x9b7d9b86, 
0x9b6e9b7d, 0x9b6e9b6e, 0x9b7c9b6e, 0x9b869b7c, 0x9b7f9b86, 0x9b709b7f, 0x9b6d9b70, 0x9b799b6d, 
0x9b859b79, 0x9b809b85, 0x9b729b80, 0x9b6d9b72, 0x9b779b6d, 0x9b849b77, 0x9b829b84, 0x9b749b82, 
0x9b6d9b74, 0x9b759b6d, 0x9b829b75, 0x9b839b82, 0x9b769b83, 0x9b6d9b76, 0x9b739b6d, 0x9b819b73, 
0x9b849b81, 0x9b789b84, 0x9b6e9b78, 0x9b729b6e, 0x9b7f9b72, 0x9b849b7f, 0x9b7a9b84, 0x9b6f9b7a, 
0x9b719b6f, 0x9b7d9b71, 0x9b849b7d, 0x9b7c9b84, 0x9b709b7c, 0x9b709b70, 0x9b7b9b70, 0x9b849b7b, 
0x9b7e9b84, 0x9b729b7e, 0x9b6f9b72, 0x9b799b6f, 0x9b839b79, 0x9b809b83, 0x9b739b80, 0x9b6f9b73, 
0x9b779b6f, 0x9b829b77, 0x9b819b82, 0x9b759b81, 0x9b6e9b75, 0x9b759b6e, 0x9b819b75, 0x9b829b81, 
0x9b779b82, 0x9b6f9b77, 0x9b749b6f, 0x9b7f9b74, 0x9b829b7f, 0x9b799b82, 0x9b6f9b79, 0x9b739b6f, 
0x9b7e9b73, 0x9b839b7e, 0x9b7a9b83, 0x9b709b7a, 0x9b719b70, 0x9b7c9b71, 0x9b839b7c, 0x9b7c9b83, 
0x9b719b7c, 0x9b719b71, 0x9b7b9b71, 0x9b829b7b, 0x9b7e9b82, 0x9b739b7e, 0x9b709b73, 0x9b799b70, 
0x9b829b79, 0x9b7f9b82, 0x9b749b7f, 0x9b709b74, 0x9b779b70, 0x9b819b77, 0x9b809b81, 0x9b769b80, 
0x9b709b76, 0x9b769b70, 0x9b809b76, 0x9b819b80, 0x9b779b81, 0x9b709b77, 0x9b749b70, 0x9b7f9b74, 
0x9b819b7f, 0x9b799b81, 0x9b709b79, 0x9b739b70, 0x9b7d9b73, 0x9b829b7d, 0x9b7b9b82, 0x9b719b7b, 
0x9b729b71, 0x9b7c9b72, 0x9b829b7c, 0x9b7c9b82, 0x9b729b7c, 0x9b719b72, 0x9b7a9b71, 0x9b819b7a, 
0x9b7d9b81, 0x9b739b7d, 0x9b719b73, 0x9b799b71, 0x9b819b79, 0x9b7f9b81, 0x9b759b7f, 0x9b709b75, 
0x9b779b70, 0x9b809b77, 0x9b7f9b80, 0x9b769b7f, 0x9b709b76, 0x9b769b70, 0x9b7f9b76, 0x9b809b7f, 
0x9b789b80, 0x9b719b78, 0x9b749b71, 0x9b7e9b74, 0x9b819b7e, 0x9b799b81, 0x9b719b79, 0x9b739b71, 
0x9b7d9b73, 0x9b819b7d, 0x9b7b9b81, 0x9b729b7b, 0x9b729b72, 0x9b7b9b72, 0x9b819b7b, 0x9b7c9b81, 
0x9b739b7c, 0x9b729b73, 0x9b7a9b72, 0x9b819b7a, 0x9b7d9b81, 0x9b749b7d, 0x9b719b74, 0x9b789b71, 
0x9b809b78, 0x9b7e9b80, 0x9b759b7e, 0x9b719b75, 0x9b779b71, 0x9b7f9b77, 0x9b7f9b7f, 0x9b779b7f, 
0x9b719b77, 0x9b769b71, 0x9b7f9b76, 0x9b809b7f, 0x9b789b80, 0x9b719b78, 0x9b759b71, 0x9b7d9b75, 
0x9b809b7d, 0x9b799b80, 0x9b729b79, 0x9b749b72, 0x9b7c9b74, 0x9b809b7c, 0x9b7b9b80, 0x9b739b7b, 
0x9b739b73, 0x9b7b9b73, 0x9b809b7b, 0x9b7c9b80, 0x9b739b7c, 0x9b729b73, 0x9b7a9b72, 0x9b809b7a, 
0x9b7d9b80, 0x9b749b7d, 0x9b729b74, 0x9b789b72, 0x9b809b78, 0x9b7e9b80, 0x9b769b7e, 0x9b719b76, 
0x9b779b71, 0x9b7f9b77, 0x9b7f9b7f, 0x9b779b7f, 0x9b729b77, 0x9b769b72, 0x9b7e9b76, 0x9b7f9b7e, 
0x9b789b7f, 0x9b729b78, 0x9b759b72, 0x9b7d9b75, 0x9b809b7d, 0x9b799b80, 0x9b729b79, 0x9b749b72, 
0x9b7c9b74, 0x9b809b7c, 0x9b7b9b80, 0x9b739b7b, 0x9b739b73, 0x9b7b9b73, 0x9b809b7b, 0x9b7c9b80, 
0x9b749b7c, 0x9b729b74, 0x9b799b72, 0x9b809b79, 0x9b7d9b80, 0x9b759b7d, 0x9b729b75, 0x9b789b72, 
0x9b7f9b78, 0x9b7e9b7f, 0x9b769b7e, 0x9b729b76, 0x9b779b72, 0x9b7f9b77, 0x9b7f9b7f, 0x9b779b7f, 
0x9b729b77, 0x9b769b72, 0x9b7e9b76, 0x9b7f9b7e, 0x9b789b7f, 0x9b729b78, 0x9b759b72, 0x9b7d9b75, 
0x9b809b7d, 0x9b7a9b80, 0x9b739b7a, 0x9b749b73, 0x9b7c9b74, 0x9b809b7c, 0x9b7b9b80, 0x9b739b7b, 
0x9b739b73, 0x9b7a9b73, 0x9b809b7a, 0x9b7c9b80, 0x9b749b7c, 0x9b739b74, 0x9b799b73, 0x9b7f9b79, 
0x9b7d9b7f, 0x9b759b7d, 0x9b729b75, 0x9b789b72, 0x9b7f9b78, 0x9b7e9b7f, 0x9b769b7e, 0x9b729b76, 
0x9b779b72, 0x9b7e9b77, 0x9b7f9b7e, 0x9b779b7f, 0x9b729b77, 0x9b769b72, 0x9b7d9b76, 0x9b7f9b7d, 
0x9b799b7f, 0x9b729b79, 0x9b759b72, 0x9b7d9b75, 0x9b809b7d, 0x9b7a9b80, 0x9b739b7a, 0x9b749b73, 
0x9b7b9b74, 0x9b809b7b, 0x9b7b9b80, 0x9b749b7b, 0x9b739b74, 0x9b7a9b73, 0x9b809b7a, 0x9b7c9b80, 
0x9b749b7c, 0x9b739b74, 0x9b799b73, 0x9b7f9b79, 0x9b7d9b7f, 0x9b759b7d, 0x9b729b75, 0x9b789b72, 
0x9b7f9b78, 0x9b7e9b7f, 0x9b769b7e, 0x9b729b76, 0x9b779b72, 0x9b7e9b77, 0x9b7f9b7e, 0x9b789b7f, 
0x9b729b78, 0x9b769b72, 0x9b7d9b76, 0x9b7f9b7d, 0x9b799b7f, 0x9b739b79, 0x9b759b73, 0x9b7c9b75, 
0x9b7f9b7c, 0x9b7a9b7f, 0x9b739b7a, 0x9b749b73, 0x9b7b9b74, 0x9b809b7b, 0x9b7b9b80, 0x9b749b7b, 
0x9b739b74, 0x9b7a9b73, 0x9b7f9b7a, 0x9b7c9b7f, 0x9b759b7c, 0x9b739b75, 0x9b799b73, 0x9b7f9b79, 
0x9b7d9b7f, 0x9b759b7d, 0x9b729b75, 0x9b789b72, 0x9b7f9b78, 0x9b7e9b7f, 0x9b779b7e, 0x9b729b77, 
0x9b779b72, 0x9b7e9b77, 0x9b7f9b7e, 0x9b789b7f, 0x9b729b78, 0x9b759b72, 0x9b7d9b75, 0x9b7f9b7d, 
0x9b799b7f, 0x9b739b79, 0x9b759b73, 0x9b7c9b75, 0x9b7f9b7c, 0x9b7a9b7f, 0x9b739b7a, 0x9b749b73, 
0x9b7b9b74, 0x9b809b7b, 0x9b7b9b80, 0x9b749b7b, 0x9b739b74, 0x9b7a9b73, 0x9b7f9b7a, 0x9b7c9b7f, 
0x9b759b7c, 0x9b739b75, 0x9b799b73, 0x9b7f9b79, 0x9b7d9b7f, 0x9b769b7d, 0x9b729b76, 0x9b789b72, 
0x9b7f9b78, 0x9b7e9b7f, 0x9b779b7e, 0x9b729b77, 0x9b769b72, 0x9b7e9b76, 0x9b7f9b7e, 0x9b789b7f, 
0x9b729b78, 0x9b759b72, 0x9b7d9b75, 0x9b7f9b7d, 0x9b799b7f, 0x9b739b79, 0x9b749b73, 0x9b7c9b74, 
0x9b809b7c, 0x9b7a9b80, 0x9b739b7a, 0x9b749b73, 0x9b7b9b74, 0x9b809b7b, 0x9b7b9b80, 0x9b749b7b, 
0x9b739b74, 0x9b7a9b73, 0x9b809b7a, 0x9b7d9b80, 0x9b759b7d, 0x9b729b75, 0x9b799b72, 0x9b7f9b79, 
0x9b7d9b7f, 0x9b769b7d, 0x9b729b76, 0x9b779b72, 0x9b7f9b77, 0x9b7e9b7f, 0x9b779b7e, 0x9b729b77, 
0x9b769b72, 0x9b7e9b76, 0x9b7f9b7e, 0x9b789b7f, 0x9b729b78, 0x9b759b72, 0x9b7d9b75, 0x9b7f9b7d, 
0x9b799b7f, 0x9b739b79, 0x9b749b73, 0x9b7c9b74, 0x9b809b7c, 0x9b7a9b80, 0x9b739b7a, 0x9b739b73, 
0x9b7b9b73, 0x9b809b7b, 0x9b7c9b80, 0x9b749b7c, 0x9b739b74, 0x9b7a9b73, 0x9b809b7a, 0x9b7d9b80, 
0x9b759b7d, 0x9b729b75, 0x9b789b72, 0x9b7f9b78, 0x9b7e9b7f, 0x9b769b7e, 0x9b729b76, 0x9b779b72, 
0x9b7f9b77, 0x9b7f9b7f, 0x9b779b7f, 0x9b729b77, 0x9b769b72, 0x9b7e9b76, 0x9b7f9b7e, 0x9b789b7f, 
0x9b729b78, 0x9b759b72, 0x9b7d9b75, 0x9b809b7d, 0x9b799b80, 0x9b729b79, 0x9b749b72, 0x9b7c9b74, 
0x9b809b7c, 0x9b7b9b80, 0x9b739b7b, 0x9b739b73, 0x9b7b9b73, 0x9b809b7b, 0x9b7c9b80, 0x9b749b7c, 
0x9b729b74, 0x9b799b72, 0x9b809b79, 0x9b7d9b80, 0x9b759b7d, 0x9b729b75, 0x9b789b72, 0x9b7f9b78, 
0x9b7e9b7f, 0x9b769b7e, 0x9b729b76, 0x9b779b72, 0x9b7f9b77, 0x9b7f9b7f, 0x9b779b7f, 0x9b719b77, 
0x9b769b71, 0x9b7e9b76, 0x9b809b7e, 0x9b789b80, 0x9b729b78, 0x9b749b72, 0x9b7d9b74, 0x9b809b7d, 
0x9b7a9b80, 0x9b729b7a, 0x9b739b72, 0x9b7c9b73, 0x9b809b7c, 0x9b7b9b80, 0x9b739b7b, 0x9b739b73, 
0x9b7b9b73, 0x9b809b7b, 0x9b7c9b80, 0x9b749b7c, 0x9b729b74, 0x9b799b72, 0x9b809b79, 0x9b7d9b80, 
0x9b759b7d, 0x9b719b75, 0x9b789b71, 0x9b809b78, 0x9b7f9b80, 0x9b769b7f, 0x9b719b76, 0x9b779b71, 
0x9b7f9b77, 0x9b7f9b7f, 0x9b779b7f, 0x9b719b77, 0x9b759b71, 0x9b7e9b75, 0x9b809b7e, 0x9b789b80, 
0x9b719b78, 0x9b749b71, 0x9b7d9b74, 0x9b819b7d, 0x9b7a9b81, 0x9b729b7a, 0x9b739b72, 0x9b7c9b73, 
0x9b819b7c, 0x9b7b9b81, 0x9b729b7b, 0x9b729b72, 0x9b7b9b72, 0x9b819b7b, 0x9b7d9b81, 0x9b739b7d, 
0x9b719b73, 0x9b799b71, 0x9b819b79, 0x9b7e9b81, 0x9b749b7e, 0x9b719b74, 0x9b789b71, 0x9b809b78, 
0x9b7f9b80, 0x9b769b7f, 0x9b709b76, 0x9b769b70, 0x9b7f9b76, 0x9b809b7f, 0x9b779b80, 0x9b709b77, 
0x9b759b70, 0x9b7f9b75, 0x9b819b7f, 0x9b799b81, 0x9b719b79, 0x9b739b71, 0x9b7d9b73, 0x9b819b7d, 
0x9b7a9b81, 0x9b719b7a, 0x9b729b71, 0x9b7c9b72, 0x9b829b7c, 0x9b7c9b82, 0x9b729b7c, 0x9b719b72, 
0x9b7b9b71, 0x9b829b7b, 0x9b7d9b82, 0x9b739b7d, 0x9b709b73, 0x9b799b70, 0x9b819b79, 0x9b7f9b81, 
0x9b749b7f, 0x9b709b74, 0x9b779b70, 0x9b819b77, 0x9b809b81, 0x9b769b80, 0x9b709b76, 0x9b769b70, 
0x9b809b76, 0x9b819b80, 0x9b779b81, 0x9b709b77, 0x9b749b70, 0x9b7f9b74, 0x9b829b7f, 0x9b799b82, 
0x9b709b79, 0x9b739b70, 0x9b7e9b73, 0x9b829b7e, 0x9b7b9b82, 0x9b719b7b, 0x9b719b71, 0x9b7c9b71, 
0x9b839b7c, 0x9b7c9b83, 0x9b719b7c, 0x9b709b71, 0x9b7a9b70, 0x9b839b7a, 0x9b7e9b83, 0x9b739b7e, 
0x9b6f9b73, 0x9b799b6f, 0x9b829b79, 0x9b7f9b82, 0x9b749b7f, 0x9b6f9b74, 0x9b779b6f, 0x9b829b77, 
0x9b819b82, 0x9b759b81, 0x9b6e9b75, 0x9b759b6e, 0x9b819b75, 0x9b829b81, 0x9b779b82, 0x9b6f9b77, 
0x9b739b6f, 0x9b809b73, 0x9b839b80, 0x9b799b83, 0x9b6f9b79, 0x9b729b6f, 0x9b7e9b72, 0x9b849b7e, 
0x9b7b9b84, 0x9b709b7b, 0x9b709b70, 0x9b7c9b70, 0x9b849b7c, 0x9b7d9b84, 0x9b719b7d, 0x9b6f9b71, 
0x9b7a9b6f, 0x9b849b7a, 0x9b7f9b84, 0x9b729b7f, 0x9b6e9b72, 0x9b789b6e, 0x9b849b78, 0x9b819b84, 
0x9b739b81, 0x9b6d9b73, 0x9b769b6d, 0x9b839b76, 0x9b829b83, 0x9b759b82, 0x9b6d9b75, 0x9b749b6d, 
0x9b829b74, 0x9b849b82, 0x9b779b84, 0x9b6d9b77, 0x9b729b6d, 0x9b809b72, 0x9b859b80, 0x9b799b85, 
0x9b6d9b79, 0x9b709b6d, 0x9b7f9b70, 0x9b869b7f, 0x9b7c9b86, 0x9b6e9b7c, 0x9b6e9b6e, 0x9b7d9b6e, 
0x9b869b7d, 0x9b7e9b86, 0x9b6f9b7e, 0x9b6d9b6f, 0x9b7a9b6d, 0x9b869b7a, 0x9b809b86, 0x9b719b80, 
0x9b6c9b71, 0x9b789b6c, 0x9b869b78, 0x9b829b86, 0x9b739b82, 0x9b6b9b73, 0x9b769b6b, 0x9b859b76, 
0x9b849b85, 0x9b759b84, 0x9b6a9b75, 0x9b739b6a, 0x9b839b73, 0x9b869b83, 0x9b779b86, 0x9b6a9b77, 
0x9b709b6a, 0x9b829b70, 0x9b879b82, 0x9b7a9b87, 0x9b6b9b7a, 0x9b6e9b6b, 0x9b809b6e, 0x9b889b80, 
0x9b7d9b88, 0x9b6c9b7d, 0x9b6c9b6c, 0x9b7d9b6c, 0x9b899b7d, 0x9b809b89, 0x9b6d9b80, 0x9b6a9b6d, 
0x9b7a9b6a, 0x9b899b7a, 0x9b829b89, 0x9b6f9b82, 0x9b689b6f, 0x9b779b68, 0x9b899b77, 0x9b859b89, 
0x9b719b85, 0x9b679b71, 0x9b749b67, 0x9b889b74, 0x9b889b88, 0x9b749b88, 0x9b669b74, 0x9b719b66, 
0x9b869b71, 0x9b8a9b86, 0x9b779b8a, 0x9b669b77, 0x9b6e9b66, 0x9b849b6e, 0x9b8c9b84, 0x9b7b9b8c, 
0x9b679b7b, 0x9b6a9b67, 0x9b819b6a, 0x9b8d9b81, 0x9b7e9b8d, 0x9b689b7e, 0x9b679b68, 0x9b7e9b67, 
0x9b8e9b7e, 0x9b829b8e, 0x9b6a9b82, 0x9b659b6a, 0x9b7a9b65, 0x9b8f9b7a, 0x9b869b8f, 0x9b6c9b86, 
0x9b629b6c, 0x9b769b62, 0x9b8e9b76, 0x9b8a9b8e, 0x9b6f9b8a, 0x9b609b6f, 0x9b729b60, 0x9b8d9b72, 
0x9b8e9b8d, 0x9b739b8e, 0x9b5f9b73, 0x9b6d9b5f, 0x9b8b9b6d, 0x9b929b8b, 0x9b779b92, 0x9b5e9b77, 
0x9b689b5e, 0x9b889b68, 0x9b959b88, 0x9b7c9b95, 0x9b5f9b7c, 0x9b639b5f, 0x9b859b63, 0x9b979b85, 
0x9b829b97, 0x9b609b82, 0x9b5e9b60, 0x9b809b5e, 0x9b999b80, 0x9b889b99, 0x9b629b88, 0x9b599b62, 
0x9b7a9b59, 0x9b9b9b7a, 0x9b8f9b9b, 0x9b659b8f, 0x9b559b65, 0x9b749b55, 0x9b9b9b74, 0x9b969b9b, 
0x9b6a9b96, 0x9b509b6a, 0x9b6c9b50, 0x9b9a9b6c, 0x9b9d9b9a, 0x9b709b9d, 0x9b4d9b70, 0x9b639b4d, 
0x9b989b63, 0x9ba59b98, 0x9b779ba5, 0x9b4a9b77, 0x9b599b4a, 0x9b949b59, 0x9bad9b94, 0x9b819bad, 
0x9b479b81, 0x9b4e9b47, 0x9b8f9b4e, 0x9bb69b8f, 0x9b8d9bb6, 0x9b469b8d, 0x9b409b46, 0x9b869b40, 
0x9bbf9b86, 0x9b9c9bbf, 0x9b479b9c, 0x9b309b47, 0x9b7b9b30, 0x9bc89b7b, 0x9bb09bc8, 0x9b4a9bb0, 
0x9b1c9b4a, 0x9b6a9b1c, 0x9bd49b6a, 0x9bcb9bd4, 0x9b4f9bcb, 0x9b009b4f, 0x9b4f9b00, 0x9be39b4f, 
0x9bf69be3, 0x9b5b9bf6, 0x9ad39b5b, 0x9b219ad3, 0x9bfb9b21, 0x9c449bfb, 0x9b749c44, 0x9a769b74, 
0x9ab69a76, 0x9c379ab6, 0x9d249c37, 0x9bc49d24, 0x98f49bc4, 0x986a98f4, 0x9f49986a, 0x00009f49, 
},
// Table 1, base frequency 20.601722
{
0x763b0000, 0x5b55763b, 0x6a545b55, 0x609d6a54, 0x6734609d, 0x62c06734, 0x659e62c0, 0x63fc659e, 
0x64a163fc, 0x64c964a1, 0x63fc64c9, 0x654c63fc, 0x6395654c, 0x65996395, 0x63606599, 0x65ba6360, 
0x635265ba, 0x65b66352, 0x636565b6, 0x65966365, 0x63916596, 0x65616391, 0x63cd6561, 0x651f63cd, 
0x6413651f, 0x64d86413, 0x645964d8, 0x64936459, 0x649b6493, 0x6456649b, 0x64d26456, 0x642664d2, 
0x64fb6426, 0x640564fb, 0x65136405, 0x63f56513, 0x651b63f5, 0x63f6651b, 0x651263f6, 0x64066512, 
0x64fc6406, 0x642164fc, 0x64dc6421, 0x644564dc, 0x64b66445, 0x646c64b6, 0x648e646c, 0x6493648e, 
0x64696493, 0x64b66469, 0x644a64b6, 0x64d1644a, 0x643364d1, 0x64e26433, 0x642764e2, 0x64e96427, 
0x642664e9, 0x64e56426, 0x642f64e5, 0x64d7642f, 0x644164d7, 0x64c26441, 0x645964c2, 0x64a86459, 
0x647464a8, 0x648c6474, 0x6490648c, 0x64716490, 0x64a96471, 0x645a64a9, 0x64be645a, 0x644964be, 
0x64cb6449, 0x644064cb, 0x64d16440, 0x643e64d1, 0x64ce643e, 0x644464ce, 0x64c46444, 0x645264c4, 
0x64b46452, 0x646464b4, 0x64a06464, 0x647964a0, 0x648b6479, 0x648f648b, 0x6475648f, 0x64a26475, 
0x646364a2, 0x64b36463, 0x645664b3, 0x64bd6456, 0x644e64bd, 0x64c2644e, 0x644c64c2, 0x64c0644c, 
0x645164c0, 0x64b86451, 0x645c64b8, 0x64ac645c, 0x646b64ac, 0x649b646b, 0x647c649b, 0x648a647c, 
0x648e648a, 0x6478648e, 0x649e6478, 0x6469649e, 0x64ab6469, 0x645e64ab, 0x64b5645e, 0x645764b5, 
0x64b86457, 0x645664b8, 0x64b76456, 0x645a64b7, 0x64b0645a, 0x646364b0, 0x64a66463, 0x646f64a6, 
0x6498646f, 0x647e6498, 0x6489647e, 0x648d6489, 0x647a648d, 0x649b647a, 0x646d649b, 0x64a6646d, 
0x646364a6, 0x64ae6463, 0x645e64ae, 0x64b2645e, 0x645d64b2, 0x64b0645d, 0x646064b0, 0x64ab6460, 
0x646864ab, 0x64a26468, 0x647264a2, 0x64966472, 0x647f6496, 0x6489647f, 0x648c6489, 0x647c648c, 
0x6499647c, 0x64706499, 0x64a36470, 0x646864a3, 0x64aa6468, 0x646364aa, 0x64ad6463, 0x646264ad, 
0x64ac6462, 0x646564ac, 0x64a76465, 0x646b64a7, 0x649e646b, 0x6475649e, 0x64946475, 0x64806494, 
0x64886480, 0x648c6488, 0x647d648c, 0x6497647d, 0x64736497, 0x64a06473, 0x646b64a0, 0x64a6646b, 
0x646664a6, 0x64a96466, 0x646564a9, 0x64a86465, 0x646864a8, 0x64a36468, 0x646e64a3, 0x649c646e, 
0x6477649c, 0x64926477, 0x64816492, 0x64886481, 0x648c6488, 0x647d648c, 0x6496647d, 0x64746496, 
0x649e6474, 0x646d649e, 0x64a3646d, 0x646964a3, 0x64a66469, 0x646964a6, 0x64a56469, 0x646b64a5, 
0x64a1646b, 0x647164a1, 0x649a6471, 0x6478649a, 0x64916478, 0x64826491, 0x64886482, 0x648b6488, 
0x647e648b, 0x6495647e, 0x64766495, 0x649c6476, 0x646f649c, 0x64a1646f, 0x646c64a1, 0x64a3646c, 
0x646b64a3, 0x64a2646b, 0x646d64a2, 0x649f646d, 0x6472649f, 0x64986472, 0x647a6498, 0x6490647a, 
0x64826490, 0x64876482, 0x648b6487, 0x647f648b, 0x6494647f, 0x64776494, 0x649b6477, 0x6471649b, 
0x649f6471, 0x646e649f, 0x64a1646e, 0x646d64a1, 0x64a1646d, 0x646f64a1, 0x649d646f, 0x6474649d, 
0x64976474, 0x647b6497, 0x6490647b, 0x64836490, 0x64876483, 0x648b6487, 0x647f648b, 0x6493647f, 
0x64786493, 0x64996478, 0x64726499, 0x649e6472, 0x646f649e, 0x64a0646f, 0x646f64a0, 0x649f646f, 
0x6471649f, 0x649c6471, 0x6475649c, 0x64966475, 0x647c6496, 0x648f647c, 0x6483648f, 0x64876483, 
0x648b6487, 0x647f648b, 0x6492647f, 0x64796492, 0x64986479, 0x64736498, 0x649d6473, 0x6471649d, 
0x649e6471, 0x6470649e, 0x649e6470, 0x6472649e, 0x649a6472, 0x6476649a, 0x64956476, 0x647c6495, 
0x648e647c, 0x6484648e, 0x64876484, 0x648b6487, 0x6480648b, 0x64926480, 0x64796492, 0x64986479, 
0x64746498, 0x649c6474, 0x6472649c, 0x649d6472, 0x6471649d, 0x649c6471, 0x6473649c, 0x64996473, 
0x64776499, 0x64946477, 0x647d6494, 0x648e647d, 0x6484648e, 0x64876484, 0x648b6487, 0x6480648b, 
0x64926480, 0x647a6492, 0x6497647a, 0x64756497, 0x649b6475, 0x6473649b, 0x649c6473, 0x6472649c, 
0x649b6472, 0x6474649b, 0x64986474, 0x64786498, 0x64946478, 0x647e6494, 0x648e647e, 0x6484648e, 
0x64876484, 0x648b6487, 0x6480648b, 0x64916480, 0x647a6491, 0x6496647a, 0x64766496, 0x649a6476, 
0x6473649a, 0x649b6473, 0x6473649b, 0x649b6473, 0x6475649b, 0x64986475, 0x64796498, 0x64936479, 
0x647e6493, 0x648d647e, 0x6484648d, 0x64876484, 0x648b6487, 0x6480648b, 0x64916480, 0x647b6491, 
0x6496647b, 0x64766496, 0x64996476, 0x64746499, 0x649b6474, 0x6474649b, 0x649a6474, 0x6476649a, 
0x64976476, 0x64796497, 0x64936479, 0x647e6493, 0x648d647e, 0x6485648d, 0x64876485, 0x648b6487, 
0x6480648b, 0x64916480, 0x647b6491, 0x6496647b, 0x64776496, 0x64996477, 0x64756499, 0x649a6475, 
0x6474649a, 0x64996474, 0x64766499, 0x64976476, 0x647a6497, 0x6492647a, 0x647f6492, 0x648d647f, 
0x6485648d, 0x64866485, 0x648b6486, 0x6480648b, 0x64916480, 0x647b6491, 0x6495647b, 0x64776495, 
0x64986477, 0x64756498, 0x649a6475, 0x6475649a, 0x64996475, 0x64776499, 0x64966477, 0x647a6496, 
0x6492647a, 0x647f6492, 0x648c647f, 0x6485648c, 0x64866485, 0x648b6486, 0x6481648b, 0x64906481, 
0x647b6490, 0x6495647b, 0x64786495, 0x64986478, 0x64766498, 0x64996476, 0x64756499, 0x64986475, 
0x64776498, 0x64966477, 0x647b6496, 0x6491647b, 0x647f6491, 0x648c647f, 0x6485648c, 0x64866485, 
0x648b6486, 0x6481648b, 0x64906481, 0x647c6490, 0x6495647c, 0x64786495, 0x64986478, 0x64766498, 
0x64996476, 0x64766499, 0x64986476, 0x64776498, 0x64956477, 0x647b6495, 0x6491647b, 0x64806491, 
0x648c6480, 0x6485648c, 0x64866485, 0x648b6486, 0x6481648b, 0x64906481, 0x647c6490, 0x6495647c, 
0x64786495, 0x64976478, 0x64766497, 0x64986476, 0x64766498, 0x64986476, 0x64786498, 0x64956478, 
0x647b6495, 0x6491647b, 0x64806491, 0x648c6480, 0x6485648c, 0x64866485, 0x648b6486, 0x6481648b, 
0x64906481, 0x647c6490, 0x6494647c, 0x64786494, 0x64976478, 0x64766497, 0x64986476, 0x64766498, 
0x64976476, 0x64786497, 0x64956478, 0x647b6495, 0x6491647b, 0x64806491, 0x648c6480, 0x6485648c, 
0x64866485, 0x648b6486, 0x6481648b, 0x64906481, 0x647c6490, 0x6494647c, 0x64786494, 0x64976478, 
0x64766497, 0x64986476, 0x64766498, 0x64976476, 0x64786497, 0x64956478, 0x647c6495, 0x6491647c, 
0x64806491, 0x648b6480, 0x6486648b, 0x64866486, 0x648b6486, 0x6480648b, 0x64906480, 0x647c6490, 
0x6494647c, 0x64786494, 0x64976478, 0x64766497, 0x64986476, 0x64766498, 0x64976476, 0x64786497, 
0x64956478, 0x647c6495, 0x6490647c, 0x64806490, 0x648b6480, 0x6486648b, 0x64866486, 0x648b6486, 
0x6480648b, 0x64906480, 0x647c6490, 0x6494647c, 0x64786494, 0x64976478, 0x64766497, 0x64986476, 
0x64766498, 0x64976476, 0x64786497, 0x64946478, 0x647c6494, 0x6490647c, 0x64806490, 0x648b6480, 
0x6486648b, 0x64866486, 0x648b6486, 0x6480648b, 0x64906480, 0x647c6490, 0x6495647c, 0x64786495, 
0x64976478, 0x64766497, 0x64986476, 0x64766498, 0x64976476, 0x64786497, 0x64946478, 0x647c6494, 
0x6490647c, 0x64806490, 0x648b6480, 0x6486648b, 0x64866486, 0x648b6486, 0x6480648b, 0x64916480, 
0x647c6491, 0x6495647c, 0x64786495, 0x64976478, 0x64766497, 0x64986476, 0x64766498, 0x64976476, 
0x64786497, 0x64946478, 0x647c6494, 0x6490647c, 0x64816490, 0x648b6481, 0x6486648b, 0x64856486, 
0x648c6485, 0x6480648c, 0x64916480, 0x647b6491, 0x6495647b, 0x64786495, 0x64976478, 0x64766497, 
0x64986476, 0x64766498, 0x64976476, 0x64786497, 0x64946478, 0x647c6494, 0x6490647c, 0x64816490, 
0x648b6481, 0x6486648b, 0x64856486, 0x648c6485, 0x6480648c, 0x64916480, 0x647b6491, 0x6495647b, 
0x64786495, 0x64986478, 0x64766498, 0x64986476, 0x64766498, 0x64976476, 0x64786497, 0x64956478, 
0x647c6495, 0x6490647c, 0x64816490, 0x648b6481, 0x6486648b, 0x64856486, 0x648c6485, 0x6480648c, 
0x64916480, 0x647b6491, 0x6495647b, 0x64776495, 0x64986477, 0x64766498, 0x64996476, 0x64766499, 
0x64986476, 0x64786498, 0x64956478, 0x647c6495, 0x6490647c, 0x64816490, 0x648b6481, 0x6486648b, 
0x64856486, 0x648c6485, 0x647f648c, 0x6491647f, 0x647b6491, 0x6496647b, 0x64776496, 0x64986477, 
0x64756498, 0x64996475, 0x64766499, 0x64986476, 0x64786498, 0x64956478, 0x647b6495, 0x6490647b, 
0x64816490, 0x648b6481, 0x6486648b, 0x64856486, 0x648c6485, 0x647f648c, 0x6492647f, 0x647a6492, 
0x6496647a, 0x64776496, 0x64996477, 0x64756499, 0x649a6475, 0x6475649a, 0x64986475, 0x64776498, 
0x64956477, 0x647b6495, 0x6491647b, 0x64806491, 0x648b6480, 0x6486648b, 0x64856486, 0x648d6485, 
0x647f648d, 0x6492647f, 0x647a6492, 0x6497647a, 0x64766497, 0x64996476, 0x64746499, 0x649a6474, 
0x6475649a, 0x64996475, 0x64776499, 0x64966477, 0x647b6496, 0x6491647b, 0x64806491, 0x648b6480, 
0x6487648b, 0x64856487, 0x648d6485, 0x647e648d, 0x6493647e, 0x64796493, 0x64976479, 0x64766497, 
0x649a6476, 0x6474649a, 0x649b6474, 0x6474649b, 0x64996474, 0x64766499, 0x64966476, 0x647b6496, 
0x6491647b, 0x64806491, 0x648b6480, 0x6487648b, 0x64846487, 0x648d6484, 0x647e648d, 0x6493647e, 
0x64796493, 0x64986479, 0x64756498, 0x649b6475, 0x6473649b, 0x649b6473, 0x6473649b, 0x649a6473, 
0x6476649a, 0x64966476, 0x647a6496, 0x6491647a, 0x64806491, 0x648b6480, 0x6487648b, 0x64846487, 
0x648e6484, 0x647e648e, 0x6494647e, 0x64786494, 0x64986478, 0x64746498, 0x649b6474, 0x6472649b, 
0x649c6472, 0x6473649c, 0x649b6473, 0x6475649b, 0x64976475, 0x647a6497, 0x6492647a, 0x64806492, 
0x648b6480, 0x6487648b, 0x64846487, 0x648e6484, 0x647d648e, 0x6494647d, 0x64776494, 0x64996477, 
0x64736499, 0x649c6473, 0x6471649c, 0x649d6471, 0x6472649d, 0x649c6472, 0x6474649c, 0x64986474, 
0x64796498, 0x64926479, 0x64806492, 0x648b6480, 0x6487648b, 0x64846487, 0x648e6484, 0x647c648e, 
0x6495647c, 0x64766495, 0x649a6476, 0x6472649a, 0x649e6472, 0x6470649e, 0x649e6470, 0x6471649e, 
0x649d6471, 0x6473649d, 0x64986473, 0x64796498, 0x64926479, 0x647f6492, 0x648b647f, 0x6487648b, 
0x64836487, 0x648f6483, 0x647c648f, 0x6496647c, 0x64756496, 0x649c6475, 0x6471649c, 0x649f6471, 
0x646f649f, 0x64a0646f, 0x646f64a0, 0x649e646f, 0x6472649e, 0x64996472, 0x64786499, 0x64936478, 
0x647f6493, 0x648b647f, 0x6487648b, 0x64836487, 0x64906483, 0x647b6490, 0x6497647b, 0x64746497, 
0x649d6474, 0x646f649d, 0x64a1646f, 0x646d64a1, 0x64a1646d, 0x646e64a1, 0x649f646e, 0x6471649f, 
0x649b6471, 0x6477649b, 0x64946477, 0x647f6494, 0x648b647f, 0x6487648b, 0x64826487, 0x64906482, 
0x647a6490, 0x6498647a, 0x64726498, 0x649f6472, 0x646d649f, 0x64a2646d, 0x646b64a2, 0x64a3646b, 
0x646c64a3, 0x64a1646c, 0x646f64a1, 0x649c646f, 0x6476649c, 0x64956476, 0x647e6495, 0x648b647e, 
0x6488648b, 0x64826488, 0x64916482, 0x64786491, 0x649a6478, 0x6471649a, 0x64a16471, 0x646b64a1, 
0x64a5646b, 0x646964a5, 0x64a66469, 0x646964a6, 0x64a36469, 0x646d64a3, 0x649e646d, 0x6474649e, 
0x64966474, 0x647d6496, 0x648c647d, 0x6488648c, 0x64816488, 0x64926481, 0x64776492, 0x649c6477, 
0x646e649c, 0x64a3646e, 0x646864a3, 0x64a86468, 0x646564a8, 0x64a96465, 0x646664a9, 0x64a66466, 
0x646b64a6, 0x64a0646b, 0x647364a0, 0x64976473, 0x647d6497, 0x648c647d, 0x6488648c, 0x64806488, 
0x64946480, 0x64756494, 0x649e6475, 0x646b649e, 0x64a7646b, 0x646564a7, 0x64ac6465, 0x646264ac, 
0x64ad6462, 0x646364ad, 0x64aa6463, 0x646864aa, 0x64a36468, 0x647064a3, 0x64996470, 0x647c6499, 
0x648c647c, 0x6489648c, 0x647f6489, 0x6496647f, 0x64726496, 0x64a26472, 0x646864a2, 0x64ab6468, 
0x646064ab, 0x64b06460, 0x645d64b0, 0x64b2645d, 0x645e64b2, 0x64ae645e, 0x646364ae, 0x64a66463, 
0x646d64a6, 0x649b646d, 0x647a649b, 0x648d647a, 0x6489648d, 0x647e6489, 0x6498647e, 0x646f6498, 
0x64a6646f, 0x646364a6, 0x64b06463, 0x645a64b0, 0x64b7645a, 0x645664b7, 0x64b86456, 0x645764b8, 
0x64b56457, 0x645e64b5, 0x64ab645e, 0x646964ab, 0x649e6469, 0x6478649e, 0x648e6478, 0x648a648e, 
0x647c648a, 0x649b647c, 0x646b649b, 0x64ac646b, 0x645c64ac, 0x64b8645c, 0x645164b8, 0x64c06451, 
0x644c64c0, 0x64c2644c, 0x644e64c2, 0x64bd644e, 0x645664bd, 0x64b36456, 0x646364b3, 0x64a26463, 
0x647564a2, 0x648f6475, 0x648b648f, 0x6479648b, 0x64a06479, 0x646464a0, 0x64b46464, 0x645264b4, 
0x64c46452, 0x644464c4, 0x64ce6444, 0x643e64ce, 0x64d1643e, 0x644064d1, 0x64cb6440, 0x644964cb, 
0x64be6449, 0x645a64be, 0x64a9645a, 0x647164a9, 0x64906471, 0x648c6490, 0x6474648c, 0x64a86474, 
0x645964a8, 0x64c26459, 0x644164c2, 0x64d76441, 0x642f64d7, 0x64e5642f, 0x642664e5, 0x64e96426, 
0x642764e9, 0x64e26427, 0x643364e2, 0x64d16433, 0x644a64d1, 0x64b6644a, 0x646964b6, 0x64936469, 
0x648e6493, 0x646c648e, 0x64b6646c, 0x644564b6, 0x64dc6445, 0x642164dc, 0x64fc6421, 0x640664fc, 
0x65126406, 0x63f66512, 0x651b63f6, 0x63f5651b, 0x651363f5, 0x64056513, 0x64fb6405, 0x642664fb, 
0x64d26426, 0x645664d2, 0x649b6456, 0x6493649b, 0x64596493, 0x64d86459, 0x641364d8, 0x651f6413, 
0x63cd651f, 0x656163cd, 0x63916561, 0x65966391, 0x63656596, 0x65b66365, 0x635265b6, 0x65ba6352, 
0x636065ba, 0x65996360, 0x63956599, 0x654c6395, 0x63fc654c, 0x64c963fc, 0x64a164c9, 0x63fc64a1, 
0x659e63fc, 0x62c0659e, 0x673462c0, 0x609d6734, 0x6a54609d, 0x5b556a54, 0x763b5b55, 0x0000763b, 
0x89c50000, 0xa4ab89c5, 0x95aca4ab, 0x9f6395ac, 0x98cc9f63, 0x9d4098cc, 0x9a629d40, 0x9c049a62, 
0x9b5f9c04, 0x9b379b5f, 0x9c049b37, 0x9ab49c04, 0x9c6b9ab4, 0x9a679c6b, 0x9ca09a67, 0x9a469ca0, 
0x9cae9a46, 0x9a4a9cae, 0x9c9b9a4a, 0x9a6a9c9b, 0x9c6f9a6a, 0x9a9f9c6f, 0x9c339a9f, 0x9ae19c33, 
0x9bed9ae1, 0x9b289bed, 0x9ba79b28, 0x9b6d9ba7, 0x9b659b6d, 0x9baa9b65, 0x9b2e9baa, 0x9bda9b2e, 
0x9b059bda, 0x9bfb9b05, 0x9aed9bfb, 0x9c0b9aed, 0x9ae59c0b, 0x9c0a9ae5, 0x9aee9c0a, 0x9bfa9aee, 
0x9b049bfa, 0x9bdf9b04, 0x9b249bdf, 0x9bbb9b24, 0x9b4a9bbb, 0x9b949b4a, 0x9b729b94, 0x9b6d9b72, 
0x9b979b6d, 0x9b4a9b97, 0x9bb69b4a, 0x9b2f9bb6, 0x9bcd9b2f, 0x9b1e9bcd, 0x9bd99b1e, 0x9b179bd9, 
0x9bda9b17, 0x9b1b9bda, 0x9bd19b1b, 0x9b299bd1, 0x9bbf9b29, 0x9b3e9bbf, 0x9ba79b3e, 0x9b589ba7, 
0x9b8c9b58, 0x9b749b8c, 0x9b709b74, 0x9b8f9b70, 0x9b579b8f, 0x9ba69b57, 0x9b429ba6, 0x9bb79b42, 
0x9b359bb7, 0x9bc09b35, 0x9b2f9bc0, 0x9bc29b2f, 0x9b329bc2, 0x9bbc9b32, 0x9b3c9bbc, 0x9bae9b3c, 
0x9b4c9bae, 0x9b9c9b4c, 0x9b609b9c, 0x9b879b60, 0x9b759b87, 0x9b719b75, 0x9b8b9b71, 0x9b5e9b8b, 
0x9b9d9b5e, 0x9b4d9b9d, 0x9baa9b4d, 0x9b439baa, 0x9bb29b43, 0x9b3e9bb2, 0x9bb49b3e, 0x9b409bb4, 
0x9baf9b40, 0x9b489baf, 0x9ba49b48, 0x9b549ba4, 0x9b959b54, 0x9b659b95, 0x9b849b65, 0x9b769b84, 
0x9b729b76, 0x9b889b72, 0x9b629b88, 0x9b979b62, 0x9b559b97, 0x9ba29b55, 0x9b4b9ba2, 0x9ba99b4b, 
0x9b489ba9, 0x9baa9b48, 0x9b499baa, 0x9ba69b49, 0x9b509ba6, 0x9b9d9b50, 0x9b5a9b9d, 0x9b919b5a, 
0x9b689b91, 0x9b829b68, 0x9b779b82, 0x9b739b77, 0x9b869b73, 0x9b659b86, 0x9b939b65, 0x9b5a9b93, 
0x9b9d9b5a, 0x9b529b9d, 0x9ba29b52, 0x9b4e9ba2, 0x9ba39b4e, 0x9b509ba3, 0x9ba09b50, 0x9b559ba0, 
0x9b989b55, 0x9b5e9b98, 0x9b8e9b5e, 0x9b6a9b8e, 0x9b819b6a, 0x9b779b81, 0x9b749b77, 0x9b849b74, 
0x9b679b84, 0x9b909b67, 0x9b5d9b90, 0x9b989b5d, 0x9b569b98, 0x9b9d9b56, 0x9b539b9d, 0x9b9e9b53, 
0x9b549b9e, 0x9b9b9b54, 0x9b599b9b, 0x9b959b59, 0x9b629b95, 0x9b8b9b62, 0x9b6c9b8b, 0x9b809b6c, 
0x9b789b80, 0x9b749b78, 0x9b839b74, 0x9b699b83, 0x9b8d9b69, 0x9b609b8d, 0x9b959b60, 0x9b5a9b95, 
0x9b9a9b5a, 0x9b579b9a, 0x9b9b9b57, 0x9b589b9b, 0x9b989b58, 0x9b5d9b98, 0x9b929b5d, 0x9b649b92, 
0x9b899b64, 0x9b6e9b89, 0x9b7f9b6e, 0x9b789b7f, 0x9b749b78, 0x9b839b74, 0x9b6a9b83, 0x9b8c9b6a, 
0x9b629b8c, 0x9b939b62, 0x9b5d9b93, 0x9b979b5d, 0x9b5a9b97, 0x9b979b5a, 0x9b5b9b97, 0x9b959b5b, 
0x9b5f9b95, 0x9b8f9b5f, 0x9b669b8f, 0x9b889b66, 0x9b6f9b88, 0x9b7e9b6f, 0x9b789b7e, 0x9b759b78, 
0x9b829b75, 0x9b6b9b82, 0x9b8a9b6b, 0x9b649b8a, 0x9b919b64, 0x9b5f9b91, 0x9b949b5f, 0x9b5d9b94, 
0x9b959b5d, 0x9b5e9b95, 0x9b939b5e, 0x9b619b93, 0x9b8e9b61, 0x9b689b8e, 0x9b869b68, 0x9b709b86, 
0x9b7e9b70, 0x9b799b7e, 0x9b759b79, 0x9b819b75, 0x9b6c9b81, 0x9b899b6c, 0x9b659b89, 0x9b8f9b65, 
0x9b619b8f, 0x9b929b61, 0x9b5f9b92, 0x9b939b5f, 0x9b5f9b93, 0x9b919b5f, 0x9b639b91, 0x9b8c9b63, 
0x9b699b8c, 0x9b859b69, 0x9b709b85, 0x9b7d9b70, 0x9b799b7d, 0x9b759b79, 0x9b819b75, 0x9b6d9b81, 
0x9b889b6d, 0x9b679b88, 0x9b8e9b67, 0x9b629b8e, 0x9b919b62, 0x9b609b91, 0x9b919b60, 0x9b619b91, 
0x9b8f9b61, 0x9b649b8f, 0x9b8b9b64, 0x9b6a9b8b, 0x9b849b6a, 0x9b719b84, 0x9b7d9b71, 0x9b799b7d, 
0x9b759b79, 0x9b819b75, 0x9b6e9b81, 0x9b879b6e, 0x9b689b87, 0x9b8d9b68, 0x9b639b8d, 0x9b8f9b63, 
0x9b629b8f, 0x9b909b62, 0x9b629b90, 0x9b8e9b62, 0x9b669b8e, 0x9b8a9b66, 0x9b6b9b8a, 0x9b849b6b, 
0x9b729b84, 0x9b7c9b72, 0x9b799b7c, 0x9b759b79, 0x9b809b75, 0x9b6e9b80, 0x9b879b6e, 0x9b689b87, 
0x9b8c9b68, 0x9b649b8c, 0x9b8e9b64, 0x9b639b8e, 0x9b8f9b63, 0x9b649b8f, 0x9b8d9b64, 0x9b679b8d, 
0x9b899b67, 0x9b6c9b89, 0x9b839b6c, 0x9b729b83, 0x9b7c9b72, 0x9b799b7c, 0x9b759b79, 0x9b809b75, 
0x9b6e9b80, 0x9b869b6e, 0x9b699b86, 0x9b8b9b69, 0x9b659b8b, 0x9b8d9b65, 0x9b649b8d, 0x9b8e9b64, 
0x9b659b8e, 0x9b8c9b65, 0x9b689b8c, 0x9b889b68, 0x9b6c9b88, 0x9b829b6c, 0x9b729b82, 0x9b7c9b72, 
0x9b799b7c, 0x9b759b79, 0x9b809b75, 0x9b6f9b80, 0x9b869b6f, 0x9b6a9b86, 0x9b8a9b6a, 0x9b669b8a, 
0x9b8d9b66, 0x9b659b8d, 0x9b8d9b65, 0x9b659b8d, 0x9b8b9b65, 0x9b689b8b, 0x9b879b68, 0x9b6d9b87, 
0x9b829b6d, 0x9b739b82, 0x9b7c9b73, 0x9b799b7c, 0x9b759b79, 0x9b809b75, 0x9b6f9b80, 0x9b859b6f, 
0x9b6a9b85, 0x9b8a9b6a, 0x9b679b8a, 0x9b8c9b67, 0x9b659b8c, 0x9b8c9b65, 0x9b669b8c, 0x9b8a9b66, 
0x9b699b8a, 0x9b879b69, 0x9b6d9b87, 0x9b829b6d, 0x9b739b82, 0x9b7b9b73, 0x9b799b7b, 0x9b759b79, 
0x9b809b75, 0x9b6f9b80, 0x9b859b6f, 0x9b6a9b85, 0x9b899b6a, 0x9b679b89, 0x9b8b9b67, 0x9b669b8b, 
0x9b8c9b66, 0x9b679b8c, 0x9b8a9b67, 0x9b699b8a, 0x9b869b69, 0x9b6e9b86, 0x9b819b6e, 0x9b739b81, 
0x9b7b9b73, 0x9b7a9b7b, 0x9b759b7a, 0x9b809b75, 0x9b6f9b80, 0x9b859b6f, 0x9b6b9b85, 0x9b899b6b, 
0x9b689b89, 0x9b8b9b68, 0x9b669b8b, 0x9b8b9b66, 0x9b679b8b, 0x9b899b67, 0x9b6a9b89, 0x9b869b6a, 
0x9b6e9b86, 0x9b819b6e, 0x9b749b81, 0x9b7b9b74, 0x9b7a9b7b, 0x9b759b7a, 0x9b7f9b75, 0x9b709b7f, 
0x9b859b70, 0x9b6b9b85, 0x9b889b6b, 0x9b689b88, 0x9b8a9b68, 0x9b679b8a, 0x9b8b9b67, 0x9b689b8b, 
0x9b899b68, 0x9b6a9b89, 0x9b859b6a, 0x9b6f9b85, 0x9b819b6f, 0x9b749b81, 0x9b7b9b74, 0x9b7a9b7b, 
0x9b759b7a, 0x9b7f9b75, 0x9b709b7f, 0x9b849b70, 0x9b6b9b84, 0x9b889b6b, 0x9b689b88, 0x9b8a9b68, 
0x9b679b8a, 0x9b8a9b67, 0x9b689b8a, 0x9b899b68, 0x9b6b9b89, 0x9b859b6b, 0x9b6f9b85, 0x9b809b6f, 
0x9b749b80, 0x9b7b9b74, 0x9b7a9b7b, 0x9b759b7a, 0x9b7f9b75, 0x9b709b7f, 0x9b849b70, 0x9b6b9b84, 
0x9b889b6b, 0x9b699b88, 0x9b8a9b69, 0x9b689b8a, 0x9b8a9b68, 0x9b689b8a, 0x9b889b68, 0x9b6b9b88, 
0x9b859b6b, 0x9b6f9b85, 0x9b809b6f, 0x9b749b80, 0x9b7b9b74, 0x9b7a9b7b, 0x9b759b7a, 0x9b7f9b75, 
0x9b709b7f, 0x9b849b70, 0x9b6c9b84, 0x9b889b6c, 0x9b699b88, 0x9b8a9b69, 0x9b689b8a, 0x9b8a9b68, 
0x9b699b8a, 0x9b889b69, 0x9b6b9b88, 0x9b859b6b, 0x9b6f9b85, 0x9b809b6f, 0x9b749b80, 0x9b7b9b74, 
0x9b7a9b7b, 0x9b759b7a, 0x9b7f9b75, 0x9b709b7f, 0x9b849b70, 0x9b6c9b84, 0x9b889b6c, 0x9b699b88, 
0x9b8a9b69, 0x9b689b8a, 0x9b8a9b68, 0x9b699b8a, 0x9b889b69, 0x9b6b9b88, 0x9b849b6b, 0x9b6f9b84, 
0x9b809b6f, 0x9b759b80, 0x9b7a9b75, 0x9b7a9b7a, 0x9b759b7a, 0x9b809b75, 0x9b709b80, 0x9b849b70, 
0x9b6c9b84, 0x9b889b6c, 0x9b699b88, 0x9b8a9b69, 0x9b689b8a, 0x9b8a9b68, 0x9b699b8a, 0x9b889b69, 
0x9b6b9b88, 0x9b849b6b, 0x9b709b84, 0x9b809b70, 0x9b759b80, 0x9b7a9b75, 0x9b7a9b7a, 0x9b759b7a, 
0x9b809b75, 0x9b709b80, 0x9b849b70, 0x9b6c9b84, 0x9b889b6c, 0x9b699b88, 0x9b8a9b69, 0x9b689b8a, 
0x9b8a9b68, 0x9b699b8a, 0x9b889b69, 0x9b6c9b88, 0x9b849b6c, 0x9b709b84, 0x9b809b70, 0x9b759b80, 
0x9b7a9b75, 0x9b7a9b7a, 0x9b759b7a, 0x9b809b75, 0x9b709b80, 0x9b849b70, 0x9b6b9b84, 0x9b889b6b, 
0x9b699b88, 0x9b8a9b69, 0x9b689b8a, 0x9b8a9b68, 0x9b699b8a, 0x9b889b69, 0x9b6c9b88, 0x9b849b6c, 
0x9b709b84, 0x9b809b70, 0x9b759b80, 0x9b7a9b75, 0x9b7a9b7a, 0x9b759b7a, 0x9b809b75, 0x9b6f9b80, 
0x9b849b6f, 0x9b6b9b84, 0x9b889b6b, 0x9b699b88, 0x9b8a9b69, 0x9b689b8a, 0x9b8a9b68, 0x9b699b8a, 
0x9b889b69, 0x9b6c9b88, 0x9b849b6c, 0x9b709b84, 0x9b7f9b70, 0x9b759b7f, 0x9b7a9b75, 0x9b7b9b7a, 
0x9b749b7b, 0x9b809b74, 0x9b6f9b80, 0x9b859b6f, 0x9b6b9b85, 0x9b889b6b, 0x9b699b88, 0x9b8a9b69, 
0x9b689b8a, 0x9b8a9b68, 0x9b699b8a, 0x9b889b69, 0x9b6c9b88, 0x9b849b6c, 0x9b709b84, 0x9b7f9b70, 
0x9b759b7f, 0x9b7a9b75, 0x9b7b9b7a, 0x9b749b7b, 0x9b809b74, 0x9b6f9b80, 0x9b859b6f, 0x9b6b9b85, 
0x9b889b6b, 0x9b689b88, 0x9b8a9b68, 0x9b689b8a, 0x9b8a9b68, 0x9b699b8a, 0x9b889b69, 0x9b6b9b88, 
0x9b849b6b, 0x9b709b84, 0x9b7f9b70, 0x9b759b7f, 0x9b7a9b75, 0x9b7b9b7a, 0x9b749b7b, 0x9b809b74, 
0x9b6f9b80, 0x9b859b6f, 0x9b6b9b85, 0x9b899b6b, 0x9b689b89, 0x9b8a9b68, 0x9b679b8a, 0x9b8a9b67, 
0x9b689b8a, 0x9b889b68, 0x9b6b9b88, 0x9b849b6b, 0x9b709b84, 0x9b7f9b70, 0x9b759b7f, 0x9b7a9b75, 
0x9b7b9b7a, 0x9b749b7b, 0x9b819b74, 0x9b6f9b81, 0x9b859b6f, 0x9b6a9b85, 0x9b899b6a, 0x9b689b89, 
0x9b8b9b68, 0x9b679b8b, 0x9b8a9b67, 0x9b689b8a, 0x9b889b68, 0x9b6b9b88, 0x9b859b6b, 0x9b709b85, 
0x9b7f9b70, 0x9b759b7f, 0x9b7a9b75, 0x9b7b9b7a, 0x9b749b7b, 0x9b819b74, 0x9b6e9b81, 0x9b869b6e, 
0x9b6a9b86, 0x9b899b6a, 0x9b679b89, 0x9b8b9b67, 0x9b669b8b, 0x9b8b9b66, 0x9b689b8b, 0x9b899b68, 
0x9b6b9b89, 0x9b859b6b, 0x9b6f9b85, 0x9b809b6f, 0x9b759b80, 0x9b7a9b75, 0x9b7b9b7a, 0x9b739b7b, 
0x9b819b73, 0x9b6e9b81, 0x9b869b6e, 0x9b699b86, 0x9b8a9b69, 0x9b679b8a, 0x9b8c9b67, 0x9b669b8c, 
0x9b8b9b66, 0x9b679b8b, 0x9b899b67, 0x9b6a9b89, 0x9b859b6a, 0x9b6f9b85, 0x9b809b6f, 0x9b759b80, 
0x9b799b75, 0x9b7b9b79, 0x9b739b7b, 0x9b829b73, 0x9b6d9b82, 0x9b879b6d, 0x9b699b87, 0x9b8a9b69, 
0x9b669b8a, 0x9b8c9b66, 0x9b659b8c, 0x9b8c9b65, 0x9b679b8c, 0x9b8a9b67, 0x9b6a9b8a, 0x9b859b6a, 
0x9b6f9b85, 0x9b809b6f, 0x9b759b80, 0x9b799b75, 0x9b7c9b79, 0x9b739b7c, 0x9b829b73, 0x9b6d9b82, 
0x9b879b6d, 0x9b689b87, 0x9b8b9b68, 0x9b659b8b, 0x9b8d9b65, 0x9b659b8d, 0x9b8d9b65, 0x9b669b8d, 
0x9b8a9b66, 0x9b6a9b8a, 0x9b869b6a, 0x9b6f9b86, 0x9b809b6f, 0x9b759b80, 0x9b799b75, 0x9b7c9b79, 
0x9b729b7c, 0x9b829b72, 0x9b6c9b82, 0x9b889b6c, 0x9b689b88, 0x9b8c9b68, 0x9b659b8c, 0x9b8e9b65, 
0x9b649b8e, 0x9b8d9b64, 0x9b659b8d, 0x9b8b9b65, 0x9b699b8b, 0x9b869b69, 0x9b6e9b86, 0x9b809b6e, 
0x9b759b80, 0x9b799b75, 0x9b7c9b79, 0x9b729b7c, 0x9b839b72, 0x9b6c9b83, 0x9b899b6c, 0x9b679b89, 
0x9b8d9b67, 0x9b649b8d, 0x9b8f9b64, 0x9b639b8f, 0x9b8e9b63, 0x9b649b8e, 0x9b8c9b64, 0x9b689b8c, 
0x9b879b68, 0x9b6e9b87, 0x9b809b6e, 0x9b759b80, 0x9b799b75, 0x9b7c9b79, 0x9b729b7c, 0x9b849b72, 
0x9b6b9b84, 0x9b8a9b6b, 0x9b669b8a, 0x9b8e9b66, 0x9b629b8e, 0x9b909b62, 0x9b629b90, 0x9b8f9b62, 
0x9b639b8f, 0x9b8d9b63, 0x9b689b8d, 0x9b879b68, 0x9b6e9b87, 0x9b819b6e, 0x9b759b81, 0x9b799b75, 
0x9b7d9b79, 0x9b719b7d, 0x9b849b71, 0x9b6a9b84, 0x9b8b9b6a, 0x9b649b8b, 0x9b8f9b64, 0x9b619b8f, 
0x9b919b61, 0x9b609b91, 0x9b919b60, 0x9b629b91, 0x9b8e9b62, 0x9b679b8e, 0x9b889b67, 0x9b6d9b88, 
0x9b819b6d, 0x9b759b81, 0x9b799b75, 0x9b7d9b79, 0x9b709b7d, 0x9b859b70, 0x9b699b85, 0x9b8c9b69, 
0x9b639b8c, 0x9b919b63, 0x9b5f9b91, 0x9b939b5f, 0x9b5f9b93, 0x9b929b5f, 0x9b619b92, 0x9b8f9b61, 
0x9b659b8f, 0x9b899b65, 0x9b6c9b89, 0x9b819b6c, 0x9b759b81, 0x9b799b75, 0x9b7e9b79, 0x9b709b7e, 
0x9b869b70, 0x9b689b86, 0x9b8e9b68, 0x9b619b8e, 0x9b939b61, 0x9b5e9b93, 0x9b959b5e, 0x9b5d9b95, 
0x9b949b5d, 0x9b5f9b94, 0x9b919b5f, 0x9b649b91, 0x9b8a9b64, 0x9b6b9b8a, 0x9b829b6b, 0x9b759b82, 
0x9b789b75, 0x9b7e9b78, 0x9b6f9b7e, 0x9b889b6f, 0x9b669b88, 0x9b8f9b66, 0x9b5f9b8f, 0x9b959b5f, 
0x9b5b9b95, 0x9b979b5b, 0x9b5a9b97, 0x9b979b5a, 0x9b5d9b97, 0x9b939b5d, 0x9b629b93, 0x9b8c9b62, 
0x9b6a9b8c, 0x9b839b6a, 0x9b749b83, 0x9b789b74, 0x9b7f9b78, 0x9b6e9b7f, 0x9b899b6e, 0x9b649b89, 
0x9b929b64, 0x9b5d9b92, 0x9b989b5d, 0x9b589b98, 0x9b9b9b58, 0x9b579b9b, 0x9b9a9b57, 0x9b5a9b9a, 
0x9b959b5a, 0x9b609b95, 0x9b8d9b60, 0x9b699b8d, 0x9b839b69, 0x9b749b83, 0x9b789b74, 0x9b809b78, 
0x9b6c9b80, 0x9b8b9b6c, 0x9b629b8b, 0x9b959b62, 0x9b599b95, 0x9b9b9b59, 0x9b549b9b, 0x9b9e9b54, 
0x9b539b9e, 0x9b9d9b53, 0x9b569b9d, 0x9b989b56, 0x9b5d9b98, 0x9b909b5d, 0x9b679b90, 0x9b849b67, 
0x9b749b84, 0x9b779b74, 0x9b819b77, 0x9b6a9b81, 0x9b8e9b6a, 0x9b5e9b8e, 0x9b989b5e, 0x9b559b98, 
0x9ba09b55, 0x9b509ba0, 0x9ba39b50, 0x9b4e9ba3, 0x9ba29b4e, 0x9b529ba2, 0x9b9d9b52, 0x9b5a9b9d, 
0x9b939b5a, 0x9b659b93, 0x9b869b65, 0x9b739b86, 0x9b779b73, 0x9b829b77, 0x9b689b82, 0x9b919b68, 
0x9b5a9b91, 0x9b9d9b5a, 0x9b509b9d, 0x9ba69b50, 0x9b499ba6, 0x9baa9b49, 0x9b489baa, 0x9ba99b48, 
0x9b4b9ba9, 0x9ba29b4b, 0x9b559ba2, 0x9b979b55, 0x9b629b97, 0x9b889b62, 0x9b729b88, 0x9b769b72, 
0x9b849b76, 0x9b659b84, 0x9b959b65, 0x9b549b95, 0x9ba49b54, 0x9b489ba4, 0x9baf9b48, 0x9b409baf, 
0x9bb49b40, 0x9b3e9bb4, 0x9bb29b3e, 0x9b439bb2, 0x9baa9b43, 0x9b4d9baa, 0x9b9d9b4d, 0x9b5e9b9d, 
0x9b8b9b5e, 0x9b719b8b, 0x9b759b71, 0x9b879b75, 0x9b609b87, 0x9b9c9b60, 0x9b4c9b9c, 0x9bae9b4c, 
0x9b3c9bae, 0x9bbc9b3c, 0x9b329bbc, 0x9bc29b32, 0x9b2f9bc2, 0x9bc09b2f, 0x9b359bc0, 0x9bb79b35, 
0x9b429bb7, 0x9ba69b42, 0x9b579ba6, 0x9b8f9b57, 0x9b709b8f, 0x9b749b70, 0x9b8c9b74, 0x9b589b8c, 
0x9ba79b58, 0x9b3e9ba7, 0x9bbf9b3e, 0x9b299bbf, 0x9bd19b29, 0x9b1b9bd1, 0x9bda9b1b, 0x9b179bda, 
0x9bd99b17, 0x9b1e9bd9, 0x9bcd9b1e, 0x9b2f9bcd, 0x9bb69b2f, 0x9b4a9bb6, 0x9b979b4a, 0x9b6d9b97, 
0x9b729b6d, 0x9b949b72, 0x9b4a9b94, 0x9bbb9b4a, 0x9b249bbb, 0x9bdf9b24, 0x9b049bdf, 0x9bfa9b04, 
0x9aee9bfa, 0x9c0a9aee, 0x9ae59c0a, 0x9c0b9ae5, 0x9aed9c0b, 0x9bfb9aed, 0x9b059bfb, 0x9bda9b05, 
0x9b2e9bda, 0x9baa9b2e, 0x9b659baa, 0x9b6d9b65, 0x9ba79b6d, 0x9b289ba7, 0x9bed9b28, 0x9ae19bed, 
0x9c339ae1, 0x9a9f9c33, 0x9c6f9a9f, 0x9a6a9c6f, 0x9c9b9a6a, 0x9a4a9c9b, 0x9cae9a4a, 0x9a469cae, 
0x9ca09a46, 0x9a679ca0, 0x9c6b9a67, 0x9ab49c6b, 0x9c049ab4, 0x9b379c04, 0x9b5f9b37, 0x9c049b5f, 
0x9a629c04, 0x9d409a62, 0x98cc9d40, 0x9f6398cc, 0x95ac9f63, 0xa4ab95ac, 0x89c5a4ab, 0x000089c5, 
},
// Table 2, base frequency 51.913087
{
0x46200000, 0x6f934620, 0x74f56f93, 0x669a74f5, 0x5b72669a, 0x5dc25b72, 0x66eb5dc2, 0x6b2d66eb, 
0x66fe6b2d, 0x60d366fe, 0x600360d3, 0x648c6003, 0x685f648c, 0x672c685f, 0x6309672c, 0x612b6309, 
0x637b612b, 0x66c7637b, 0x671066c7, 0x644f6710, 0x6214644f, 0x62f86214, 0x65a662f8, 0x66c365a6, 
0x651c66c3, 0x62e2651c, 0x62cc62e2, 0x64cd62cc, 0x665664cd, 0x65976656, 0x639c6597, 0x62dd639c, 
0x642d62dd, 0x65d7642d, 0x65d165d7, 0x643c65d1, 0x6317643c, 0x63c16317, 0x655363c1, 0x65d96553, 
0x64be65d9, 0x636d64be, 0x6384636d, 0x64d56384, 0x65b964d5, 0x651d65b9, 0x63d1651d, 0x637163d1, 
0x64686371, 0x657b6468, 0x6559657b, 0x64376559, 0x63826437, 0x64136382, 0x652d6413, 0x6572652d, 
0x64956572, 0x63af6495, 0x63d963af, 0x64d863d9, 0x656b64d8, 0x64e2656b, 0x63ee64e2, 0x63bd63ee, 
0x648663bd, 0x654a6486, 0x6519654a, 0x64366519, 0x63bd6436, 0x644063bd, 0x65166440, 0x65376516, 
0x647f6537, 0x63d6647f, 0x640b63d6, 0x64d8640b, 0x653c64d8, 0x64bf653c, 0x640064bf, 0x63ec6400, 
0x649763ec, 0x652a6497, 0x64f1652a, 0x643664f1, 0x63e46436, 0x645c63e4, 0x6507645c, 0x65106507, 
0x64716510, 0x63f06471, 0x642d63f0, 0x64d8642d, 0x651c64d8, 0x64a7651c, 0x640e64a7, 0x640d640e, 
0x64a3640d, 0x651464a3, 0x64d56514, 0x643764d5, 0x63ff6437, 0x647063ff, 0x64fb6470, 0x64f464fb, 
0x646764f4, 0x64046467, 0x64456404, 0x64d76445, 0x650464d7, 0x64966504, 0x64186496, 0x64256418, 
0x64ab6425, 0x650264ab, 0x64c06502, 0x643864c0, 0x64146438, 0x647f6414, 0x64f2647f, 0x64df64f2, 
0x646064df, 0x64136460, 0x64576413, 0x64d56457, 0x64f164d5, 0x648964f1, 0x64206489, 0x64386420, 
0x64b16438, 0x64f464b1, 0x64af64f4, 0x643a64af, 0x6425643a, 0x648a6425, 0x64ea648a, 0x64ce64ea, 
0x645b64ce, 0x6420645b, 0x64666420, 0x64d46466, 0x64e264d4, 0x647f64e2, 0x6428647f, 0x64486428, 
0x64b66448, 0x64e964b6, 0x64a264e9, 0x643b64a2, 0x6434643b, 0x64946434, 0x64e36494, 0x64c064e3, 
0x645764c0, 0x642b6457, 0x6472642b, 0x64d26472, 0x64d464d2, 0x647764d4, 0x642f6477, 0x6455642f, 
0x64b96455, 0x64de64b9, 0x649764de, 0x643d6497, 0x6440643d, 0x649b6440, 0x64dd649b, 0x64b464dd, 
0x645464b4, 0x64356454, 0x647c6435, 0x64d0647c, 0x64c964d0, 0x647064c9, 0x64356470, 0x64606435, 
0x64bb6460, 0x64d564bb, 0x648e64d5, 0x643f648e, 0x644a643f, 0x64a1644a, 0x64d764a1, 0x64a964d7, 
0x645264a9, 0x643d6452, 0x6484643d, 0x64ce6484, 0x64bf64ce, 0x646b64bf, 0x643a646b, 0x646a643a, 
0x64bd646a, 0x64cd64bd, 0x648664cd, 0x64416486, 0x64546441, 0x64a66454, 0x64d164a6, 0x64a064d1, 
0x645164a0, 0x64456451, 0x648c6445, 0x64cc648c, 0x64b664cc, 0x646664b6, 0x64406466, 0x64726440, 
0x64be6472, 0x64c564be, 0x647f64c5, 0x6444647f, 0x645c6444, 0x64aa645c, 0x64cc64aa, 0x649864cc, 
0x64506498, 0x644d6450, 0x6492644d, 0x64c96492, 0x64ae64c9, 0x646364ae, 0x64456463, 0x647a6445, 
0x64bf647a, 0x64be64bf, 0x647964be, 0x64466479, 0x64646446, 0x64ad6464, 0x64c764ad, 0x649164c7, 
0x644f6491, 0x6454644f, 0x64986454, 0x64c76498, 0x64a664c7, 0x646064a6, 0x644a6460, 0x6481644a, 
0x64bf6481, 0x64b764bf, 0x647464b7, 0x64496474, 0x646b6449, 0x64b0646b, 0x64c164b0, 0x648a64c1, 
0x6450648a, 0x645a6450, 0x649d645a, 0x64c4649d, 0x649f64c4, 0x645d649f, 0x644f645d, 0x6487644f, 
0x64bf6487, 0x64b164bf, 0x647064b1, 0x644c6470, 0x6472644c, 0x64b26472, 0x64bc64b2, 0x648464bc, 
0x64506484, 0x64606450, 0x64a16460, 0x64c164a1, 0x649964c1, 0x645b6499, 0x6454645b, 0x648d6454, 
0x64be648d, 0x64ab64be, 0x646c64ab, 0x644f646c, 0x6478644f, 0x64b46478, 0x64b864b4, 0x647f64b8, 
0x6451647f, 0x64666451, 0x64a56466, 0x64be64a5, 0x649364be, 0x645a6493, 0x6459645a, 0x64926459, 
0x64bd6492, 0x64a564bd, 0x646864a5, 0x64526468, 0x647e6452, 0x64b5647e, 0x64b364b5, 0x647a64b3, 
0x6452647a, 0x646c6452, 0x64a8646c, 0x64bb64a8, 0x648d64bb, 0x6459648d, 0x645e6459, 0x6496645e, 
0x64bc6496, 0x649f64bc, 0x6465649f, 0x64556465, 0x64846455, 0x64b66484, 0x64ae64b6, 0x647664ae, 
0x64536476, 0x64726453, 0x64aa6472, 0x64b764aa, 0x648864b7, 0x64586488, 0x64636458, 0x649b6463, 
0x64ba649b, 0x649a64ba, 0x6463649a, 0x64596463, 0x64896459, 0x64b66489, 0x64a964b6, 0x647264a9, 
0x64556472, 0x64776455, 0x64ad6477, 0x64b464ad, 0x648364b4, 0x64586483, 0x64676458, 0x649e6467, 
0x64b8649e, 0x649564b8, 0x64616495, 0x645c6461, 0x648d645c, 0x64b6648d, 0x64a564b6, 0x646e64a5, 
0x6457646e, 0x647c6457, 0x64af647c, 0x64b064af, 0x647f64b0, 0x6458647f, 0x646c6458, 0x64a2646c, 
0x64b664a2, 0x649064b6, 0x645f6490, 0x6460645f, 0x64926460, 0x64b66492, 0x64a064b6, 0x646b64a0, 
0x6459646b, 0x64816459, 0x64b06481, 0x64ac64b0, 0x647a64ac, 0x6458647a, 0x64716458, 0x64a56471, 
0x64b464a5, 0x648b64b4, 0x645e648b, 0x6464645e, 0x64966464, 0x64b66496, 0x649b64b6, 0x6468649b, 
0x645c6468, 0x6485645c, 0x64b16485, 0x64a964b1, 0x647664a9, 0x64596476, 0x64756459, 0x64a86475, 
0x64b164a8, 0x648764b1, 0x645d6487, 0x6468645d, 0x649a6468, 0x64b5649a, 0x649764b5, 0x64656497, 
0x645e6465, 0x648a645e, 0x64b2648a, 0x64a564b2, 0x647364a5, 0x645a6473, 0x647a645a, 0x64aa647a, 
0x64af64aa, 0x648264af, 0x645c6482, 0x646b645c, 0x649d646b, 0x64b4649d, 0x649264b4, 0x64636492, 
0x64616463, 0x648e6461, 0x64b3648e, 0x64a164b3, 0x646f64a1, 0x645b646f, 0x647e645b, 0x64ac647e, 
0x64ac64ac, 0x647e64ac, 0x645c647e, 0x646f645c, 0x64a1646f, 0x64b264a1, 0x648e64b2, 0x6461648e, 
0x64646461, 0x64926464, 0x64b36492, 0x649d64b3, 0x646c649d, 0x645d646c, 0x6483645d, 0x64ae6483, 
0x64a964ae, 0x647a64a9, 0x645c647a, 0x6474645c, 0x64a46474, 0x64b064a4, 0x648a64b0, 0x6460648a, 
0x64676460, 0x64966467, 0x64b36496, 0x649964b3, 0x64696499, 0x645f6469, 0x6487645f, 0x64af6487, 
0x64a664af, 0x647664a6, 0x645c6476, 0x6478645c, 0x64a76478, 0x64ae64a7, 0x648564ae, 0x645f6485, 
0x646a645f, 0x649a646a, 0x64b2649a, 0x649564b2, 0x64666495, 0x64616466, 0x648b6461, 0x64b0648b, 
0x64a264b0, 0x647264a2, 0x645d6472, 0x647c645d, 0x64a9647c, 0x64ac64a9, 0x648164ac, 0x645e6481, 
0x646e645e, 0x649e646e, 0x64b1649e, 0x649164b1, 0x64646491, 0x64636464, 0x648f6463, 0x64b1648f, 
0x649f64b1, 0x646f649f, 0x645e646f, 0x6480645e, 0x64ab6480, 0x64aa64ab, 0x647d64aa, 0x645d647d, 
0x6471645d, 0x64a16471, 0x64b064a1, 0x648c64b0, 0x6462648c, 0x64666462, 0x64936466, 0x64b16493, 
0x649b64b1, 0x646c649b, 0x645f646c, 0x6484645f, 0x64ad6484, 0x64a764ad, 0x647964a7, 0x645d6479, 
0x6475645d, 0x64a46475, 0x64af64a4, 0x648864af, 0x64606488, 0x64696460, 0x64976469, 0x64b26497, 
0x649764b2, 0x64696497, 0x64606469, 0x64886460, 0x64af6488, 0x64a464af, 0x647564a4, 0x645d6475, 
0x6479645d, 0x64a76479, 0x64ad64a7, 0x648464ad, 0x645f6484, 0x646c645f, 0x649b646c, 0x64b1649b, 
0x649364b1, 0x64666493, 0x64626466, 0x648c6462, 0x64b0648c, 0x64a164b0, 0x647164a1, 0x645d6471, 
0x647d645d, 0x64aa647d, 0x64ab64aa, 0x648064ab, 0x645e6480, 0x646f645e, 0x649f646f, 0x64b1649f, 
0x648f64b1, 0x6463648f, 0x64646463, 0x64916464, 0x64b16491, 0x649e64b1, 0x646e649e, 0x645e646e, 
0x6481645e, 0x64ac6481, 0x64a964ac, 0x647c64a9, 0x645d647c, 0x6472645d, 0x64a26472, 0x64b064a2, 
0x648b64b0, 0x6461648b, 0x64666461, 0x64956466, 0x64b26495, 0x649a64b2, 0x646a649a, 0x645f646a, 
0x6485645f, 0x64ae6485, 0x64a764ae, 0x647864a7, 0x645c6478, 0x6476645c, 0x64a66476, 0x64af64a6, 
0x648764af, 0x645f6487, 0x6469645f, 0x64996469, 0x64b36499, 0x649664b3, 0x64676496, 0x64606467, 
0x648a6460, 0x64b0648a, 0x64a464b0, 0x647464a4, 0x645c6474, 0x647a645c, 0x64a9647a, 0x64ae64a9, 
0x648364ae, 0x645d6483, 0x646c645d, 0x649d646c, 0x64b3649d, 0x649264b3, 0x64646492, 0x64616464, 
0x648e6461, 0x64b2648e, 0x64a164b2, 0x646f64a1, 0x645c646f, 0x647e645c, 0x64ac647e, 0x64ac64ac, 
0x647e64ac, 0x645b647e, 0x646f645b, 0x64a1646f, 0x64b364a1, 0x648e64b3, 0x6461648e, 0x64636461, 
0x64926463, 0x64b46492, 0x649d64b4, 0x646b649d, 0x645c646b, 0x6482645c, 0x64af6482, 0x64aa64af, 
0x647a64aa, 0x645a647a, 0x6473645a, 0x64a56473, 0x64b264a5, 0x648a64b2, 0x645e648a, 0x6465645e, 
0x64976465, 0x64b56497, 0x649a64b5, 0x6468649a, 0x645d6468, 0x6487645d, 0x64b16487, 0x64a864b1, 
0x647564a8, 0x64596475, 0x64766459, 0x64a96476, 0x64b164a9, 0x648564b1, 0x645c6485, 0x6468645c, 
0x649b6468, 0x64b6649b, 0x649664b6, 0x64646496, 0x645e6464, 0x648b645e, 0x64b4648b, 0x64a564b4, 
0x647164a5, 0x64586471, 0x647a6458, 0x64ac647a, 0x64b064ac, 0x648164b0, 0x64596481, 0x646b6459, 
0x64a0646b, 0x64b664a0, 0x649264b6, 0x64606492, 0x645f6460, 0x6490645f, 0x64b66490, 0x64a264b6, 
0x646c64a2, 0x6458646c, 0x647f6458, 0x64b0647f, 0x64af64b0, 0x647c64af, 0x6457647c, 0x646e6457, 
0x64a5646e, 0x64b664a5, 0x648d64b6, 0x645c648d, 0x6461645c, 0x64956461, 0x64b86495, 0x649e64b8, 
0x6467649e, 0x64586467, 0x64836458, 0x64b46483, 0x64ad64b4, 0x647764ad, 0x64556477, 0x64726455, 
0x64a96472, 0x64b664a9, 0x648964b6, 0x64596489, 0x64636459, 0x649a6463, 0x64ba649a, 0x649b64ba, 
0x6463649b, 0x64586463, 0x64886458, 0x64b76488, 0x64aa64b7, 0x647264aa, 0x64536472, 0x64766453, 
0x64ae6476, 0x64b664ae, 0x648464b6, 0x64556484, 0x64656455, 0x649f6465, 0x64bc649f, 0x649664bc, 
0x645e6496, 0x6459645e, 0x648d6459, 0x64bb648d, 0x64a864bb, 0x646c64a8, 0x6452646c, 0x647a6452, 
0x64b3647a, 0x64b564b3, 0x647e64b5, 0x6452647e, 0x64686452, 0x64a56468, 0x64bd64a5, 0x649264bd, 
0x64596492, 0x645a6459, 0x6493645a, 0x64be6493, 0x64a564be, 0x646664a5, 0x64516466, 0x647f6451, 
0x64b8647f, 0x64b464b8, 0x647864b4, 0x644f6478, 0x646c644f, 0x64ab646c, 0x64be64ab, 0x648d64be, 
0x6454648d, 0x645b6454, 0x6499645b, 0x64c16499, 0x64a164c1, 0x646064a1, 0x64506460, 0x64846450, 
0x64bc6484, 0x64b264bc, 0x647264b2, 0x644c6472, 0x6470644c, 0x64b16470, 0x64bf64b1, 0x648764bf, 
0x644f6487, 0x645d644f, 0x649f645d, 0x64c4649f, 0x649d64c4, 0x645a649d, 0x6450645a, 0x648a6450, 
0x64c1648a, 0x64b064c1, 0x646b64b0, 0x6449646b, 0x64746449, 0x64b76474, 0x64bf64b7, 0x648164bf, 
0x644a6481, 0x6460644a, 0x64a66460, 0x64c764a6, 0x649864c7, 0x64546498, 0x644f6454, 0x6491644f, 
0x64c76491, 0x64ad64c7, 0x646464ad, 0x64466464, 0x64796446, 0x64be6479, 0x64bf64be, 0x647a64bf, 
0x6445647a, 0x64636445, 0x64ae6463, 0x64c964ae, 0x649264c9, 0x644d6492, 0x6450644d, 0x64986450, 
0x64cc6498, 0x64aa64cc, 0x645c64aa, 0x6444645c, 0x647f6444, 0x64c5647f, 0x64be64c5, 0x647264be, 
0x64406472, 0x64666440, 0x64b66466, 0x64cc64b6, 0x648c64cc, 0x6445648c, 0x64516445, 0x64a06451, 
0x64d164a0, 0x64a664d1, 0x645464a6, 0x64416454, 0x64866441, 0x64cd6486, 0x64bd64cd, 0x646a64bd, 
0x643a646a, 0x646b643a, 0x64bf646b, 0x64ce64bf, 0x648464ce, 0x643d6484, 0x6452643d, 0x64a96452, 
0x64d764a9, 0x64a164d7, 0x644a64a1, 0x643f644a, 0x648e643f, 0x64d5648e, 0x64bb64d5, 0x646064bb, 
0x64356460, 0x64706435, 0x64c96470, 0x64d064c9, 0x647c64d0, 0x6435647c, 0x64546435, 0x64b46454, 
0x64dd64b4, 0x649b64dd, 0x6440649b, 0x643d6440, 0x6497643d, 0x64de6497, 0x64b964de, 0x645564b9, 
0x642f6455, 0x6477642f, 0x64d46477, 0x64d264d4, 0x647264d2, 0x642b6472, 0x6457642b, 0x64c06457, 
0x64e364c0, 0x649464e3, 0x64346494, 0x643b6434, 0x64a2643b, 0x64e964a2, 0x64b664e9, 0x644864b6, 
0x64286448, 0x647f6428, 0x64e2647f, 0x64d464e2, 0x646664d4, 0x64206466, 0x645b6420, 0x64ce645b, 
0x64ea64ce, 0x648a64ea, 0x6425648a, 0x643a6425, 0x64af643a, 0x64f464af, 0x64b164f4, 0x643864b1, 
0x64206438, 0x64896420, 0x64f16489, 0x64d564f1, 0x645764d5, 0x64136457, 0x64606413, 0x64df6460, 
0x64f264df, 0x647f64f2, 0x6414647f, 0x64386414, 0x64c06438, 0x650264c0, 0x64ab6502, 0x642564ab, 
0x64186425, 0x64966418, 0x65046496, 0x64d76504, 0x644564d7, 0x64046445, 0x64676404, 0x64f46467, 
0x64fb64f4, 0x647064fb, 0x63ff6470, 0x643763ff, 0x64d56437, 0x651464d5, 0x64a36514, 0x640d64a3, 
0x640e640d, 0x64a7640e, 0x651c64a7, 0x64d8651c, 0x642d64d8, 0x63f0642d, 0x647163f0, 0x65106471, 
0x65076510, 0x645c6507, 0x63e4645c, 0x643663e4, 0x64f16436, 0x652a64f1, 0x6497652a, 0x63ec6497, 
0x640063ec, 0x64bf6400, 0x653c64bf, 0x64d8653c, 0x640b64d8, 0x63d6640b, 0x647f63d6, 0x6537647f, 
0x65166537, 0x64406516, 0x63bd6440, 0x643663bd, 0x65196436, 0x654a6519, 0x6486654a, 0x63bd6486, 
0x63ee63bd, 0x64e263ee, 0x656b64e2, 0x64d8656b, 0x63d964d8, 0x63af63d9, 0x649563af, 0x65726495, 
0x652d6572, 0x6413652d, 0x63826413, 0x64376382, 0x65596437, 0x657b6559, 0x6468657b, 0x63716468, 
0x63d16371, 0x651d63d1, 0x65b9651d, 0x64d565b9, 0x638464d5, 0x636d6384, 0x64be636d, 0x65d964be, 
0x655365d9, 0x63c16553, 0x631763c1, 0x643c6317, 0x65d1643c, 0x65d765d1, 0x642d65d7, 0x62dd642d, 
0x639c62dd, 0x6597639c, 0x66566597, 0x64cd6656, 0x62cc64cd, 0x62e262cc, 0x651c62e2, 0x66c3651c, 
0x65a666c3, 0x62f865a6, 0x621462f8, 0x644f6214, 0x6710644f, 0x66c76710, 0x637b66c7, 0x612b637b, 
0x6309612b, 0x672c6309, 0x685f672c, 0x648c685f, 0x6003648c, 0x60d36003, 0x66fe60d3, 0x6b2d66fe, 
0x66eb6b2d, 0x5dc266eb, 0x5b725dc2, 0x669a5b72, 0x74f5669a, 0x6f9374f5, 0x46206f93, 0x00004620, 
0xb9e00000, 0x906db9e0, 0x8b0b906d, 0x99668b0b, 0xa48e9966, 0xa23ea48e, 0x9915a23e, 0x94d39915, 
0x990294d3, 0x9f2d9902, 0x9ffd9f2d, 0x9b749ffd, 0x97a19b74, 0x98d497a1, 0x9cf798d4, 0x9ed59cf7, 
0x9c859ed5, 0x99399c85, 0x98f09939, 0x9bb198f0, 0x9dec9bb1, 0x9d089dec, 0x9a5a9d08, 0x993d9a5a, 
0x9ae4993d, 0x9d1e9ae4, 0x9d349d1e, 0x9b339d34, 0x99aa9b33, 0x9a6999aa, 0x9c649a69, 0x9d239c64, 
0x9bd39d23, 0x9a299bd3, 0x9a2f9a29, 0x9bc49a2f, 0x9ce99bc4, 0x9c3f9ce9, 0x9aad9c3f, 0x9a279aad, 
0x9b429a27, 0x9c939b42, 0x9c7c9c93, 0x9b2b9c7c, 0x9a479b2b, 0x9ae39a47, 0x9c2f9ae3, 0x9c8f9c2f, 
0x9b989c8f, 0x9a859b98, 0x9aa79a85, 0x9bc99aa7, 0x9c7e9bc9, 0x9bed9c7e, 0x9ad39bed, 0x9a8e9ad3, 
0x9b6b9a8e, 0x9c519b6b, 0x9c279c51, 0x9b289c27, 0x9a959b28, 0x9b1e9a95, 0x9c129b1e, 0x9c439c12, 
0x9b7a9c43, 0x9ab69b7a, 0x9ae79ab6, 0x9bca9ae7, 0x9c439bca, 0x9bc09c43, 0x9aea9bc0, 0x9ac99aea, 
0x9b819ac9, 0x9c2a9b81, 0x9bf59c2a, 0x9b289bf5, 0x9ac49b28, 0x9b419ac4, 0x9c009b41, 0x9c149c00, 
0x9b699c14, 0x9ad69b69, 0x9b0f9ad6, 0x9bca9b0f, 0x9c1c9bca, 0x9ba49c1c, 0x9af99ba4, 0x9af09af9, 
0x9b8f9af0, 0x9c109b8f, 0x9bd39c10, 0x9b289bd3, 0x9ae49b28, 0x9b599ae4, 0x9bf29b59, 0x9bf39bf2, 
0x9b5d9bf3, 0x9aec9b5d, 0x9b2b9aec, 0x9bc99b2b, 0x9c019bc9, 0x9b909c01, 0x9b059b90, 0x9b0c9b05, 
0x9b999b0c, 0x9bfc9b99, 0x9bbb9bfc, 0x9b299bbb, 0x9afc9b29, 0x9b6a9afc, 0x9be89b6a, 0x9bdb9be8, 
0x9b559bdb, 0x9afe9b55, 0x9b409afe, 0x9bc89b40, 0x9bec9bc8, 0x9b819bec, 0x9b0e9b81, 0x9b219b0e, 
0x9ba09b21, 0x9bed9ba0, 0x9ba99bed, 0x9b2b9ba9, 0x9b0f9b2b, 0x9b779b0f, 0x9be09b77, 0x9bc89be0, 
0x9b4f9bc8, 0x9b0c9b4f, 0x9b519b0c, 0x9bc69b51, 0x9bdb9bc6, 0x9b769bdb, 0x9b169b76, 0x9b329b16, 
0x9ba59b32, 0x9be09ba5, 0x9b9a9be0, 0x9b2c9b9a, 0x9b1e9b2c, 0x9b819b1e, 0x9bd89b81, 0x9bb89bd8, 
0x9b4a9bb8, 0x9b179b4a, 0x9b5e9b17, 0x9bc59b5e, 0x9bcc9bc5, 0x9b6c9bcc, 0x9b1d9b6c, 0x9b409b1d, 
0x9ba99b40, 0x9bd59ba9, 0x9b8e9bd5, 0x9b2e9b8e, 0x9b2c9b2e, 0x9b899b2c, 0x9bd19b89, 0x9bab9bd1, 
0x9b479bab, 0x9b229b47, 0x9b699b22, 0x9bc39b69, 0x9bc09bc3, 0x9b659bc0, 0x9b239b65, 0x9b4c9b23, 
0x9bac9b4c, 0x9bcb9bac, 0x9b849bcb, 0x9b309b84, 0x9b379b30, 0x9b909b37, 0x9bcb9b90, 0x9ba09bcb, 
0x9b459ba0, 0x9b2b9b45, 0x9b729b2b, 0x9bc19b72, 0x9bb69bc1, 0x9b5f9bb6, 0x9b299b5f, 0x9b579b29, 
0x9bae9b57, 0x9bc39bae, 0x9b7c9bc3, 0x9b329b7c, 0x9b419b32, 0x9b959b41, 0x9bc69b95, 0x9b969bc6, 
0x9b439b96, 0x9b339b43, 0x9b7a9b33, 0x9bbf9b7a, 0x9bac9bbf, 0x9b5a9bac, 0x9b2f9b5a, 0x9b609b2f, 
0x9baf9b60, 0x9bbb9baf, 0x9b749bbb, 0x9b349b74, 0x9b4a9b34, 0x9b9a9b4a, 0x9bc09b9a, 0x9b8e9bc0, 
0x9b429b8e, 0x9b3b9b42, 0x9b819b3b, 0x9bbc9b81, 0x9ba49bbc, 0x9b569ba4, 0x9b349b56, 0x9b689b34, 
0x9bb09b68, 0x9bb39bb0, 0x9b6e9bb3, 0x9b379b6e, 0x9b529b37, 0x9b9d9b52, 0x9bbb9b9d, 0x9b869bbb, 
0x9b419b86, 0x9b429b41, 0x9b879b42, 0x9bba9b87, 0x9b9c9bba, 0x9b539b9c, 0x9b399b53, 0x9b6f9b39, 
0x9bb19b6f, 0x9bac9bb1, 0x9b689bac, 0x9b399b68, 0x9b5a9b39, 0x9ba09b5a, 0x9bb69ba0, 0x9b7f9bb6, 
0x9b419b7f, 0x9b499b41, 0x9b8c9b49, 0x9bb79b8c, 0x9b959bb7, 0x9b509b95, 0x9b3f9b50, 0x9b769b3f, 
0x9bb09b76, 0x9ba69bb0, 0x9b639ba6, 0x9b3c9b63, 0x9b619b3c, 0x9ba39b61, 0x9bb19ba3, 0x9b799bb1, 
0x9b419b79, 0x9b4f9b41, 0x9b909b4f, 0x9bb49b90, 0x9b8e9bb4, 0x9b4e9b8e, 0x9b449b4e, 0x9b7c9b44, 
0x9bb09b7c, 0x9ba09bb0, 0x9b5f9ba0, 0x9b3f9b5f, 0x9b679b3f, 0x9ba59b67, 0x9bac9ba5, 0x9b739bac, 
0x9b429b73, 0x9b559b42, 0x9b949b55, 0x9bb19b94, 0x9b889bb1, 0x9b4c9b88, 0x9b489b4c, 0x9b819b48, 
0x9baf9b81, 0x9b9a9baf, 0x9b5b9b9a, 0x9b429b5b, 0x9b6d9b42, 0x9ba69b6d, 0x9ba79ba6, 0x9b6e9ba7, 
0x9b439b6e, 0x9b5b9b43, 0x9b989b5b, 0x9bae9b98, 0x9b829bae, 0x9b4b9b82, 0x9b4d9b4b, 0x9b869b4d, 
0x9bae9b86, 0x9b949bae, 0x9b589b94, 0x9b459b58, 0x9b739b45, 0x9ba79b73, 0x9ba29ba7, 0x9b6a9ba2, 
0x9b449b6a, 0x9b619b44, 0x9b9b9b61, 0x9bab9b9b, 0x9b7c9bab, 0x9b4a9b7c, 0x9b529b4a, 0x9b8a9b52, 
0x9bad9b8a, 0x9b8e9bad, 0x9b569b8e, 0x9b499b56, 0x9b789b49, 0x9ba89b78, 0x9b9d9ba8, 0x9b659b9d, 
0x9b469b65, 0x9b669b46, 0x9b9d9b66, 0x9ba79b9d, 0x9b779ba7, 0x9b4a9b77, 0x9b579b4a, 0x9b8e9b57, 
0x9bab9b8e, 0x9b899bab, 0x9b539b89, 0x9b4c9b53, 0x9b7d9b4c, 0x9ba89b7d, 0x9b999ba8, 0x9b629b99, 
0x9b489b62, 0x9b6b9b48, 0x9b9f9b6b, 0x9ba49b9f, 0x9b739ba4, 0x9b4a9b73, 0x9b5b9b4a, 0x9b929b5b, 
0x9ba99b92, 0x9b849ba9, 0x9b519b84, 0x9b509b51, 0x9b819b50, 0x9ba89b81, 0x9b949ba8, 0x9b5e9b94, 
0x9b4a9b5e, 0x9b709b4a, 0x9ba19b70, 0x9ba09ba1, 0x9b6e9ba0, 0x9b4a9b6e, 0x9b609b4a, 0x9b959b60, 
0x9ba79b95, 0x9b7f9ba7, 0x9b509b7f, 0x9b549b50, 0x9b869b54, 0x9ba89b86, 0x9b8f9ba8, 0x9b5b9b8f, 
0x9b4c9b5b, 0x9b759b4c, 0x9ba29b75, 0x9b9c9ba2, 0x9b6a9b9c, 0x9b4a9b6a, 0x9b659b4a, 0x9b989b65, 
0x9ba49b98, 0x9b7b9ba4, 0x9b4f9b7b, 0x9b579b4f, 0x9b8a9b57, 0x9ba79b8a, 0x9b8b9ba7, 0x9b589b8b, 
0x9b4f9b58, 0x9b799b4f, 0x9ba39b79, 0x9b989ba3, 0x9b669b98, 0x9b4b9b66, 0x9b699b4b, 0x9b9b9b69, 
0x9ba29b9b, 0x9b769ba2, 0x9b4e9b76, 0x9b5b9b4e, 0x9b8d9b5b, 0x9ba69b8d, 0x9b869ba6, 0x9b569b86, 
0x9b519b56, 0x9b7e9b51, 0x9ba49b7e, 0x9b959ba4, 0x9b639b95, 0x9b4c9b63, 0x9b6e9b4c, 0x9b9d9b6e, 
0x9b9f9b9d, 0x9b729b9f, 0x9b4d9b72, 0x9b5f9b4d, 0x9b919b5f, 0x9ba59b91, 0x9b829ba5, 0x9b549b82, 
0x9b549b54, 0x9b829b54, 0x9ba49b82, 0x9b919ba4, 0x9b5f9b91, 0x9b4e9b5f, 0x9b729b4e, 0x9b9f9b72, 
0x9b9c9b9f, 0x9b6e9b9c, 0x9b4d9b6e, 0x9b639b4d, 0x9b949b63, 0x9ba39b94, 0x9b7d9ba3, 0x9b529b7d, 
0x9b579b52, 0x9b869b57, 0x9ba49b86, 0x9b8c9ba4, 0x9b5c9b8c, 0x9b509b5c, 0x9b769b50, 0x9ba09b76, 
0x9b999ba0, 0x9b6a9b99, 0x9b4d9b6a, 0x9b679b4d, 0x9b979b67, 0x9ba19b97, 0x9b799ba1, 0x9b519b79, 
0x9b5a9b51, 0x9b8a9b5a, 0x9ba49b8a, 0x9b889ba4, 0x9b599b88, 0x9b529b59, 0x9b7b9b52, 0x9ba19b7b, 
0x9b969ba1, 0x9b669b96, 0x9b4e9b66, 0x9b6b9b4e, 0x9b9a9b6b, 0x9b9f9b9a, 0x9b759b9f, 0x9b509b75, 
0x9b5e9b50, 0x9b8e9b5e, 0x9ba39b8e, 0x9b849ba3, 0x9b579b84, 0x9b549b57, 0x9b7f9b54, 0x9ba29b7f, 
0x9b929ba2, 0x9b629b92, 0x9b4f9b62, 0x9b6f9b4f, 0x9b9c9b6f, 0x9b9d9b9c, 0x9b719b9d, 0x9b4f9b71, 
0x9b619b4f, 0x9b919b61, 0x9ba29b91, 0x9b809ba2, 0x9b559b80, 0x9b569b55, 0x9b839b56, 0x9ba39b83, 
0x9b8f9ba3, 0x9b5f9b8f, 0x9b509b5f, 0x9b749b50, 0x9b9e9b74, 0x9b9a9b9e, 0x9b6d9b9a, 0x9b4f9b6d, 
0x9b659b4f, 0x9b949b65, 0x9ba19b94, 0x9b7c9ba1, 0x9b539b7c, 0x9b599b53, 0x9b879b59, 0x9ba39b87, 
0x9b8b9ba3, 0x9b5c9b8b, 0x9b519b5c, 0x9b789b51, 0x9ba09b78, 0x9b979ba0, 0x9b699b97, 0x9b4e9b69, 
0x9b699b4e, 0x9b979b69, 0x9ba09b97, 0x9b789ba0, 0x9b519b78, 0x9b5c9b51, 0x9b8b9b5c, 0x9ba39b8b, 
0x9b879ba3, 0x9b599b87, 0x9b539b59, 0x9b7c9b53, 0x9ba19b7c, 0x9b949ba1, 0x9b659b94, 0x9b4f9b65, 
0x9b6d9b4f, 0x9b9a9b6d, 0x9b9e9b9a, 0x9b749b9e, 0x9b509b74, 0x9b5f9b50, 0x9b8f9b5f, 0x9ba39b8f, 
0x9b839ba3, 0x9b569b83, 0x9b559b56, 0x9b809b55, 0x9ba29b80, 0x9b919ba2, 0x9b619b91, 0x9b4f9b61, 
0x9b719b4f, 0x9b9d9b71, 0x9b9c9b9d, 0x9b6f9b9c, 0x9b4f9b6f, 0x9b629b4f, 0x9b929b62, 0x9ba29b92, 
0x9b7f9ba2, 0x9b549b7f, 0x9b579b54, 0x9b849b57, 0x9ba39b84, 0x9b8e9ba3, 0x9b5e9b8e, 0x9b509b5e, 
0x9b759b50, 0x9b9f9b75, 0x9b9a9b9f, 0x9b6b9b9a, 0x9b4e9b6b, 0x9b669b4e, 0x9b969b66, 0x9ba19b96, 
0x9b7b9ba1, 0x9b529b7b, 0x9b599b52, 0x9b889b59, 0x9ba49b88, 0x9b8a9ba4, 0x9b5a9b8a, 0x9b519b5a, 
0x9b799b51, 0x9ba19b79, 0x9b979ba1, 0x9b679b97, 0x9b4d9b67, 0x9b6a9b4d, 0x9b999b6a, 0x9ba09b99, 
0x9b769ba0, 0x9b509b76, 0x9b5c9b50, 0x9b8c9b5c, 0x9ba49b8c, 0x9b869ba4, 0x9b579b86, 0x9b529b57, 
0x9b7d9b52, 0x9ba39b7d, 0x9b949ba3, 0x9b639b94, 0x9b4d9b63, 0x9b6e9b4d, 0x9b9c9b6e, 0x9b9f9b9c, 
0x9b729b9f, 0x9b4e9b72, 0x9b5f9b4e, 0x9b919b5f, 0x9ba49b91, 0x9b829ba4, 0x9b549b82, 0x9b549b54, 
0x9b829b54, 0x9ba59b82, 0x9b919ba5, 0x9b5f9b91, 0x9b4d9b5f, 0x9b729b4d, 0x9b9f9b72, 0x9b9d9b9f, 
0x9b6e9b9d, 0x9b4c9b6e, 0x9b639b4c, 0x9b959b63, 0x9ba49b95, 0x9b7e9ba4, 0x9b519b7e, 0x9b569b51, 
0x9b869b56, 0x9ba69b86, 0x9b8d9ba6, 0x9b5b9b8d, 0x9b4e9b5b, 0x9b769b4e, 0x9ba29b76, 0x9b9b9ba2, 
0x9b699b9b, 0x9b4b9b69, 0x9b669b4b, 0x9b989b66, 0x9ba39b98, 0x9b799ba3, 0x9b4f9b79, 0x9b589b4f, 
0x9b8b9b58, 0x9ba79b8b, 0x9b8a9ba7, 0x9b579b8a, 0x9b4f9b57, 0x9b7b9b4f, 0x9ba49b7b, 0x9b989ba4, 
0x9b659b98, 0x9b4a9b65, 0x9b6a9b4a, 0x9b9c9b6a, 0x9ba29b9c, 0x9b759ba2, 0x9b4c9b75, 0x9b5b9b4c, 
0x9b8f9b5b, 0x9ba89b8f, 0x9b869ba8, 0x9b549b86, 0x9b509b54, 0x9b7f9b50, 0x9ba79b7f, 0x9b959ba7, 
0x9b609b95, 0x9b4a9b60, 0x9b6e9b4a, 0x9ba09b6e, 0x9ba19ba0, 0x9b709ba1, 0x9b4a9b70, 0x9b5e9b4a, 
0x9b949b5e, 0x9ba89b94, 0x9b819ba8, 0x9b509b81, 0x9b519b50, 0x9b849b51, 0x9ba99b84, 0x9b929ba9, 
0x9b5b9b92, 0x9b4a9b5b, 0x9b739b4a, 0x9ba49b73, 0x9b9f9ba4, 0x9b6b9b9f, 0x9b489b6b, 0x9b629b48, 
0x9b999b62, 0x9ba89b99, 0x9b7d9ba8, 0x9b4c9b7d, 0x9b539b4c, 0x9b899b53, 0x9bab9b89, 0x9b8e9bab, 
0x9b579b8e, 0x9b4a9b57, 0x9b779b4a, 0x9ba79b77, 0x9b9d9ba7, 0x9b669b9d, 0x9b469b66, 0x9b659b46, 
0x9b9d9b65, 0x9ba89b9d, 0x9b789ba8, 0x9b499b78, 0x9b569b49, 0x9b8e9b56, 0x9bad9b8e, 0x9b8a9bad, 
0x9b529b8a, 0x9b4a9b52, 0x9b7c9b4a, 0x9bab9b7c, 0x9b9b9bab, 0x9b619b9b, 0x9b449b61, 0x9b6a9b44, 
0x9ba29b6a, 0x9ba79ba2, 0x9b739ba7, 0x9b459b73, 0x9b589b45, 0x9b949b58, 0x9bae9b94, 0x9b869bae, 
0x9b4d9b86, 0x9b4b9b4d, 0x9b829b4b, 0x9bae9b82, 0x9b989bae, 0x9b5b9b98, 0x9b439b5b, 0x9b6e9b43, 
0x9ba79b6e, 0x9ba69ba7, 0x9b6d9ba6, 0x9b429b6d, 0x9b5b9b42, 0x9b9a9b5b, 0x9baf9b9a, 0x9b819baf, 
0x9b489b81, 0x9b4c9b48, 0x9b889b4c, 0x9bb19b88, 0x9b949bb1, 0x9b559b94, 0x9b429b55, 0x9b739b42, 
0x9bac9b73, 0x9ba59bac, 0x9b679ba5, 0x9b3f9b67, 0x9b5f9b3f, 0x9ba09b5f, 0x9bb09ba0, 0x9b7c9bb0, 
0x9b449b7c, 0x9b4e9b44, 0x9b8e9b4e, 0x9bb49b8e, 0x9b909bb4, 0x9b4f9b90, 0x9b419b4f, 0x9b799b41, 
0x9bb19b79, 0x9ba39bb1, 0x9b619ba3, 0x9b3c9b61, 0x9b639b3c, 0x9ba69b63, 0x9bb09ba6, 0x9b769bb0, 
0x9b3f9b76, 0x9b509b3f, 0x9b959b50, 0x9bb79b95, 0x9b8c9bb7, 0x9b499b8c, 0x9b419b49, 0x9b7f9b41, 
0x9bb69b7f, 0x9ba09bb6, 0x9b5a9ba0, 0x9b399b5a, 0x9b689b39, 0x9bac9b68, 0x9bb19bac, 0x9b6f9bb1, 
0x9b399b6f, 0x9b539b39, 0x9b9c9b53, 0x9bba9b9c, 0x9b879bba, 0x9b429b87, 0x9b419b42, 0x9b869b41, 
0x9bbb9b86, 0x9b9d9bbb, 0x9b529b9d, 0x9b379b52, 0x9b6e9b37, 0x9bb39b6e, 0x9bb09bb3, 0x9b689bb0, 
0x9b349b68, 0x9b569b34, 0x9ba49b56, 0x9bbc9ba4, 0x9b819bbc, 0x9b3b9b81, 0x9b429b3b, 0x9b8e9b42, 
0x9bc09b8e, 0x9b9a9bc0, 0x9b4a9b9a, 0x9b349b4a, 0x9b749b34, 0x9bbb9b74, 0x9baf9bbb, 0x9b609baf, 
0x9b2f9b60, 0x9b5a9b2f, 0x9bac9b5a, 0x9bbf9bac, 0x9b7a9bbf, 0x9b339b7a, 0x9b439b33, 0x9b969b43, 
0x9bc69b96, 0x9b959bc6, 0x9b419b95, 0x9b329b41, 0x9b7c9b32, 0x9bc39b7c, 0x9bae9bc3, 0x9b579bae, 
0x9b299b57, 0x9b5f9b29, 0x9bb69b5f, 0x9bc19bb6, 0x9b729bc1, 0x9b2b9b72, 0x9b459b2b, 0x9ba09b45, 
0x9bcb9ba0, 0x9b909bcb, 0x9b379b90, 0x9b309b37, 0x9b849b30, 0x9bcb9b84, 0x9bac9bcb, 0x9b4c9bac, 
0x9b239b4c, 0x9b659b23, 0x9bc09b65, 0x9bc39bc0, 0x9b699bc3, 0x9b229b69, 0x9b479b22, 0x9bab9b47, 
0x9bd19bab, 0x9b899bd1, 0x9b2c9b89, 0x9b2e9b2c, 0x9b8e9b2e, 0x9bd59b8e, 0x9ba99bd5, 0x9b409ba9, 
0x9b1d9b40, 0x9b6c9b1d, 0x9bcc9b6c, 0x9bc59bcc, 0x9b5e9bc5, 0x9b179b5e, 0x9b4a9b17, 0x9bb89b4a, 
0x9bd89bb8, 0x9b819bd8, 0x9b1e9b81, 0x9b2c9b1e, 0x9b9a9b2c, 0x9be09b9a, 0x9ba59be0, 0x9b329ba5, 
0x9b169b32, 0x9b769b16, 0x9bdb9b76, 0x9bc69bdb, 0x9b519bc6, 0x9b0c9b51, 0x9b4f9b0c, 0x9bc89b4f, 
0x9be09bc8, 0x9b779be0, 0x9b0f9b77, 0x9b2b9b0f, 0x9ba99b2b, 0x9bed9ba9, 0x9ba09bed, 0x9b219ba0, 
0x9b0e9b21, 0x9b819b0e, 0x9bec9b81, 0x9bc89bec, 0x9b409bc8, 0x9afe9b40, 0x9b559afe, 0x9bdb9b55, 
0x9be89bdb, 0x9b6a9be8, 0x9afc9b6a, 0x9b299afc, 0x9bbb9b29, 0x9bfc9bbb, 0x9b999bfc, 0x9b0c9b99, 
0x9b059b0c, 0x9b909b05, 0x9c019b90, 0x9bc99c01, 0x9b2b9bc9, 0x9aec9b2b, 0x9b5d9aec, 0x9bf39b5d, 
0x9bf29bf3, 0x9b599bf2, 0x9ae49b59, 0x9b289ae4, 0x9bd39b28, 0x9c109bd3, 0x9b8f9c10, 0x9af09b8f, 
0x9af99af0, 0x9ba49af9, 0x9c1c9ba4, 0x9bca9c1c, 0x9b0f9bca, 0x9ad69b0f, 0x9b699ad6, 0x9c149b69, 
0x9c009c14, 0x9b419c00, 0x9ac49b41, 0x9b289ac4, 0x9bf59b28, 0x9c2a9bf5, 0x9b819c2a, 0x9ac99b81, 
0x9aea9ac9, 0x9bc09aea, 0x9c439bc0, 0x9bca9c43, 0x9ae79bca, 0x9ab69ae7, 0x9b7a9ab6, 0x9c439b7a, 
0x9c129c43, 0x9b1e9c12, 0x9a959b1e, 0x9b289a95, 0x9c279b28, 0x9c519c27, 0x9b6b9c51, 0x9a8e9b6b, 
0x9ad39a8e, 0x9bed9ad3, 0x9c7e9bed, 0x9bc99c7e, 0x9aa79bc9, 0x9a859aa7, 0x9b989a85, 0x9c8f9b98, 
0x9c2f9c8f, 0x9ae39c2f, 0x9a479ae3, 0x9b2b9a47, 0x9c7c9b2b, 0x9c939c7c, 0x9b429c93, 0x9a279b42, 
0x9aad9a27, 0x9c3f9aad, 0x9ce99c3f, 0x9bc49ce9, 0x9a2f9bc4, 0x9a299a2f, 0x9bd39a29, 0x9d239bd3, 
0x9c649d23, 0x9a699c64, 0x99aa9a69, 0x9b3399aa, 0x9d349b33, 0x9d1e9d34, 0x9ae49d1e, 0x993d9ae4, 
0x9a5a993d, 0x9d089a5a, 0x9dec9d08, 0x9bb19dec, 0x98f09bb1, 0x993998f0, 0x9c859939, 0x9ed59c85, 
0x9cf79ed5, 0x98d49cf7, 0x97a198d4, 0x9b7497a1, 0x9ffd9b74, 0x9f2d9ffd, 0x99029f2d, 0x94d39902, 
0x991594d3, 0xa23e9915, 0xa48ea23e, 0x9966a48e, 0x8b0b9966, 0x906d8b0b, 0xb9e0906d, 0x0000b9e0, 
},
// Table 3, base frequency 130.812783
{
0x1d7c0000, 0x38e11d7c, 0x505a38e1, 0x6293505a, 0x6edd6293, 0x753d6edd, 0x765f753d, 0x7377765f, 
0x6e037377, 0x679a6e03, 0x61a8679a, 0x5d4061a8, 0x5b025d40, 0x5b0e5b02, 0x5d0f5b0e, 0x605f5d0f, 
0x642b605f, 0x67a1642b, 0x6a1667a1, 0x6b276a16, 0x6abe6b27, 0x69136abe, 0x669b6913, 0x63e8669b, 
0x618d63e8, 0x5ffe618d, 0x5f7e5ffe, 0x60145f7e, 0x618d6014, 0x638c618d, 0x65a0638c, 0x675765a0, 
0x685e6757, 0x6889685e, 0x67da6889, 0x668367da, 0x64d46683, 0x632c64d4, 0x61e1632c, 0x613561e1, 
0x61446135, 0x62016144, 0x633c6201, 0x64af633c, 0x660964af, 0x67046609, 0x676e6704, 0x6737676e, 
0x66736737, 0x654f6673, 0x640c654f, 0x62ef640c, 0x623362ef, 0x61fb6233, 0x624e61fb, 0x6316624e, 
0x64256316, 0x653f6425, 0x6629653f, 0x66b36629, 0x66c466b3, 0x665b66c4, 0x6594665b, 0x64996594, 
0x63a36499, 0x62e463a3, 0x628362e4, 0x62916283, 0x630a6291, 0x63cf630a, 0x64b563cf, 0x658c64b5, 
0x6626658c, 0x66646626, 0x663c6664, 0x65b9663c, 0x64f865b9, 0x642564f8, 0x636b6425, 0x62f2636b, 
0x62d262f2, 0x630f62d2, 0x6399630f, 0x64536399, 0x65146453, 0x65b26514, 0x660e65b2, 0x6615660e, 
0x65c86615, 0x653865c8, 0x64866538, 0x63d96486, 0x635363d9, 0x63126353, 0x63216312, 0x637b6321, 
0x640c637b, 0x64b5640c, 0x655064b5, 0x65be6550, 0x65e865be, 0x65c665e8, 0x656265c6, 0x64d16562, 
0x643364d1, 0x63aa6433, 0x635263aa, 0x633d6352, 0x636f633d, 0x63db636f, 0x646963db, 0x64fc6469, 
0x657364fc, 0x65b76573, 0x65b965b7, 0x657a65b9, 0x6508657a, 0x647d6508, 0x63f7647d, 0x639163f7, 
0x63616391, 0x63706361, 0x63ba6370, 0x642e63ba, 0x64b4642e, 0x652e64b4, 0x6582652e, 0x65a16582, 
0x658365a1, 0x65306583, 0x64ba6530, 0x643c64ba, 0x63cf643c, 0x638b63cf, 0x637d638b, 0x63a8637d, 
0x640263a8, 0x64766402, 0x64ed6476, 0x654d64ed, 0x6581654d, 0x65806581, 0x654a6580, 0x64eb654a, 
0x647864eb, 0x640a6478, 0x63b8640a, 0x639363b8, 0x63a26393, 0x63e263a2, 0x644463e2, 0x64b36444, 
0x651764b3, 0x655c6517, 0x6572655c, 0x65576572, 0x650f6557, 0x64ac650f, 0x644264ac, 0x63e86442, 
0x63b063e8, 0x63a763b0, 0x63ce63a7, 0x641b63ce, 0x647f641b, 0x64e3647f, 0x653364e3, 0x655d6533, 
0x6559655d, 0x65296559, 0x64d76529, 0x647564d7, 0x64176475, 0x63d36417, 0x63b563d3, 0x63c563b5, 
0x63fd63c5, 0x645363fd, 0x64b26453, 0x650864b2, 0x65416508, 0x65526541, 0x65386552, 0x64f96538, 
0x64a264f9, 0x644664a2, 0x63f96446, 0x63cb63f9, 0x63c563cb, 0x63e963c5, 0x642e63e9, 0x6485642e, 
0x64dc6485, 0x652064dc, 0x65436520, 0x653e6543, 0x6512653e, 0x64c86512, 0x647264c8, 0x64216472, 
0x63e66421, 0x63ce63e6, 0x63de63ce, 0x641163de, 0x645d6411, 0x64b2645d, 0x64fd64b2, 0x652e64fd, 
0x653b652e, 0x6522653b, 0x64e86522, 0x649a64e8, 0x6449649a, 0x64056449, 0x63de6405, 0x63db63de, 
0x63fd63db, 0x643c63fd, 0x648a643c, 0x64d7648a, 0x651364d7, 0x65306513, 0x65296530, 0x65006529, 
0x64be6500, 0x647064be, 0x64276470, 0x63f46427, 0x63e063f4, 0x63f063e0, 0x642063f0, 0x64666420, 
0x64b26466, 0x64f464b2, 0x651f64f4, 0x6529651f, 0x65116529, 0x64db6511, 0x649464db, 0x644b6494, 
0x640f644b, 0x63ed640f, 0x63ec63ed, 0x640c63ec, 0x6446640c, 0x648e6446, 0x64d3648e, 0x650864d3, 
0x65226508, 0x651a6522, 0x64f3651a, 0x64b564f3, 0x646e64b5, 0x642d646e, 0x63ff642d, 0x63ef63ff, 
0x63ff63ef, 0x642c63ff, 0x646c642c, 0x64b2646c, 0x64ee64b2, 0x651464ee, 0x651b6514, 0x6503651b, 
0x64d16503, 0x648f64d1, 0x644c648f, 0x6416644c, 0x63f86416, 0x63f963f8, 0x641863f9, 0x644f6418, 
0x6491644f, 0x64d16491, 0x650164d1, 0x65166501, 0x650d6516, 0x64e8650d, 0x64ae64e8, 0x646c64ae, 
0x6430646c, 0x64076430, 0x63fa6407, 0x640b63fa, 0x6436640b, 0x64726436, 0x64b26472, 0x64e964b2, 
0x650b64e9, 0x6510650b, 0x64f96510, 0x64c964f9, 0x648b64c9, 0x644d648b, 0x641c644d, 0x6401641c, 
0x64046401, 0x64226404, 0x64566422, 0x64946456, 0x64cf6494, 0x64fa64cf, 0x650d64fa, 0x6503650d, 
0x64df6503, 0x64a864df, 0x646b64a8, 0x6433646b, 0x640e6433, 0x6403640e, 0x64146403, 0x643d6414, 
0x6476643d, 0x64b36476, 0x64e664b3, 0x650464e6, 0x65086504, 0x64f06508, 0x64c264f0, 0x648864c2, 
0x644d6488, 0x6420644d, 0x64086420, 0x640c6408, 0x642a640c, 0x645b642a, 0x6496645b, 0x64ce6496, 
0x64f664ce, 0x650664f6, 0x64fb6506, 0x64d864fb, 0x64a364d8, 0x646964a3, 0x64356469, 0x64136435, 
0x640a6413, 0x641c640a, 0x6444641c, 0x647a6444, 0x64b4647a, 0x64e364b4, 0x64ff64e3, 0x650164ff, 
0x64e96501, 0x64bc64e9, 0x648564bc, 0x644e6485, 0x6423644e, 0x640e6423, 0x6413640e, 0x64306413, 
0x64606430, 0x64996460, 0x64cd6499, 0x64f264cd, 0x650064f2, 0x64f56500, 0x64d264f5, 0x649f64d2, 
0x6467649f, 0x64376467, 0x64176437, 0x64106417, 0x64226410, 0x64496422, 0x647e6449, 0x64b4647e, 
0x64e164b4, 0x64fa64e1, 0x64fb64fa, 0x64e364fb, 0x64b764e3, 0x648264b7, 0x644d6482, 0x6425644d, 
0x64126425, 0x64186412, 0x64366418, 0x64656436, 0x649b6465, 0x64cd649b, 0x64ef64cd, 0x64fc64ef, 
0x64ef64fc, 0x64cd64ef, 0x649b64cd, 0x6466649b, 0x64376466, 0x641a6437, 0x6414641a, 0x64276414, 
0x644e6427, 0x6481644e, 0x64b66481, 0x64e064b6, 0x64f764e0, 0x64f664f7, 0x64de64f6, 0x64b364de, 
0x647f64b3, 0x644d647f, 0x6427644d, 0x64166427, 0x641d6416, 0x643b641d, 0x6469643b, 0x649d6469, 
0x64cd649d, 0x64ed64cd, 0x64f864ed, 0x64eb64f8, 0x64c864eb, 0x649864c8, 0x64646498, 0x64386464, 
0x641c6438, 0x6418641c, 0x642b6418, 0x6452642b, 0x64846452, 0x64b76484, 0x64df64b7, 0x64f564df, 
0x64f364f5, 0x64da64f3, 0x64af64da, 0x647c64af, 0x644c647c, 0x6428644c, 0x64186428, 0x64206418, 
0x643e6420, 0x646c643e, 0x649f646c, 0x64cd649f, 0x64ec64cd, 0x64f664ec, 0x64e764f6, 0x64c564e7, 
0x649564c5, 0x64626495, 0x64376462, 0x641e6437, 0x641b641e, 0x642f641b, 0x6456642f, 0x64876456, 
0x64b86487, 0x64df64b8, 0x64f364df, 0x64f064f3, 0x64d764f0, 0x64ac64d7, 0x647a64ac, 0x644a647a, 
0x6428644a, 0x641a6428, 0x6423641a, 0x64426423, 0x646f6442, 0x64a2646f, 0x64ce64a2, 0x64ec64ce, 
0x64f464ec, 0x64e564f4, 0x64c164e5, 0x649264c1, 0x64606492, 0x64376460, 0x641e6437, 0x641d641e, 
0x6432641d, 0x64596432, 0x648a6459, 0x64ba648a, 0x64e064ba, 0x64f264e0, 0x64ee64f2, 0x64d464ee, 
0x64a964d4, 0x647764a9, 0x64496477, 0x64286449, 0x641b6428, 0x6425641b, 0x64456425, 0x64726445, 
0x64a46472, 0x64d064a4, 0x64ec64d0, 0x64f364ec, 0x64e264f3, 0x64bf64e2, 0x648f64bf, 0x645e648f, 
0x6435645e, 0x641f6435, 0x641e641f, 0x6434641e, 0x645b6434, 0x648c645b, 0x64bc648c, 0x64e164bc, 
0x64f264e1, 0x64ed64f2, 0x64d164ed, 0x64a664d1, 0x647564a6, 0x64476475, 0x64276447, 0x641b6427, 
0x6427641b, 0x64476427, 0x64756447, 0x64a66475, 0x64d164a6, 0x64ed64d1, 0x64f264ed, 0x64e164f2, 
0x64bc64e1, 0x648c64bc, 0x645b648c, 0x6434645b, 0x641e6434, 0x641f641e, 0x6435641f, 0x645e6435, 
0x648f645e, 0x64bf648f, 0x64e264bf, 0x64f364e2, 0x64ec64f3, 0x64d064ec, 0x64a464d0, 0x647264a4, 
0x64456472, 0x64256445, 0x641b6425, 0x6428641b, 0x64496428, 0x64776449, 0x64a96477, 0x64d464a9, 
0x64ee64d4, 0x64f264ee, 0x64e064f2, 0x64ba64e0, 0x648a64ba, 0x6459648a, 0x64326459, 0x641d6432, 
0x641e641d, 0x6437641e, 0x64606437, 0x64926460, 0x64c16492, 0x64e564c1, 0x64f464e5, 0x64ec64f4, 
0x64ce64ec, 0x64a264ce, 0x646f64a2, 0x6442646f, 0x64236442, 0x641a6423, 0x6428641a, 0x644a6428, 
0x647a644a, 0x64ac647a, 0x64d764ac, 0x64f064d7, 0x64f364f0, 0x64df64f3, 0x64b864df, 0x648764b8, 
0x64566487, 0x642f6456, 0x641b642f, 0x641e641b, 0x6437641e, 0x64626437, 0x64956462, 0x64c56495, 
0x64e764c5, 0x64f664e7, 0x64ec64f6, 0x64cd64ec, 0x649f64cd, 0x646c649f, 0x643e646c, 0x6420643e, 
0x64186420, 0x64286418, 0x644c6428, 0x647c644c, 0x64af647c, 0x64da64af, 0x64f364da, 0x64f564f3, 
0x64df64f5, 0x64b764df, 0x648464b7, 0x64526484, 0x642b6452, 0x6418642b, 0x641c6418, 0x6438641c, 
0x64646438, 0x64986464, 0x64c86498, 0x64eb64c8, 0x64f864eb, 0x64ed64f8, 0x64cd64ed, 0x649d64cd, 
0x6469649d, 0x643b6469, 0x641d643b, 0x6416641d, 0x64276416, 0x644d6427, 0x647f644d, 0x64b3647f, 
0x64de64b3, 0x64f664de, 0x64f764f6, 0x64e064f7, 0x64b664e0, 0x648164b6, 0x644e6481, 0x6427644e, 
0x64146427, 0x641a6414, 0x6437641a, 0x64666437, 0x649b6466, 0x64cd649b, 0x64ef64cd, 0x64fc64ef, 
0x64ef64fc, 0x64cd64ef, 0x649b64cd, 0x6465649b, 0x64366465, 0x64186436, 0x64126418, 0x64256412, 
0x644d6425, 0x6482644d, 0x64b76482, 0x64e364b7, 0x64fb64e3, 0x64fa64fb, 0x64e164fa, 0x64b464e1, 
0x647e64b4, 0x6449647e, 0x64226449, 0x64106422, 0x64176410, 0x64376417, 0x64676437, 0x649f6467, 
0x64d2649f, 0x64f564d2, 0x650064f5, 0x64f26500, 0x64cd64f2, 0x649964cd, 0x64606499, 0x64306460, 
0x64136430, 0x640e6413, 0x6423640e, 0x644e6423, 0x6485644e, 0x64bc6485, 0x64e964bc, 0x650164e9, 
0x64ff6501, 0x64e364ff, 0x64b464e3, 0x647a64b4, 0x6444647a, 0x641c6444, 0x640a641c, 0x6413640a, 
0x64356413, 0x64696435, 0x64a36469, 0x64d864a3, 0x64fb64d8, 0x650664fb, 0x64f66506, 0x64ce64f6, 
0x649664ce, 0x645b6496, 0x642a645b, 0x640c642a, 0x6408640c, 0x64206408, 0x644d6420, 0x6488644d, 
0x64c26488, 0x64f064c2, 0x650864f0, 0x65046508, 0x64e66504, 0x64b364e6, 0x647664b3, 0x643d6476, 
0x6414643d, 0x64036414, 0x640e6403, 0x6433640e, 0x646b6433, 0x64a8646b, 0x64df64a8, 0x650364df, 
0x650d6503, 0x64fa650d, 0x64cf64fa, 0x649464cf, 0x64566494, 0x64226456, 0x64046422, 0x64016404, 
0x641c6401, 0x644d641c, 0x648b644d, 0x64c9648b, 0x64f964c9, 0x651064f9, 0x650b6510, 0x64e9650b, 
0x64b264e9, 0x647264b2, 0x64366472, 0x640b6436, 0x63fa640b, 0x640763fa, 0x64306407, 0x646c6430, 
0x64ae646c, 0x64e864ae, 0x650d64e8, 0x6516650d, 0x65016516, 0x64d16501, 0x649164d1, 0x644f6491, 
0x6418644f, 0x63f96418, 0x63f863f9, 0x641663f8, 0x644c6416, 0x648f644c, 0x64d1648f, 0x650364d1, 
0x651b6503, 0x6514651b, 0x64ee6514, 0x64b264ee, 0x646c64b2, 0x642c646c, 0x63ff642c, 0x63ef63ff, 
0x63ff63ef, 0x642d63ff, 0x646e642d, 0x64b5646e, 0x64f364b5, 0x651a64f3, 0x6522651a, 0x65086522, 
0x64d36508, 0x648e64d3, 0x6446648e, 0x640c6446, 0x63ec640c, 0x63ed63ec, 0x640f63ed, 0x644b640f, 
0x6494644b, 0x64db6494, 0x651164db, 0x65296511, 0x651f6529, 0x64f4651f, 0x64b264f4, 0x646664b2, 
0x64206466, 0x63f06420, 0x63e063f0, 0x63f463e0, 0x642763f4, 0x64706427, 0x64be6470, 0x650064be, 
0x65296500, 0x65306529, 0x65136530, 0x64d76513, 0x648a64d7, 0x643c648a, 0x63fd643c, 0x63db63fd, 
0x63de63db, 0x640563de, 0x64496405, 0x649a6449, 0x64e8649a, 0x652264e8, 0x653b6522, 0x652e653b, 
0x64fd652e, 0x64b264fd, 0x645d64b2, 0x6411645d, 0x63de6411, 0x63ce63de, 0x63e663ce, 0x642163e6, 
0x64726421, 0x64c86472, 0x651264c8, 0x653e6512, 0x6543653e, 0x65206543, 0x64dc6520, 0x648564dc, 
0x642e6485, 0x63e9642e, 0x63c563e9, 0x63cb63c5, 0x63f963cb, 0x644663f9, 0x64a26446, 0x64f964a2, 
0x653864f9, 0x65526538, 0x65416552, 0x65086541, 0x64b26508, 0x645364b2, 0x63fd6453, 0x63c563fd, 
0x63b563c5, 0x63d363b5, 0x641763d3, 0x64756417, 0x64d76475, 0x652964d7, 0x65596529, 0x655d6559, 
0x6533655d, 0x64e36533, 0x647f64e3, 0x641b647f, 0x63ce641b, 0x63a763ce, 0x63b063a7, 0x63e863b0, 
0x644263e8, 0x64ac6442, 0x650f64ac, 0x6557650f, 0x65726557, 0x655c6572, 0x6517655c, 0x64b36517, 
0x644464b3, 0x63e26444, 0x63a263e2, 0x639363a2, 0x63b86393, 0x640a63b8, 0x6478640a, 0x64eb6478, 
0x654a64eb, 0x6580654a, 0x65816580, 0x654d6581, 0x64ed654d, 0x647664ed, 0x64026476, 0x63a86402, 
0x637d63a8, 0x638b637d, 0x63cf638b, 0x643c63cf, 0x64ba643c, 0x653064ba, 0x65836530, 0x65a16583, 
0x658265a1, 0x652e6582, 0x64b4652e, 0x642e64b4, 0x63ba642e, 0x637063ba, 0x63616370, 0x63916361, 
0x63f76391, 0x647d63f7, 0x6508647d, 0x657a6508, 0x65b9657a, 0x65b765b9, 0x657365b7, 0x64fc6573, 
0x646964fc, 0x63db6469, 0x636f63db, 0x633d636f, 0x6352633d, 0x63aa6352, 0x643363aa, 0x64d16433, 
0x656264d1, 0x65c66562, 0x65e865c6, 0x65be65e8, 0x655065be, 0x64b56550, 0x640c64b5, 0x637b640c, 
0x6321637b, 0x63126321, 0x63536312, 0x63d96353, 0x648663d9, 0x65386486, 0x65c86538, 0x661565c8, 
0x660e6615, 0x65b2660e, 0x651465b2, 0x64536514, 0x63996453, 0x630f6399, 0x62d2630f, 0x62f262d2, 
0x636b62f2, 0x6425636b, 0x64f86425, 0x65b964f8, 0x663c65b9, 0x6664663c, 0x66266664, 0x658c6626, 
0x64b5658c, 0x63cf64b5, 0x630a63cf, 0x6291630a, 0x62836291, 0x62e46283, 0x63a362e4, 0x649963a3, 
0x65946499, 0x665b6594, 0x66c4665b, 0x66b366c4, 0x662966b3, 0x653f6629, 0x6425653f, 0x63166425, 
0x624e6316, 0x61fb624e, 0x623361fb, 0x62ef6233, 0x640c62ef, 0x654f640c, 0x6673654f, 0x67376673, 
0x676e6737, 0x6704676e, 0x66096704, 0x64af6609, 0x633c64af, 0x6201633c, 0x61446201, 0x61356144, 
0x61e16135, 0x632c61e1, 0x64d4632c, 0x668364d4, 0x67da6683, 0x688967da, 0x685e6889, 0x6757685e, 
0x65a06757, 0x638c65a0, 0x618d638c, 0x6014618d, 0x5f7e6014, 0x5ffe5f7e, 0x618d5ffe, 0x63e8618d, 
0x669b63e8, 0x6913669b, 0x6abe6913, 0x6b276abe, 0x6a166b27, 0x67a16a16, 0x642b67a1, 0x605f642b, 
0x5d0f605f, 0x5b0e5d0f, 0x5b025b0e, 0x5d405b02, 0x61a85d40, 0x679a61a8, 0x6e03679a, 0x73776e03, 
0x765f7377, 0x753d765f, 0x6edd753d, 0x62936edd, 0x505a6293, 0x38e1505a, 0x1d7c38e1, 0x00001d7c, 
0xe2840000, 0xc71fe284, 0xafa6c71f, 0x9d6dafa6, 0x91239d6d, 0x8ac39123, 0x89a18ac3, 0x8c8989a1, 
0x91fd8c89, 0x986691fd, 0x9e589866, 0xa2c09e58, 0xa4fea2c0, 0xa4f2a4fe, 0xa2f1a4f2, 0x9fa1a2f1, 
0x9bd59fa1, 0x985f9bd5, 0x95ea985f, 0x94d995ea, 0x954294d9, 0x96ed9542, 0x996596ed, 0x9c189965, 
0x9e739c18, 0xa0029e73, 0xa082a002, 0x9feca082, 0x9e739fec, 0x9c749e73, 0x9a609c74, 0x98a99a60, 
0x97a298a9, 0x977797a2, 0x98269777, 0x997d9826, 0x9b2c997d, 0x9cd49b2c, 0x9e1f9cd4, 0x9ecb9e1f, 
0x9ebc9ecb, 0x9dff9ebc, 0x9cc49dff, 0x9b519cc4, 0x99f79b51, 0x98fc99f7, 0x989298fc, 0x98c99892, 
0x998d98c9, 0x9ab1998d, 0x9bf49ab1, 0x9d119bf4, 0x9dcd9d11, 0x9e059dcd, 0x9db29e05, 0x9cea9db2, 
0x9bdb9cea, 0x9ac19bdb, 0x99d79ac1, 0x994d99d7, 0x993c994d, 0x99a5993c, 0x9a6c99a5, 0x9b679a6c, 
0x9c5d9b67, 0x9d1c9c5d, 0x9d7d9d1c, 0x9d6f9d7d, 0x9cf69d6f, 0x9c319cf6, 0x9b4b9c31, 0x9a749b4b, 
0x99da9a74, 0x999c99da, 0x99c4999c, 0x9a4799c4, 0x9b089a47, 0x9bdb9b08, 0x9c959bdb, 0x9d0e9c95, 
0x9d2e9d0e, 0x9cf19d2e, 0x9c679cf1, 0x9bad9c67, 0x9aec9bad, 0x9a4e9aec, 0x99f29a4e, 0x99eb99f2, 
0x9a3899eb, 0x9ac89a38, 0x9b7a9ac8, 0x9c279b7a, 0x9cad9c27, 0x9cee9cad, 0x9cdf9cee, 0x9c859cdf, 
0x9bf49c85, 0x9b4b9bf4, 0x9ab09b4b, 0x9a429ab0, 0x9a189a42, 0x9a3a9a18, 0x9a9e9a3a, 0x9b2f9a9e, 
0x9bcd9b2f, 0x9c569bcd, 0x9cae9c56, 0x9cc39cae, 0x9c919cc3, 0x9c259c91, 0x9b979c25, 0x9b049b97, 
0x9a8d9b04, 0x9a499a8d, 0x9a479a49, 0x9a869a47, 0x9af89a86, 0x9b839af8, 0x9c099b83, 0x9c6f9c09, 
0x9c9f9c6f, 0x9c909c9f, 0x9c469c90, 0x9bd29c46, 0x9b4c9bd2, 0x9ad29b4c, 0x9a7e9ad2, 0x9a5f9a7e, 
0x9a7d9a5f, 0x9ad09a7d, 0x9b469ad0, 0x9bc49b46, 0x9c319bc4, 0x9c759c31, 0x9c839c75, 0x9c589c83, 
0x9bfe9c58, 0x9b8a9bfe, 0x9b139b8a, 0x9ab39b13, 0x9a7f9ab3, 0x9a809a7f, 0x9ab69a80, 0x9b159ab6, 
0x9b889b15, 0x9bf69b88, 0x9c489bf6, 0x9c6d9c48, 0x9c5e9c6d, 0x9c1e9c5e, 0x9bbc9c1e, 0x9b4d9bbc, 
0x9ae99b4d, 0x9aa49ae9, 0x9a8e9aa4, 0x9aa99a8e, 0x9af19aa9, 0x9b549af1, 0x9bbe9b54, 0x9c189bbe, 
0x9c509c18, 0x9c599c50, 0x9c329c59, 0x9be59c32, 0x9b819be5, 0x9b1d9b81, 0x9acd9b1d, 0x9aa39acd, 
0x9aa79aa3, 0x9ad79aa7, 0x9b299ad7, 0x9b8b9b29, 0x9be99b8b, 0x9c2d9be9, 0x9c4b9c2d, 0x9c3b9c4b, 
0x9c039c3b, 0x9bad9c03, 0x9b4e9bad, 0x9af89b4e, 0x9abf9af8, 0x9aae9abf, 0x9ac89aae, 0x9b079ac8, 
0x9b5e9b07, 0x9bba9b5e, 0x9c079bba, 0x9c359c07, 0x9c3b9c35, 0x9c179c3b, 0x9bd29c17, 0x9b7b9bd2, 
0x9b249b7b, 0x9ae09b24, 0x9abd9ae0, 0x9ac29abd, 0x9aee9ac2, 0x9b389aee, 0x9b8e9b38, 0x9bdf9b8e, 
0x9c1a9bdf, 0x9c329c1a, 0x9c229c32, 0x9bef9c22, 0x9ba39bef, 0x9b4e9ba3, 0x9b039b4e, 0x9ad29b03, 
0x9ac59ad2, 0x9ade9ac5, 0x9b189ade, 0x9b669b18, 0x9bb79b66, 0x9bfb9bb7, 0x9c229bfb, 0x9c259c22, 
0x9c039c25, 0x9bc49c03, 0x9b769bc4, 0x9b299b76, 0x9aed9b29, 0x9ad09aed, 0x9ad79ad0, 0x9b009ad7, 
0x9b429b00, 0x9b909b42, 0x9bd99b90, 0x9c0c9bd9, 0x9c209c0c, 0x9c109c20, 0x9be09c10, 0x9b9a9be0, 
0x9b4e9b9a, 0x9b0c9b4e, 0x9ae19b0c, 0x9ad79ae1, 0x9aef9ad7, 0x9b259aef, 0x9b6c9b25, 0x9bb59b6c, 
0x9bf19bb5, 0x9c139bf1, 0x9c149c13, 0x9bf49c14, 0x9bba9bf4, 0x9b729bba, 0x9b2d9b72, 0x9af89b2d, 
0x9ade9af8, 0x9ae69ade, 0x9b0d9ae6, 0x9b4b9b0d, 0x9b929b4b, 0x9bd39b92, 0x9c019bd3, 0x9c119c01, 
0x9c019c11, 0x9bd49c01, 0x9b949bd4, 0x9b4e9b94, 0x9b129b4e, 0x9aec9b12, 0x9ae59aec, 0x9afd9ae5, 
0x9b2f9afd, 0x9b719b2f, 0x9bb49b71, 0x9bea9bb4, 0x9c089bea, 0x9c079c08, 0x9be89c07, 0x9bb19be8, 
0x9b6f9bb1, 0x9b2f9b6f, 0x9aff9b2f, 0x9aea9aff, 0x9af39aea, 0x9b189af3, 0x9b529b18, 0x9b949b52, 
0x9bd09b94, 0x9bf99bd0, 0x9c069bf9, 0x9bf59c06, 0x9bca9bf5, 0x9b8e9bca, 0x9b4e9b8e, 0x9b179b4e, 
0x9af59b17, 0x9af09af5, 0x9b079af0, 0x9b379b07, 0x9b759b37, 0x9bb39b75, 0x9be49bb3, 0x9bff9be4, 
0x9bfc9bff, 0x9bde9bfc, 0x9baa9bde, 0x9b6c9baa, 0x9b319b6c, 0x9b069b31, 0x9af39b06, 0x9afd9af3, 
0x9b219afd, 0x9b589b21, 0x9b959b58, 0x9bcd9b95, 0x9bf29bcd, 0x9bfd9bf2, 0x9bec9bfd, 0x9bc39bec, 
0x9b8a9bc3, 0x9b4d9b8a, 0x9b1a9b4d, 0x9afc9b1a, 0x9af89afc, 0x9b109af8, 0x9b3e9b10, 0x9b789b3e, 
0x9bb39b78, 0x9be09bb3, 0x9bf89be0, 0x9bf49bf8, 0x9bd69bf4, 0x9ba59bd6, 0x9b6a9ba5, 0x9b329b6a, 
0x9b0a9b32, 0x9afa9b0a, 0x9b059afa, 0x9b289b05, 0x9b5d9b28, 0x9b979b5d, 0x9bcb9b97, 0x9bed9bcb, 
0x9bf69bed, 0x9be49bf6, 0x9bbc9be4, 0x9b869bbc, 0x9b4c9b86, 0x9b1d9b4c, 0x9b019b1d, 0x9aff9b01, 
0x9b179aff, 0x9b449b17, 0x9b7b9b44, 0x9bb29b7b, 0x9bdd9bb2, 0x9bf29bdd, 0x9bed9bf2, 0x9bd09bed, 
0x9ba09bd0, 0x9b679ba0, 0x9b339b67, 0x9b0e9b33, 0x9b009b0e, 0x9b0b9b00, 0x9b2e9b0b, 0x9b619b2e, 
0x9b999b61, 0x9bc99b99, 0x9be99bc9, 0x9bf09be9, 0x9bde9bf0, 0x9bb79bde, 0x9b829bb7, 0x9b4c9b82, 
0x9b1f9b4c, 0x9b069b1f, 0x9b059b06, 0x9b1d9b05, 0x9b499b1d, 0x9b7e9b49, 0x9bb39b7e, 0x9bdb9bb3, 
0x9bee9bdb, 0x9be89bee, 0x9bca9be8, 0x9b9b9bca, 0x9b659b9b, 0x9b339b65, 0x9b119b33, 0x9b049b11, 
0x9b119b04, 0x9b339b11, 0x9b659b33, 0x9b9a9b65, 0x9bc99b9a, 0x9be69bc9, 0x9bec9be6, 0x9bd99bec, 
0x9bb29bd9, 0x9b7f9bb2, 0x9b4a9b7f, 0x9b209b4a, 0x9b099b20, 0x9b0a9b09, 0x9b229b0a, 0x9b4d9b22, 
0x9b819b4d, 0x9bb39b81, 0x9bd99bb3, 0x9bea9bd9, 0x9be39bea, 0x9bc59be3, 0x9b979bc5, 0x9b639b97, 
0x9b339b63, 0x9b139b33, 0x9b089b13, 0x9b159b08, 0x9b389b15, 0x9b689b38, 0x9b9c9b68, 0x9bc89b9c, 
0x9be49bc8, 0x9be89be4, 0x9bd59be8, 0x9bae9bd5, 0x9b7c9bae, 0x9b499b7c, 0x9b219b49, 0x9b0b9b21, 
0x9b0d9b0b, 0x9b269b0d, 0x9b519b26, 0x9b849b51, 0x9bb49b84, 0x9bd89bb4, 0x9be89bd8, 0x9be09be8, 
0x9bc29be0, 0x9b949bc2, 0x9b619b94, 0x9b339b61, 0x9b149b33, 0x9b0a9b14, 0x9b199b0a, 0x9b3b9b19, 
0x9b6b9b3b, 0x9b9e9b6b, 0x9bc99b9e, 0x9be29bc9, 0x9be59be2, 0x9bd19be5, 0x9baa9bd1, 0x9b799baa, 
0x9b489b79, 0x9b219b48, 0x9b0d9b21, 0x9b109b0d, 0x9b299b10, 0x9b549b29, 0x9b869b54, 0x9bb69b86, 
0x9bd89bb6, 0x9be69bd8, 0x9bdd9be6, 0x9bbe9bdd, 0x9b919bbe, 0x9b5e9b91, 0x9b329b5e, 0x9b149b32, 
0x9b0c9b14, 0x9b1b9b0c, 0x9b3f9b1b, 0x9b6e9b3f, 0x9ba09b6e, 0x9bc99ba0, 0x9be29bc9, 0x9be39be2, 
0x9bce9be3, 0x9ba79bce, 0x9b769ba7, 0x9b469b76, 0x9b209b46, 0x9b0e9b20, 0x9b129b0e, 0x9b2c9b12, 
0x9b579b2c, 0x9b899b57, 0x9bb79b89, 0x9bd89bb7, 0x9be59bd8, 0x9bdb9be5, 0x9bbb9bdb, 0x9b8e9bbb, 
0x9b5c9b8e, 0x9b309b5c, 0x9b149b30, 0x9b0d9b14, 0x9b1e9b0d, 0x9b419b1e, 0x9b719b41, 0x9ba29b71, 
0x9bcb9ba2, 0x9be19bcb, 0x9be29be1, 0x9bcc9be2, 0x9ba59bcc, 0x9b749ba5, 0x9b449b74, 0x9b1f9b44, 
0x9b0e9b1f, 0x9b139b0e, 0x9b2f9b13, 0x9b5a9b2f, 0x9b8b9b5a, 0x9bb99b8b, 0x9bd99bb9, 0x9be59bd9, 
0x9bd99be5, 0x9bb99bd9, 0x9b8b9bb9, 0x9b5a9b8b, 0x9b2f9b5a, 0x9b139b2f, 0x9b0e9b13, 0x9b1f9b0e, 
0x9b449b1f, 0x9b749b44, 0x9ba59b74, 0x9bcc9ba5, 0x9be29bcc, 0x9be19be2, 0x9bcb9be1, 0x9ba29bcb, 
0x9b719ba2, 0x9b419b71, 0x9b1e9b41, 0x9b0d9b1e, 0x9b149b0d, 0x9b309b14, 0x9b5c9b30, 0x9b8e9b5c, 
0x9bbb9b8e, 0x9bdb9bbb, 0x9be59bdb, 0x9bd89be5, 0x9bb79bd8, 0x9b899bb7, 0x9b579b89, 0x9b2c9b57, 
0x9b129b2c, 0x9b0e9b12, 0x9b209b0e, 0x9b469b20, 0x9b769b46, 0x9ba79b76, 0x9bce9ba7, 0x9be39bce, 
0x9be29be3, 0x9bc99be2, 0x9ba09bc9, 0x9b6e9ba0, 0x9b3f9b6e, 0x9b1b9b3f, 0x9b0c9b1b, 0x9b149b0c, 
0x9b329b14, 0x9b5e9b32, 0x9b919b5e, 0x9bbe9b91, 0x9bdd9bbe, 0x9be69bdd, 0x9bd89be6, 0x9bb69bd8, 
0x9b869bb6, 0x9b549b86, 0x9b299b54, 0x9b109b29, 0x9b0d9b10, 0x9b219b0d, 0x9b489b21, 0x9b799b48, 
0x9baa9b79, 0x9bd19baa, 0x9be59bd1, 0x9be29be5, 0x9bc99be2, 0x9b9e9bc9, 0x9b6b9b9e, 0x9b3b9b6b, 
0x9b199b3b, 0x9b0a9b19, 0x9b149b0a, 0x9b339b14, 0x9b619b33, 0x9b949b61, 0x9bc29b94, 0x9be09bc2, 
0x9be89be0, 0x9bd89be8, 0x9bb49bd8, 0x9b849bb4, 0x9b519b84, 0x9b269b51, 0x9b0d9b26, 0x9b0b9b0d, 
0x9b219b0b, 0x9b499b21, 0x9b7c9b49, 0x9bae9b7c, 0x9bd59bae, 0x9be89bd5, 0x9be49be8, 0x9bc89be4, 
0x9b9c9bc8, 0x9b689b9c, 0x9b389b68, 0x9b159b38, 0x9b089b15, 0x9b139b08, 0x9b339b13, 0x9b639b33, 
0x9b979b63, 0x9bc59b97, 0x9be39bc5, 0x9bea9be3, 0x9bd99bea, 0x9bb39bd9, 0x9b819bb3, 0x9b4d9b81, 
0x9b229b4d, 0x9b0a9b22, 0x9b099b0a, 0x9b209b09, 0x9b4a9b20, 0x9b7f9b4a, 0x9bb29b7f, 0x9bd99bb2, 
0x9bec9bd9, 0x9be69bec, 0x9bc99be6, 0x9b9a9bc9, 0x9b659b9a, 0x9b339b65, 0x9b119b33, 0x9b049b11, 
0x9b119b04, 0x9b339b11, 0x9b659b33, 0x9b9b9b65, 0x9bca9b9b, 0x9be89bca, 0x9bee9be8, 0x9bdb9bee, 
0x9bb39bdb, 0x9b7e9bb3, 0x9b499b7e, 0x9b1d9b49, 0x9b059b1d, 0x9b069b05, 0x9b1f9b06, 0x9b4c9b1f, 
0x9b829b4c, 0x9bb79b82, 0x9bde9bb7, 0x9bf09bde, 0x9be99bf0, 0x9bc99be9, 0x9b999bc9, 0x9b619b99, 
0x9b2e9b61, 0x9b0b9b2e, 0x9b009b0b, 0x9b0e9b00, 0x9b339b0e, 0x9b679b33, 0x9ba09b67, 0x9bd09ba0, 
0x9bed9bd0, 0x9bf29bed, 0x9bdd9bf2, 0x9bb29bdd, 0x9b7b9bb2, 0x9b449b7b, 0x9b179b44, 0x9aff9b17, 
0x9b019aff, 0x9b1d9b01, 0x9b4c9b1d, 0x9b869b4c, 0x9bbc9b86, 0x9be49bbc, 0x9bf69be4, 0x9bed9bf6, 
0x9bcb9bed, 0x9b979bcb, 0x9b5d9b97, 0x9b289b5d, 0x9b059b28, 0x9afa9b05, 0x9b0a9afa, 0x9b329b0a, 
0x9b6a9b32, 0x9ba59b6a, 0x9bd69ba5, 0x9bf49bd6, 0x9bf89bf4, 0x9be09bf8, 0x9bb39be0, 0x9b789bb3, 
0x9b3e9b78, 0x9b109b3e, 0x9af89b10, 0x9afc9af8, 0x9b1a9afc, 0x9b4d9b1a, 0x9b8a9b4d, 0x9bc39b8a, 
0x9bec9bc3, 0x9bfd9bec, 0x9bf29bfd, 0x9bcd9bf2, 0x9b959bcd, 0x9b589b95, 0x9b219b58, 0x9afd9b21, 
0x9af39afd, 0x9b069af3, 0x9b319b06, 0x9b6c9b31, 0x9baa9b6c, 0x9bde9baa, 0x9bfc9bde, 0x9bff9bfc, 
0x9be49bff, 0x9bb39be4, 0x9b759bb3, 0x9b379b75, 0x9b079b37, 0x9af09b07, 0x9af59af0, 0x9b179af5, 
0x9b4e9b17, 0x9b8e9b4e, 0x9bca9b8e, 0x9bf59bca, 0x9c069bf5, 0x9bf99c06, 0x9bd09bf9, 0x9b949bd0, 
0x9b529b94, 0x9b189b52, 0x9af39b18, 0x9aea9af3, 0x9aff9aea, 0x9b2f9aff, 0x9b6f9b2f, 0x9bb19b6f, 
0x9be89bb1, 0x9c079be8, 0x9c089c07, 0x9bea9c08, 0x9bb49bea, 0x9b719bb4, 0x9b2f9b71, 0x9afd9b2f, 
0x9ae59afd, 0x9aec9ae5, 0x9b129aec, 0x9b4e9b12, 0x9b949b4e, 0x9bd49b94, 0x9c019bd4, 0x9c119c01, 
0x9c019c11, 0x9bd39c01, 0x9b929bd3, 0x9b4b9b92, 0x9b0d9b4b, 0x9ae69b0d, 0x9ade9ae6, 0x9af89ade, 
0x9b2d9af8, 0x9b729b2d, 0x9bba9b72, 0x9bf49bba, 0x9c149bf4, 0x9c139c14, 0x9bf19c13, 0x9bb59bf1, 
0x9b6c9bb5, 0x9b259b6c, 0x9aef9b25, 0x9ad79aef, 0x9ae19ad7, 0x9b0c9ae1, 0x9b4e9b0c, 0x9b9a9b4e, 
0x9be09b9a, 0x9c109be0, 0x9c209c10, 0x9c0c9c20, 0x9bd99c0c, 0x9b909bd9, 0x9b429b90, 0x9b009b42, 
0x9ad79b00, 0x9ad09ad7, 0x9aed9ad0, 0x9b299aed, 0x9b769b29, 0x9bc49b76, 0x9c039bc4, 0x9c259c03, 
0x9c229c25, 0x9bfb9c22, 0x9bb79bfb, 0x9b669bb7, 0x9b189b66, 0x9ade9b18, 0x9ac59ade, 0x9ad29ac5, 
0x9b039ad2, 0x9b4e9b03, 0x9ba39b4e, 0x9bef9ba3, 0x9c229bef, 0x9c329c22, 0x9c1a9c32, 0x9bdf9c1a, 
0x9b8e9bdf, 0x9b389b8e, 0x9aee9b38, 0x9ac29aee, 0x9abd9ac2, 0x9ae09abd, 0x9b249ae0, 0x9b7b9b24, 
0x9bd29b7b, 0x9c179bd2, 0x9c3b9c17, 0x9c359c3b, 0x9c079c35, 0x9bba9c07, 0x9b5e9bba, 0x9b079b5e, 
0x9ac89b07, 0x9aae9ac8, 0x9abf9aae, 0x9af89abf, 0x9b4e9af8, 0x9bad9b4e, 0x9c039bad, 0x9c3b9c03, 
0x9c4b9c3b, 0x9c2d9c4b, 0x9be99c2d, 0x9b8b9be9, 0x9b299b8b, 0x9ad79b29, 0x9aa79ad7, 0x9aa39aa7, 
0x9acd9aa3, 0x9b1d9acd, 0x9b819b1d, 0x9be59b81, 0x9c329be5, 0x9c599c32, 0x9c509c59, 0x9c189c50, 
0x9bbe9c18, 0x9b549bbe, 0x9af19b54, 0x9aa99af1, 0x9a8e9aa9, 0x9aa49a8e, 0x9ae99aa4, 0x9b4d9ae9, 
0x9bbc9b4d, 0x9c1e9bbc, 0x9c5e9c1e, 0x9c6d9c5e, 0x9c489c6d, 0x9bf69c48, 0x9b889bf6, 0x9b159b88, 
0x9ab69b15, 0x9a809ab6, 0x9a7f9a80, 0x9ab39a7f, 0x9b139ab3, 0x9b8a9b13, 0x9bfe9b8a, 0x9c589bfe, 
0x9c839c58, 0x9c759c83, 0x9c319c75, 0x9bc49c31, 0x9b469bc4, 0x9ad09b46, 0x9a7d9ad0, 0x9a5f9a7d, 
0x9a7e9a5f, 0x9ad29a7e, 0x9b4c9ad2, 0x9bd29b4c, 0x9c469bd2, 0x9c909c46, 0x9c9f9c90, 0x9c6f9c9f, 
0x9c099c6f, 0x9b839c09, 0x9af89b83, 0x9a869af8, 0x9a479a86, 0x9a499a47, 0x9a8d9a49, 0x9b049a8d, 
0x9b979b04, 0x9c259b97, 0x9c919c25, 0x9cc39c91, 0x9cae9cc3, 0x9c569cae, 0x9bcd9c56, 0x9b2f9bcd, 
0x9a9e9b2f, 0x9a3a9a9e, 0x9a189a3a, 0x9a429a18, 0x9ab09a42, 0x9b4b9ab0, 0x9bf49b4b, 0x9c859bf4, 
0x9cdf9c85, 0x9cee9cdf, 0x9cad9cee, 0x9c279cad, 0x9b7a9c27, 0x9ac89b7a, 0x9a389ac8, 0x99eb9a38, 
0x99f299eb, 0x9a4e99f2, 0x9aec9a4e, 0x9bad9aec, 0x9c679bad, 0x9cf19c67, 0x9d2e9cf1, 0x9d0e9d2e, 
0x9c959d0e, 0x9bdb9c95, 0x9b089bdb, 0x9a479b08, 0x99c49a47, 0x999c99c4, 0x99da999c, 0x9a7499da, 
0x9b4b9a74, 0x9c319b4b, 0x9cf69c31, 0x9d6f9cf6, 0x9d7d9d6f, 0x9d1c9d7d, 0x9c5d9d1c, 0x9b679c5d, 
0x9a6c9b67, 0x99a59a6c, 0x993c99a5, 0x994d993c, 0x99d7994d, 0x9ac199d7, 0x9bdb9ac1, 0x9cea9bdb, 
0x9db29cea, 0x9e059db2, 0x9dcd9e05, 0x9d119dcd, 0x9bf49d11, 0x9ab19bf4, 0x998d9ab1, 0x98c9998d, 
0x989298c9, 0x98fc9892, 0x99f798fc, 0x9b5199f7, 0x9cc49b51, 0x9dff9cc4, 0x9ebc9dff, 0x9ecb9ebc, 
0x9e1f9ecb, 0x9cd49e1f, 0x9b2c9cd4, 0x997d9b2c, 0x9826997d, 0x97779826, 0x97a29777, 0x98a997a2, 
0x9a6098a9, 0x9c749a60, 0x9e739c74, 0x9fec9e73, 0xa0829fec, 0xa002a082, 0x9e73a002, 0x9c189e73, 
0x99659c18, 0x96ed9965, 0x954296ed, 0x94d99542, 0x95ea94d9, 0x985f95ea, 0x9bd5985f, 0x9fa19bd5, 
0xa2f19fa1, 0xa4f2a2f1, 0xa4fea4f2, 0xa2c0a4fe, 0x9e58a2c0, 0x98669e58, 0x91fd9866, 0x8c8991fd, 
0x89a18c89, 0x8ac389a1, 0x91238ac3, 0x9d6d9123, 0xafa69d6d, 0xc71fafa6, 0xe284c71f, 0x0000e284, 
},
// Table 4, base frequency 329.627557
{
0x0bc20000, 0x17620bc2, 0x22c01762, 0x2dba22c0, 0x38332dba, 0x42113833, 0x4b3a4211, 0x539b4b3a, 
0x5b22539b, 0x61c35b22, 0x677761c3, 0x6c386777, 0x70096c38, 0x72ef7009, 0x74f272ef, 0x761f74f2, 
0x7687761f, 0x763d7687, 0x7557763d, 0x73ec7557, 0x721573ec, 0x6fea7215, 0x6d866fea, 0x6b016d86, 
0x68726b01, 0x65f06872, 0x638e65f0, 0x615e638e, 0x5f6f615e, 0x5dcd5f6f, 0x5c805dcd, 0x5b8d5c80, 
0x5af75b8d, 0x5abe5af7, 0x5ade5abe, 0x5b515ade, 0x5c0e5b51, 0x5d0c5c0e, 0x5e3f5d0c, 0x5f995e3f, 
0x610e5f99, 0x6291610e, 0x64136291, 0x65876413, 0x66e36587, 0x681c66e3, 0x6929681c, 0x6a036929, 
0x6aa46a03, 0x6b0b6aa4, 0x6b346b0b, 0x6b236b34, 0x6ad96b23, 0x6a5b6ad9, 0x69af6a5b, 0x68dc69af, 
0x67eb68dc, 0x66e567eb, 0x65d366e5, 0x64bf65d3, 0x63b164bf, 0x62b463b1, 0x61ce62b4, 0x610661ce, 
0x60636106, 0x5fe86063, 0x5f995fe8, 0x5f775f99, 0x5f815f77, 0x5fb65f81, 0x60145fb6, 0x60956014, 
0x61356095, 0x61ed6135, 0x62b761ed, 0x638c62b7, 0x6463638c, 0x65376463, 0x65ff6537, 0x66b565ff, 
0x675566b5, 0x67d96755, 0x683d67d9, 0x687e683d, 0x689c687e, 0x6896689c, 0x686d6896, 0x6824686d, 
0x67bd6824, 0x673d67bd, 0x66a7673d, 0x660366a7, 0x65566603, 0x64a56556, 0x63f664a5, 0x635063f6, 
0x62b86350, 0x623262b8, 0x61c36232, 0x616e61c3, 0x6136616e, 0x611b6136, 0x611e611b, 0x613e611e, 
0x617a613e, 0x61cf617a, 0x623a61cf, 0x62b7623a, 0x634262b7, 0x63d56342, 0x646b63d5, 0x6500646b, 
0x658e6500, 0x6611658e, 0x66856611, 0x66e56685, 0x673066e5, 0x67626730, 0x677b6762, 0x677a677b, 
0x6760677a, 0x672e6760, 0x66e5672e, 0x668a66e5, 0x661e668a, 0x65a6661e, 0x652765a6, 0x64a46527, 
0x642164a4, 0x63a56421, 0x633163a5, 0x62cb6331, 0x627562cb, 0x62326275, 0x62056232, 0x61ed6205, 
0x61ec61ed, 0x620261ec, 0x622d6202, 0x626c622d, 0x62bc626c, 0x631b62bc, 0x6384631b, 0x63f56384, 
0x646963f5, 0x64dd6469, 0x654d64dd, 0x65b4654d, 0x661065b4, 0x665e6610, 0x669b665e, 0x66c5669b, 
0x66db66c5, 0x66de66db, 0x66cb66de, 0x66a666cb, 0x666f66a6, 0x6628666f, 0x65d36628, 0x657565d3, 
0x650f6575, 0x64a7650f, 0x643e64a7, 0x63d9643e, 0x637b63d9, 0x6327637b, 0x62df6327, 0x62a762df, 
0x628062a7, 0x626a6280, 0x6267626a, 0x62766267, 0x62976276, 0x62c96297, 0x630862c9, 0x63546308, 
0x63aa6354, 0x640663aa, 0x64666406, 0x64c66466, 0x652264c6, 0x65796522, 0x65c66579, 0x660965c6, 
0x663d6609, 0x6662663d, 0x66776662, 0x667b6677, 0x666e667b, 0x6651666e, 0x66256651, 0x65eb6625, 
0x65a565eb, 0x655765a5, 0x65026557, 0x64aa6502, 0x645264aa, 0x63fc6452, 0x63ac63fc, 0x636363ac, 
0x63256363, 0x62f46325, 0x62d162f4, 0x62bc62d1, 0x62b862bc, 0x62c262b8, 0x62dd62c2, 0x630562dd, 
0x633a6305, 0x6379633a, 0x63c26379, 0x641063c2, 0x64626410, 0x64b46462, 0x650464b4, 0x65506504, 
0x65946550, 0x65ce6594, 0x65fd65ce, 0x661f65fd, 0x6633661f, 0x66386633, 0x662f6638, 0x6618662f, 
0x65f36618, 0x65c265f3, 0x658765c2, 0x65446587, 0x64fb6544, 0x64ae64fb, 0x646164ae, 0x64166461, 
0x63cf6416, 0x638e63cf, 0x6357638e, 0x632a6357, 0x6309632a, 0x62f56309, 0x62ef62f5, 0x62f762ef, 
0x630c62f7, 0x632e630c, 0x635c632e, 0x6393635c, 0x63d26393, 0x641663d2, 0x645e6416, 0x64a7645e, 
0x64ee64a7, 0x653264ee, 0x656f6532, 0x65a4656f, 0x65cf65a4, 0x65ef65cf, 0x660265ef, 0x66096602, 
0x66026609, 0x65ef6602, 0x65d065ef, 0x65a665d0, 0x657265a6, 0x65376572, 0x64f66537, 0x64b264f6, 
0x646d64b2, 0x6429646d, 0x63e96429, 0x63ae63e9, 0x637b63ae, 0x6351637b, 0x63326351, 0x631f6332, 
0x6318631f, 0x631d6318, 0x632f631d, 0x634c632f, 0x6373634c, 0x63a46373, 0x63dc63a4, 0x641a63dc, 
0x645a641a, 0x649c645a, 0x64dd649c, 0x651b64dd, 0x6554651b, 0x65856554, 0x65ad6585, 0x65cb65ad, 
0x65df65cb, 0x65e665df, 0x65e265e6, 0x65d265e2, 0x65b765d2, 0x659265b7, 0x65636592, 0x652e6563, 
0x64f4652e, 0x64b664f4, 0x647664b6, 0x64386476, 0x63fd6438, 0x63c663fd, 0x639663c6, 0x636f6396, 
0x6351636f, 0x633e6351, 0x6336633e, 0x63396336, 0x63486339, 0x63616348, 0x63856361, 0x63b06385, 
0x63e363b0, 0x641b63e3, 0x6457641b, 0x64946457, 0x64d06494, 0x650964d0, 0x653e6509, 0x656d653e, 
0x6593656d, 0x65b16593, 0x65c465b1, 0x65cc65c4, 0x65ca65cc, 0x65bc65ca, 0x65a465bc, 0x658365a4, 
0x65596583, 0x65296559, 0x64f36529, 0x64b964f3, 0x647f64b9, 0x6444647f, 0x640c6444, 0x63d9640c, 
0x63ac63d9, 0x638663ac, 0x63696386, 0x63556369, 0x634d6355, 0x634e634d, 0x635b634e, 0x6371635b, 
0x63916371, 0x63b96391, 0x63e863b9, 0x641b63e8, 0x6453641b, 0x648c6453, 0x64c5648c, 0x64fb64c5, 
0x652d64fb, 0x655a652d, 0x657f655a, 0x659c657f, 0x65af659c, 0x65b965af, 0x65b865b9, 0x65ac65b8, 
0x659765ac, 0x65796597, 0x65526579, 0x65256552, 0x64f36525, 0x64bd64f3, 0x648664bd, 0x644f6486, 
0x6419644f, 0x63e86419, 0x63bc63e8, 0x639763bc, 0x637b6397, 0x6367637b, 0x635d6367, 0x635e635d, 
0x6368635e, 0x637c6368, 0x6399637c, 0x63be6399, 0x63ea63be, 0x641b63ea, 0x644f641b, 0x6485644f, 
0x64bb6485, 0x64ef64bb, 0x652064ef, 0x654b6520, 0x6570654b, 0x658c6570, 0x65a0658c, 0x65aa65a0, 
0x65aa65aa, 0x65a165aa, 0x658e65a1, 0x6572658e, 0x654e6572, 0x6524654e, 0x64f56524, 0x64c164f5, 
0x648c64c1, 0x6457648c, 0x64246457, 0x63f46424, 0x63c963f4, 0x63a563c9, 0x638863a5, 0x63756388, 
0x636a6375, 0x6369636a, 0x63726369, 0x63846372, 0x639e6384, 0x63c1639e, 0x63ea63c1, 0x641963ea, 
0x644b6419, 0x647f644b, 0x64b3647f, 0x64e664b3, 0x651564e6, 0x653f6515, 0x6564653f, 0x65806564, 
0x65956580, 0x65a06595, 0x65a165a0, 0x659965a1, 0x65886599, 0x656e6588, 0x654d656e, 0x6524654d, 
0x64f76524, 0x64c664f7, 0x649364c6, 0x645f6493, 0x642d645f, 0x63fe642d, 0x63d463fe, 0x63b063d4, 
0x639363b0, 0x637e6393, 0x6373637e, 0x63706373, 0x63786370, 0x63886378, 0x63a16388, 0x63c263a1, 
0x63e963c2, 0x641663e9, 0x64466416, 0x64796446, 0x64ac6479, 0x64dd64ac, 0x650c64dd, 0x6536650c, 
0x655b6536, 0x6578655b, 0x658c6578, 0x6599658c, 0x659b6599, 0x6595659b, 0x65856595, 0x656d6585, 
0x654d656d, 0x6526654d, 0x64fa6526, 0x64cb64fa, 0x649964cb, 0x64666499, 0x64356466, 0x64066435, 
0x63dc6406, 0x63b763dc, 0x639a63b7, 0x6385639a, 0x63786385, 0x63756378, 0x637b6375, 0x638a637b, 
0x63a1638a, 0x63c063a1, 0x63e663c0, 0x641263e6, 0x64416412, 0x64736441, 0x64a56473, 0x64d664a5, 
0x650564d6, 0x652f6505, 0x6554652f, 0x65726554, 0x65876572, 0x65946587, 0x65986594, 0x65936598, 
0x65856593, 0x656e6585, 0x654f656e, 0x652a654f, 0x64ff652a, 0x64d064ff, 0x649f64d0, 0x646c649f, 
0x643b646c, 0x640c643b, 0x63e2640c, 0x63bd63e2, 0x639f63bd, 0x6388639f, 0x637b6388, 0x6376637b, 
0x637b6376, 0x6388637b, 0x639f6388, 0x63bd639f, 0x63e263bd, 0x640c63e2, 0x643b640c, 0x646c643b, 
0x649f646c, 0x64d0649f, 0x64ff64d0, 0x652a64ff, 0x654f652a, 0x656e654f, 0x6585656e, 0x65936585, 
0x65986593, 0x65946598, 0x65876594, 0x65726587, 0x65546572, 0x652f6554, 0x6505652f, 0x64d66505, 
0x64a564d6, 0x647364a5, 0x64416473, 0x64126441, 0x63e66412, 0x63c063e6, 0x63a163c0, 0x638a63a1, 
0x637b638a, 0x6375637b, 0x63786375, 0x63856378, 0x639a6385, 0x63b7639a, 0x63dc63b7, 0x640663dc, 
0x64356406, 0x64666435, 0x64996466, 0x64cb6499, 0x64fa64cb, 0x652664fa, 0x654d6526, 0x656d654d, 
0x6585656d, 0x65956585, 0x659b6595, 0x6599659b, 0x658c6599, 0x6578658c, 0x655b6578, 0x6536655b, 
0x650c6536, 0x64dd650c, 0x64ac64dd, 0x647964ac, 0x64466479, 0x64166446, 0x63e96416, 0x63c263e9, 
0x63a163c2, 0x638863a1, 0x63786388, 0x63706378, 0x63736370, 0x637e6373, 0x6393637e, 0x63b06393, 
0x63d463b0, 0x63fe63d4, 0x642d63fe, 0x645f642d, 0x6493645f, 0x64c66493, 0x64f764c6, 0x652464f7, 
0x654d6524, 0x656e654d, 0x6588656e, 0x65996588, 0x65a16599, 0x65a065a1, 0x659565a0, 0x65806595, 
0x65646580, 0x653f6564, 0x6515653f, 0x64e66515, 0x64b364e6, 0x647f64b3, 0x644b647f, 0x6419644b, 
0x63ea6419, 0x63c163ea, 0x639e63c1, 0x6384639e, 0x63726384, 0x63696372, 0x636a6369, 0x6375636a, 
0x63886375, 0x63a56388, 0x63c963a5, 0x63f463c9, 0x642463f4, 0x64576424, 0x648c6457, 0x64c1648c, 
0x64f564c1, 0x652464f5, 0x654e6524, 0x6572654e, 0x658e6572, 0x65a1658e, 0x65aa65a1, 0x65aa65aa, 
0x65a065aa, 0x658c65a0, 0x6570658c, 0x654b6570, 0x6520654b, 0x64ef6520, 0x64bb64ef, 0x648564bb, 
0x644f6485, 0x641b644f, 0x63ea641b, 0x63be63ea, 0x639963be, 0x637c6399, 0x6368637c, 0x635e6368, 
0x635d635e, 0x6367635d, 0x637b6367, 0x6397637b, 0x63bc6397, 0x63e863bc, 0x641963e8, 0x644f6419, 
0x6486644f, 0x64bd6486, 0x64f364bd, 0x652564f3, 0x65526525, 0x65796552, 0x65976579, 0x65ac6597, 
0x65b865ac, 0x65b965b8, 0x65af65b9, 0x659c65af, 0x657f659c, 0x655a657f, 0x652d655a, 0x64fb652d, 
0x64c564fb, 0x648c64c5, 0x6453648c, 0x641b6453, 0x63e8641b, 0x63b963e8, 0x639163b9, 0x63716391, 
0x635b6371, 0x634e635b, 0x634d634e, 0x6355634d, 0x63696355, 0x63866369, 0x63ac6386, 0x63d963ac, 
0x640c63d9, 0x6444640c, 0x647f6444, 0x64b9647f, 0x64f364b9, 0x652964f3, 0x65596529, 0x65836559, 
0x65a46583, 0x65bc65a4, 0x65ca65bc, 0x65cc65ca, 0x65c465cc, 0x65b165c4, 0x659365b1, 0x656d6593, 
0x653e656d, 0x6509653e, 0x64d06509, 0x649464d0, 0x64576494, 0x641b6457, 0x63e3641b, 0x63b063e3, 
0x638563b0, 0x63616385, 0x63486361, 0x63396348, 0x63366339, 0x633e6336, 0x6351633e, 0x636f6351, 
0x6396636f, 0x63c66396, 0x63fd63c6, 0x643863fd, 0x64766438, 0x64b66476, 0x64f464b6, 0x652e64f4, 
0x6563652e, 0x65926563, 0x65b76592, 0x65d265b7, 0x65e265d2, 0x65e665e2, 0x65df65e6, 0x65cb65df, 
0x65ad65cb, 0x658565ad, 0x65546585, 0x651b6554, 0x64dd651b, 0x649c64dd, 0x645a649c, 0x641a645a, 
0x63dc641a, 0x63a463dc, 0x637363a4, 0x634c6373, 0x632f634c, 0x631d632f, 0x6318631d, 0x631f6318, 
0x6332631f, 0x63516332, 0x637b6351, 0x63ae637b, 0x63e963ae, 0x642963e9, 0x646d6429, 0x64b2646d, 
0x64f664b2, 0x653764f6, 0x65726537, 0x65a66572, 0x65d065a6, 0x65ef65d0, 0x660265ef, 0x66096602, 
0x66026609, 0x65ef6602, 0x65cf65ef, 0x65a465cf, 0x656f65a4, 0x6532656f, 0x64ee6532, 0x64a764ee, 
0x645e64a7, 0x6416645e, 0x63d26416, 0x639363d2, 0x635c6393, 0x632e635c, 0x630c632e, 0x62f7630c, 
0x62ef62f7, 0x62f562ef, 0x630962f5, 0x632a6309, 0x6357632a, 0x638e6357, 0x63cf638e, 0x641663cf, 
0x64616416, 0x64ae6461, 0x64fb64ae, 0x654464fb, 0x65876544, 0x65c26587, 0x65f365c2, 0x661865f3, 
0x662f6618, 0x6638662f, 0x66336638, 0x661f6633, 0x65fd661f, 0x65ce65fd, 0x659465ce, 0x65506594, 
0x65046550, 0x64b46504, 0x646264b4, 0x64106462, 0x63c26410, 0x637963c2, 0x633a6379, 0x6305633a, 
0x62dd6305, 0x62c262dd, 0x62b862c2, 0x62bc62b8, 0x62d162bc, 0x62f462d1, 0x632562f4, 0x63636325, 
0x63ac6363, 0x63fc63ac, 0x645263fc, 0x64aa6452, 0x650264aa, 0x65576502, 0x65a56557, 0x65eb65a5, 
0x662565eb, 0x66516625, 0x666e6651, 0x667b666e, 0x6677667b, 0x66626677, 0x663d6662, 0x6609663d, 
0x65c66609, 0x657965c6, 0x65226579, 0x64c66522, 0x646664c6, 0x64066466, 0x63aa6406, 0x635463aa, 
0x63086354, 0x62c96308, 0x629762c9, 0x62766297, 0x62676276, 0x626a6267, 0x6280626a, 0x62a76280, 
0x62df62a7, 0x632762df, 0x637b6327, 0x63d9637b, 0x643e63d9, 0x64a7643e, 0x650f64a7, 0x6575650f, 
0x65d36575, 0x662865d3, 0x666f6628, 0x66a6666f, 0x66cb66a6, 0x66de66cb, 0x66db66de, 0x66c566db, 
0x669b66c5, 0x665e669b, 0x6610665e, 0x65b46610, 0x654d65b4, 0x64dd654d, 0x646964dd, 0x63f56469, 
0x638463f5, 0x631b6384, 0x62bc631b, 0x626c62bc, 0x622d626c, 0x6202622d, 0x61ec6202, 0x61ed61ec, 
0x620561ed, 0x62326205, 0x62756232, 0x62cb6275, 0x633162cb, 0x63a56331, 0x642163a5, 0x64a46421, 
0x652764a4, 0x65a66527, 0x661e65a6, 0x668a661e, 0x66e5668a, 0x672e66e5, 0x6760672e, 0x677a6760, 
0x677b677a, 0x6762677b, 0x67306762, 0x66e56730, 0x668566e5, 0x66116685, 0x658e6611, 0x6500658e, 
0x646b6500, 0x63d5646b, 0x634263d5, 0x62b76342, 0x623a62b7, 0x61cf623a, 0x617a61cf, 0x613e617a, 
0x611e613e, 0x611b611e, 0x6136611b, 0x616e6136, 0x61c3616e, 0x623261c3, 0x62b86232, 0x635062b8, 
0x63f66350, 0x64a563f6, 0x655664a5, 0x66036556, 0x66a76603, 0x673d66a7, 0x67bd673d, 0x682467bd, 
0x686d6824, 0x6896686d, 0x689c6896, 0x687e689c, 0x683d687e, 0x67d9683d, 0x675567d9, 0x66b56755, 
0x65ff66b5, 0x653765ff, 0x64636537, 0x638c6463, 0x62b7638c, 0x61ed62b7, 0x613561ed, 0x60956135, 
0x60146095, 0x5fb66014, 0x5f815fb6, 0x5f775f81, 0x5f995f77, 0x5fe85f99, 0x60635fe8, 0x61066063, 
0x61ce6106, 0x62b461ce, 0x63b162b4, 0x64bf63b1, 0x65d364bf, 0x66e565d3, 0x67eb66e5, 0x68dc67eb, 
0x69af68dc, 0x6a5b69af, 0x6ad96a5b, 0x6b236ad9, 0x6b346b23, 0x6b0b6b34, 0x6aa46b0b, 0x6a036aa4, 
0x69296a03, 0x681c6929, 0x66e3681c, 0x658766e3, 0x64136587, 0x62916413, 0x610e6291, 0x5f99610e, 
0x5e3f5f99, 0x5d0c5e3f, 0x5c0e5d0c, 0x5b515c0e, 0x5ade5b51, 0x5abe5ade, 0x5af75abe, 0x5b8d5af7, 
0x5c805b8d, 0x5dcd5c80, 0x5f6f5dcd, 0x615e5f6f, 0x638e615e, 0x65f0638e, 0x687265f0, 0x6b016872, 
0x6d866b01, 0x6fea6d86, 0x72156fea, 0x73ec7215, 0x755773ec, 0x763d7557, 0x7687763d, 0x761f7687, 
0x74f2761f, 0x72ef74f2, 0x700972ef, 0x6c387009, 0x67776c38, 0x61c36777, 0x5b2261c3, 0x539b5b22, 
0x4b3a539b, 0x42114b3a, 0x38334211, 0x2dba3833, 0x22c02dba, 0x176222c0, 0x0bc21762, 0x00000bc2, 
0xf43e0000, 0xe89ef43e, 0xdd40e89e, 0xd246dd40, 0xc7cdd246, 0xbdefc7cd, 0xb4c6bdef, 0xac65b4c6, 
0xa4deac65, 0x9e3da4de, 0x98899e3d, 0x93c89889, 0x8ff793c8, 0x8d118ff7, 0x8b0e8d11, 0x89e18b0e, 
0x897989e1, 0x89c38979, 0x8aa989c3, 0x8c148aa9, 0x8deb8c14, 0x90168deb, 0x927a9016, 0x94ff927a, 
0x978e94ff, 0x9a10978e, 0x9c729a10, 0x9ea29c72, 0xa0919ea2, 0xa233a091, 0xa380a233, 0xa473a380, 
0xa509a473, 0xa542a509, 0xa522a542, 0xa4afa522, 0xa3f2a4af, 0xa2f4a3f2, 0xa1c1a2f4, 0xa067a1c1, 
0x9ef2a067, 0x9d6f9ef2, 0x9bed9d6f, 0x9a799bed, 0x991d9a79, 0x97e4991d, 0x96d797e4, 0x95fd96d7, 
0x955c95fd, 0x94f5955c, 0x94cc94f5, 0x94dd94cc, 0x952794dd, 0x95a59527, 0x965195a5, 0x97249651, 
0x98159724, 0x991b9815, 0x9a2d991b, 0x9b419a2d, 0x9c4f9b41, 0x9d4c9c4f, 0x9e329d4c, 0x9efa9e32, 
0x9f9d9efa, 0xa0189f9d, 0xa067a018, 0xa089a067, 0xa07fa089, 0xa04aa07f, 0x9feca04a, 0x9f6b9fec, 
0x9ecb9f6b, 0x9e139ecb, 0x9d499e13, 0x9c749d49, 0x9b9d9c74, 0x9ac99b9d, 0x9a019ac9, 0x994b9a01, 
0x98ab994b, 0x982798ab, 0x97c39827, 0x978297c3, 0x97649782, 0x976a9764, 0x9793976a, 0x97dc9793, 
0x984397dc, 0x98c39843, 0x995998c3, 0x99fd9959, 0x9aaa99fd, 0x9b5b9aaa, 0x9c0a9b5b, 0x9cb09c0a, 
0x9d489cb0, 0x9dce9d48, 0x9e3d9dce, 0x9e929e3d, 0x9eca9e92, 0x9ee59eca, 0x9ee29ee5, 0x9ec29ee2, 
0x9e869ec2, 0x9e319e86, 0x9dc69e31, 0x9d499dc6, 0x9cbe9d49, 0x9c2b9cbe, 0x9b959c2b, 0x9b009b95, 
0x9a729b00, 0x99ef9a72, 0x997b99ef, 0x991b997b, 0x98d0991b, 0x989e98d0, 0x9885989e, 0x98869885, 
0x98a09886, 0x98d298a0, 0x991b98d2, 0x9976991b, 0x99e29976, 0x9a5a99e2, 0x9ad99a5a, 0x9b5c9ad9, 
0x9bdf9b5c, 0x9c5b9bdf, 0x9ccf9c5b, 0x9d359ccf, 0x9d8b9d35, 0x9dce9d8b, 0x9dfb9dce, 0x9e139dfb, 
0x9e149e13, 0x9dfe9e14, 0x9dd39dfe, 0x9d949dd3, 0x9d449d94, 0x9ce59d44, 0x9c7c9ce5, 0x9c0b9c7c, 
0x9b979c0b, 0x9b239b97, 0x9ab39b23, 0x9a4c9ab3, 0x99f09a4c, 0x99a299f0, 0x996599a2, 0x993b9965, 
0x9925993b, 0x99229925, 0x99359922, 0x995a9935, 0x9991995a, 0x99d89991, 0x9a2d99d8, 0x9a8b9a2d, 
0x9af19a8b, 0x9b599af1, 0x9bc29b59, 0x9c279bc2, 0x9c859c27, 0x9cd99c85, 0x9d219cd9, 0x9d599d21, 
0x9d809d59, 0x9d969d80, 0x9d999d96, 0x9d8a9d99, 0x9d699d8a, 0x9d379d69, 0x9cf89d37, 0x9cac9cf8, 
0x9c569cac, 0x9bfa9c56, 0x9b9a9bfa, 0x9b3a9b9a, 0x9ade9b3a, 0x9a879ade, 0x9a3a9a87, 0x99f79a3a, 
0x99c399f7, 0x999e99c3, 0x9989999e, 0x99859989, 0x99929985, 0x99af9992, 0x99db99af, 0x9a1599db, 
0x9a5b9a15, 0x9aa99a5b, 0x9afe9aa9, 0x9b569afe, 0x9bae9b56, 0x9c049bae, 0x9c549c04, 0x9c9d9c54, 
0x9cdb9c9d, 0x9d0c9cdb, 0x9d2f9d0c, 0x9d449d2f, 0x9d489d44, 0x9d3e9d48, 0x9d239d3e, 0x9cfb9d23, 
0x9cc69cfb, 0x9c879cc6, 0x9c3e9c87, 0x9bf09c3e, 0x9b9e9bf0, 0x9b4c9b9e, 0x9afc9b4c, 0x9ab09afc, 
0x9a6c9ab0, 0x9a329a6c, 0x9a039a32, 0x99e19a03, 0x99cd99e1, 0x99c899cd, 0x99d199c8, 0x99e899d1, 
0x9a0d99e8, 0x9a3e9a0d, 0x9a799a3e, 0x9abc9a79, 0x9b059abc, 0x9b529b05, 0x9b9f9b52, 0x9bea9b9f, 
0x9c319bea, 0x9c729c31, 0x9ca99c72, 0x9cd69ca9, 0x9cf79cd6, 0x9d0b9cf7, 0x9d119d0b, 0x9d099d11, 
0x9cf49d09, 0x9cd29cf4, 0x9ca49cd2, 0x9c6d9ca4, 0x9c2e9c6d, 0x9bea9c2e, 0x9ba29bea, 0x9b599ba2, 
0x9b129b59, 0x9ace9b12, 0x9a919ace, 0x9a5c9a91, 0x9a319a5c, 0x9a119a31, 0x99fe9a11, 0x99f799fe, 
0x99fe99f7, 0x9a1199fe, 0x9a309a11, 0x9a5a9a30, 0x9a8e9a5a, 0x9ac99a8e, 0x9b0a9ac9, 0x9b4e9b0a, 
0x9b939b4e, 0x9bd79b93, 0x9c179bd7, 0x9c529c17, 0x9c859c52, 0x9caf9c85, 0x9cce9caf, 0x9ce19cce, 
0x9ce89ce1, 0x9ce39ce8, 0x9cd19ce3, 0x9cb49cd1, 0x9c8d9cb4, 0x9c5c9c8d, 0x9c249c5c, 0x9be69c24, 
0x9ba69be6, 0x9b649ba6, 0x9b239b64, 0x9ae59b23, 0x9aac9ae5, 0x9a7b9aac, 0x9a539a7b, 0x9a359a53, 
0x9a219a35, 0x9a1a9a21, 0x9a1e9a1a, 0x9a2e9a1e, 0x9a499a2e, 0x9a6e9a49, 0x9a9d9a6e, 0x9ad29a9d, 
0x9b0c9ad2, 0x9b4a9b0c, 0x9b8a9b4a, 0x9bc89b8a, 0x9c039bc8, 0x9c3a9c03, 0x9c6a9c3a, 0x9c919c6a, 
0x9caf9c91, 0x9cc29caf, 0x9cca9cc2, 0x9cc79cca, 0x9cb89cc7, 0x9c9f9cb8, 0x9c7b9c9f, 0x9c509c7b, 
0x9c1d9c50, 0x9be59c1d, 0x9ba99be5, 0x9b6c9ba9, 0x9b309b6c, 0x9af79b30, 0x9ac29af7, 0x9a939ac2, 
0x9a6d9a93, 0x9a4f9a6d, 0x9a3c9a4f, 0x9a349a3c, 0x9a369a34, 0x9a449a36, 0x9a5c9a44, 0x9a7d9a5c, 
0x9aa79a7d, 0x9ad79aa7, 0x9b0d9ad7, 0x9b479b0d, 0x9b819b47, 0x9bbc9b81, 0x9bf49bbc, 0x9c279bf4, 
0x9c549c27, 0x9c7a9c54, 0x9c979c7a, 0x9cab9c97, 0x9cb39cab, 0x9cb29cb3, 0x9ca59cb2, 0x9c8f9ca5, 
0x9c6f9c8f, 0x9c479c6f, 0x9c189c47, 0x9be59c18, 0x9bad9be5, 0x9b749bad, 0x9b3b9b74, 0x9b059b3b, 
0x9ad39b05, 0x9aa69ad3, 0x9a819aa6, 0x9a649a81, 0x9a519a64, 0x9a479a51, 0x9a489a47, 0x9a549a48, 
0x9a699a54, 0x9a879a69, 0x9aae9a87, 0x9adb9aae, 0x9b0d9adb, 0x9b439b0d, 0x9b7a9b43, 0x9bb19b7a, 
0x9be79bb1, 0x9c189be7, 0x9c449c18, 0x9c699c44, 0x9c859c69, 0x9c999c85, 0x9ca39c99, 0x9ca29ca3, 
0x9c989ca2, 0x9c849c98, 0x9c679c84, 0x9c429c67, 0x9c169c42, 0x9be59c16, 0x9bb19be5, 0x9b7b9bb1, 
0x9b459b7b, 0x9b119b45, 0x9ae09b11, 0x9ab59ae0, 0x9a909ab5, 0x9a749a90, 0x9a609a74, 0x9a569a60, 
0x9a569a56, 0x9a5f9a56, 0x9a729a5f, 0x9a8e9a72, 0x9ab29a8e, 0x9adc9ab2, 0x9b0b9adc, 0x9b3f9b0b, 
0x9b749b3f, 0x9ba99b74, 0x9bdc9ba9, 0x9c0c9bdc, 0x9c379c0c, 0x9c5b9c37, 0x9c789c5b, 0x9c8b9c78, 
0x9c969c8b, 0x9c979c96, 0x9c8e9c97, 0x9c7c9c8e, 0x9c629c7c, 0x9c3f9c62, 0x9c169c3f, 0x9be79c16, 
0x9bb59be7, 0x9b819bb5, 0x9b4d9b81, 0x9b1a9b4d, 0x9aeb9b1a, 0x9ac19aeb, 0x9a9c9ac1, 0x9a809a9c, 
0x9a6b9a80, 0x9a609a6b, 0x9a5f9a60, 0x9a679a5f, 0x9a789a67, 0x9a929a78, 0x9ab39a92, 0x9adc9ab3, 
0x9b099adc, 0x9b3a9b09, 0x9b6d9b3a, 0x9ba19b6d, 0x9bd39ba1, 0x9c029bd3, 0x9c2c9c02, 0x9c509c2c, 
0x9c6d9c50, 0x9c829c6d, 0x9c8d9c82, 0x9c909c8d, 0x9c889c90, 0x9c789c88, 0x9c5f9c78, 0x9c3e9c5f, 
0x9c179c3e, 0x9bea9c17, 0x9bba9bea, 0x9b879bba, 0x9b549b87, 0x9b239b54, 0x9af49b23, 0x9aca9af4, 
0x9aa59aca, 0x9a889aa5, 0x9a749a88, 0x9a679a74, 0x9a659a67, 0x9a6b9a65, 0x9a7b9a6b, 0x9a939a7b, 
0x9ab39a93, 0x9ada9ab3, 0x9b069ada, 0x9b359b06, 0x9b679b35, 0x9b9a9b67, 0x9bcb9b9a, 0x9bfa9bcb, 
0x9c249bfa, 0x9c499c24, 0x9c669c49, 0x9c7b9c66, 0x9c889c7b, 0x9c8b9c88, 0x9c859c8b, 0x9c769c85, 
0x9c5f9c76, 0x9c409c5f, 0x9c1a9c40, 0x9bee9c1a, 0x9bbf9bee, 0x9b8d9bbf, 0x9b5b9b8d, 0x9b2a9b5b, 
0x9afb9b2a, 0x9ad19afb, 0x9aac9ad1, 0x9a8e9aac, 0x9a799a8e, 0x9a6c9a79, 0x9a689a6c, 0x9a6d9a68, 
0x9a7b9a6d, 0x9a929a7b, 0x9ab19a92, 0x9ad69ab1, 0x9b019ad6, 0x9b309b01, 0x9b619b30, 0x9b949b61, 
0x9bc59b94, 0x9bf49bc5, 0x9c1e9bf4, 0x9c439c1e, 0x9c619c43, 0x9c789c61, 0x9c859c78, 0x9c8a9c85, 
0x9c859c8a, 0x9c789c85, 0x9c619c78, 0x9c439c61, 0x9c1e9c43, 0x9bf49c1e, 0x9bc59bf4, 0x9b949bc5, 
0x9b619b94, 0x9b309b61, 0x9b019b30, 0x9ad69b01, 0x9ab19ad6, 0x9a929ab1, 0x9a7b9a92, 0x9a6d9a7b, 
0x9a689a6d, 0x9a6c9a68, 0x9a799a6c, 0x9a8e9a79, 0x9aac9a8e, 0x9ad19aac, 0x9afb9ad1, 0x9b2a9afb, 
0x9b5b9b2a, 0x9b8d9b5b, 0x9bbf9b8d, 0x9bee9bbf, 0x9c1a9bee, 0x9c409c1a, 0x9c5f9c40, 0x9c769c5f, 
0x9c859c76, 0x9c8b9c85, 0x9c889c8b, 0x9c7b9c88, 0x9c669c7b, 0x9c499c66, 0x9c249c49, 0x9bfa9c24, 
0x9bcb9bfa, 0x9b9a9bcb, 0x9b679b9a, 0x9b359b67, 0x9b069b35, 0x9ada9b06, 0x9ab39ada, 0x9a939ab3, 
0x9a7b9a93, 0x9a6b9a7b, 0x9a659a6b, 0x9a679a65, 0x9a749a67, 0x9a889a74, 0x9aa59a88, 0x9aca9aa5, 
0x9af49aca, 0x9b239af4, 0x9b549b23, 0x9b879b54, 0x9bba9b87, 0x9bea9bba, 0x9c179bea, 0x9c3e9c17, 
0x9c5f9c3e, 0x9c789c5f, 0x9c889c78, 0x9c909c88, 0x9c8d9c90, 0x9c829c8d, 0x9c6d9c82, 0x9c509c6d, 
0x9c2c9c50, 0x9c029c2c, 0x9bd39c02, 0x9ba19bd3, 0x9b6d9ba1, 0x9b3a9b6d, 0x9b099b3a, 0x9adc9b09, 
0x9ab39adc, 0x9a929ab3, 0x9a789a92, 0x9a679a78, 0x9a5f9a67, 0x9a609a5f, 0x9a6b9a60, 0x9a809a6b, 
0x9a9c9a80, 0x9ac19a9c, 0x9aeb9ac1, 0x9b1a9aeb, 0x9b4d9b1a, 0x9b819b4d, 0x9bb59b81, 0x9be79bb5, 
0x9c169be7, 0x9c3f9c16, 0x9c629c3f, 0x9c7c9c62, 0x9c8e9c7c, 0x9c979c8e, 0x9c969c97, 0x9c8b9c96, 
0x9c789c8b, 0x9c5b9c78, 0x9c379c5b, 0x9c0c9c37, 0x9bdc9c0c, 0x9ba99bdc, 0x9b749ba9, 0x9b3f9b74, 
0x9b0b9b3f, 0x9adc9b0b, 0x9ab29adc, 0x9a8e9ab2, 0x9a729a8e, 0x9a5f9a72, 0x9a569a5f, 0x9a569a56, 
0x9a609a56, 0x9a749a60, 0x9a909a74, 0x9ab59a90, 0x9ae09ab5, 0x9b119ae0, 0x9b459b11, 0x9b7b9b45, 
0x9bb19b7b, 0x9be59bb1, 0x9c169be5, 0x9c429c16, 0x9c679c42, 0x9c849c67, 0x9c989c84, 0x9ca29c98, 
0x9ca39ca2, 0x9c999ca3, 0x9c859c99, 0x9c699c85, 0x9c449c69, 0x9c189c44, 0x9be79c18, 0x9bb19be7, 
0x9b7a9bb1, 0x9b439b7a, 0x9b0d9b43, 0x9adb9b0d, 0x9aae9adb, 0x9a879aae, 0x9a699a87, 0x9a549a69, 
0x9a489a54, 0x9a479a48, 0x9a519a47, 0x9a649a51, 0x9a819a64, 0x9aa69a81, 0x9ad39aa6, 0x9b059ad3, 
0x9b3b9b05, 0x9b749b3b, 0x9bad9b74, 0x9be59bad, 0x9c189be5, 0x9c479c18, 0x9c6f9c47, 0x9c8f9c6f, 
0x9ca59c8f, 0x9cb29ca5, 0x9cb39cb2, 0x9cab9cb3, 0x9c979cab, 0x9c7a9c97, 0x9c549c7a, 0x9c279c54, 
0x9bf49c27, 0x9bbc9bf4, 0x9b819bbc, 0x9b479b81, 0x9b0d9b47, 0x9ad79b0d, 0x9aa79ad7, 0x9a7d9aa7, 
0x9a5c9a7d, 0x9a449a5c, 0x9a369a44, 0x9a349a36, 0x9a3c9a34, 0x9a4f9a3c, 0x9a6d9a4f, 0x9a939a6d, 
0x9ac29a93, 0x9af79ac2, 0x9b309af7, 0x9b6c9b30, 0x9ba99b6c, 0x9be59ba9, 0x9c1d9be5, 0x9c509c1d, 
0x9c7b9c50, 0x9c9f9c7b, 0x9cb89c9f, 0x9cc79cb8, 0x9cca9cc7, 0x9cc29cca, 0x9caf9cc2, 0x9c919caf, 
0x9c6a9c91, 0x9c3a9c6a, 0x9c039c3a, 0x9bc89c03, 0x9b8a9bc8, 0x9b4a9b8a, 0x9b0c9b4a, 0x9ad29b0c, 
0x9a9d9ad2, 0x9a6e9a9d, 0x9a499a6e, 0x9a2e9a49, 0x9a1e9a2e, 0x9a1a9a1e, 0x9a219a1a, 0x9a359a21, 
0x9a539a35, 0x9a7b9a53, 0x9aac9a7b, 0x9ae59aac, 0x9b239ae5, 0x9b649b23, 0x9ba69b64, 0x9be69ba6, 
0x9c249be6, 0x9c5c9c24, 0x9c8d9c5c, 0x9cb49c8d, 0x9cd19cb4, 0x9ce39cd1, 0x9ce89ce3, 0x9ce19ce8, 
0x9cce9ce1, 0x9caf9cce, 0x9c859caf, 0x9c529c85, 0x9c179c52, 0x9bd79c17, 0x9b939bd7, 0x9b4e9b93, 
0x9b0a9b4e, 0x9ac99b0a, 0x9a8e9ac9, 0x9a5a9a8e, 0x9a309a5a, 0x9a119a30, 0x99fe9a11, 0x99f799fe, 
0x99fe99f7, 0x9a1199fe, 0x9a319a11, 0x9a5c9a31, 0x9a919a5c, 0x9ace9a91, 0x9b129ace, 0x9b599b12, 
0x9ba29b59, 0x9bea9ba2, 0x9c2e9bea, 0x9c6d9c2e, 0x9ca49c6d, 0x9cd29ca4, 0x9cf49cd2, 0x9d099cf4, 
0x9d119d09, 0x9d0b9d11, 0x9cf79d0b, 0x9cd69cf7, 0x9ca99cd6, 0x9c729ca9, 0x9c319c72, 0x9bea9c31, 
0x9b9f9bea, 0x9b529b9f, 0x9b059b52, 0x9abc9b05, 0x9a799abc, 0x9a3e9a79, 0x9a0d9a3e, 0x99e89a0d, 
0x99d199e8, 0x99c899d1, 0x99cd99c8, 0x99e199cd, 0x9a0399e1, 0x9a329a03, 0x9a6c9a32, 0x9ab09a6c, 
0x9afc9ab0, 0x9b4c9afc, 0x9b9e9b4c, 0x9bf09b9e, 0x9c3e9bf0, 0x9c879c3e, 0x9cc69c87, 0x9cfb9cc6, 
0x9d239cfb, 0x9d3e9d23, 0x9d489d3e, 0x9d449d48, 0x9d2f9d44, 0x9d0c9d2f, 0x9cdb9d0c, 0x9c9d9cdb, 
0x9c549c9d, 0x9c049c54, 0x9bae9c04, 0x9b569bae, 0x9afe9b56, 0x9aa99afe, 0x9a5b9aa9, 0x9a159a5b, 
0x99db9a15, 0x99af99db, 0x999299af, 0x99859992, 0x99899985, 0x999e9989, 0x99c3999e, 0x99f799c3, 
0x9a3a99f7, 0x9a879a3a, 0x9ade9a87, 0x9b3a9ade, 0x9b9a9b3a, 0x9bfa9b9a, 0x9c569bfa, 0x9cac9c56, 
0x9cf89cac, 0x9d379cf8, 0x9d699d37, 0x9d8a9d69, 0x9d999d8a, 0x9d969d99, 0x9d809d96, 0x9d599d80, 
0x9d219d59, 0x9cd99d21, 0x9c859cd9, 0x9c279c85, 0x9bc29c27, 0x9b599bc2, 0x9af19b59, 0x9a8b9af1, 
0x9a2d9a8b, 0x99d89a2d, 0x999199d8, 0x995a9991, 0x9935995a, 0x99229935, 0x99259922, 0x993b9925, 
0x9965993b, 0x99a29965, 0x99f099a2, 0x9a4c99f0, 0x9ab39a4c, 0x9b239ab3, 0x9b979b23, 0x9c0b9b97, 
0x9c7c9c0b, 0x9ce59c7c, 0x9d449ce5, 0x9d949d44, 0x9dd39d94, 0x9dfe9dd3, 0x9e149dfe, 0x9e139e14, 
0x9dfb9e13, 0x9dce9dfb, 0x9d8b9dce, 0x9d359d8b, 0x9ccf9d35, 0x9c5b9ccf, 0x9bdf9c5b, 0x9b5c9bdf, 
0x9ad99b5c, 0x9a5a9ad9, 0x99e29a5a, 0x997699e2, 0x991b9976, 0x98d2991b, 0x98a098d2, 0x988698a0, 
0x98859886, 0x989e9885, 0x98d0989e, 0x991b98d0, 0x997b991b, 0x99ef997b, 0x9a7299ef, 0x9b009a72, 
0x9b959b00, 0x9c2b9b95, 0x9cbe9c2b, 0x9d499cbe, 0x9dc69d49, 0x9e319dc6, 0x9e869e31, 0x9ec29e86, 
0x9ee29ec2, 0x9ee59ee2, 0x9eca9ee5, 0x9e929eca, 0x9e3d9e92, 0x9dce9e3d, 0x9d489dce, 0x9cb09d48, 
0x9c0a9cb0, 0x9b5b9c0a, 0x9aaa9b5b, 0x99fd9aaa, 0x995999fd, 0x98c39959, 0x984398c3, 0x97dc9843, 
0x979397dc, 0x976a9793, 0x9764976a, 0x97829764, 0x97c39782, 0x982797c3, 0x98ab9827, 0x994b98ab, 
0x9a01994b, 0x9ac99a01, 0x9b9d9ac9, 0x9c749b9d, 0x9d499c74, 0x9e139d49, 0x9ecb9e13, 0x9f6b9ecb, 
0x9fec9f6b, 0xa04a9fec, 0xa07fa04a, 0xa089a07f, 0xa067a089, 0xa018a067, 0x9f9da018, 0x9efa9f9d, 
0x9e329efa, 0x9d4c9e32, 0x9c4f9d4c, 0x9b419c4f, 0x9a2d9b41, 0x991b9a2d, 0x9815991b, 0x97249815, 
0x96519724, 0x95a59651, 0x952795a5, 0x94dd9527, 0x94cc94dd, 0x94f594cc, 0x955c94f5, 0x95fd955c, 
0x96d795fd, 0x97e496d7, 0x991d97e4, 0x9a79991d, 0x9bed9a79, 0x9d6f9bed, 0x9ef29d6f, 0xa0679ef2, 
0xa1c1a067, 0xa2f4a1c1, 0xa3f2a2f4, 0xa4afa3f2, 0xa522a4af, 0xa542a522, 0xa509a542, 0xa473a509, 
0xa380a473, 0xa233a380, 0xa091a233, 0x9ea2a091, 0x9c729ea2, 0x9a109c72, 0x978e9a10, 0x94ff978e, 
0x927a94ff, 0x9016927a, 0x8deb9016, 0x8c148deb, 0x8aa98c14, 0x89c38aa9, 0x897989c3, 0x89e18979, 
0x8b0e89e1, 0x8d118b0e, 0x8ff78d11, 0x93c88ff7, 0x988993c8, 0x9e3d9889, 0xa4de9e3d, 0xac65a4de, 
0xb4c6ac65, 0xbdefb4c6, 0xc7cdbdef, 0xd246c7cd, 0xdd40d246, 0xe89edd40, 0xf43ee89e, 0x0000f43e, 
},
// Table 5, base frequency 830.609395
{
0x04b60000, 0x096a04b6, 0x0e19096a, 0x12c20e19, 0x176312c2, 0x1bf81763, 0x20811bf8, 0x24fb2081, 
0x296424fb, 0x2dba2964, 0x31fc2dba, 0x362831fc, 0x3a3b3628, 0x3e343a3b, 0x42133e34, 0x45d44213, 
0x497745d4, 0x4cfa4977, 0x505d4cfa, 0x539e505d, 0x56bc539e, 0x59b756bc, 0x5c8d59b7, 0x5f3e5c8d, 
0x61c95f3e, 0x642e61c9, 0x666d642e, 0x6885666d, 0x6a766885, 0x6c416a76, 0x6de56c41, 0x6f626de5, 
0x70ba6f62, 0x71ec70ba, 0x72f971ec, 0x73e272f9, 0x74a873e2, 0x754a74a8, 0x75cb754a, 0x762b75cb, 
0x766c762b, 0x768e766c, 0x7693768e, 0x767b7693, 0x764a767b, 0x75ff764a, 0x759d75ff, 0x7524759d, 
0x74977524, 0x73f77497, 0x734573f7, 0x72847345, 0x71b47284, 0x70d871b4, 0x6ff170d8, 0x6f016ff1, 
0x6e096f01, 0x6d0b6e09, 0x6c086d0b, 0x6b026c08, 0x69fb6b02, 0x68f369fb, 0x67ed68f3, 0x66ea67ed, 
0x65eb66ea, 0x64f065eb, 0x63fc64f0, 0x631063fc, 0x622c6310, 0x6152622c, 0x60826152, 0x5fbe6082, 
0x5f055fbe, 0x5e595f05, 0x5dba5e59, 0x5d295dba, 0x5ca65d29, 0x5c325ca6, 0x5bcc5c32, 0x5b765bcc, 
0x5b2e5b76, 0x5af55b2e, 0x5acc5af5, 0x5ab15acc, 0x5aa55ab1, 0x5aa75aa5, 0x5ab85aa7, 0x5ad65ab8, 
0x5b015ad6, 0x5b395b01, 0x5b7d5b39, 0x5bcd5b7d, 0x5c275bcd, 0x5c8c5c27, 0x5cf95c8c, 0x5d705cf9, 
0x5dee5d70, 0x5e735dee, 0x5efe5e73, 0x5f8f5efe, 0x60245f8f, 0x60bc6024, 0x615760bc, 0x61f36157, 
0x629161f3, 0x632e6291, 0x63cb632e, 0x646663cb, 0x64fe6466, 0x659364fe, 0x66246593, 0x66b16624, 
0x673866b1, 0x67b96738, 0x683367b9, 0x68a76833, 0x691268a7, 0x69766912, 0x69d16976, 0x6a2369d1, 
0x6a6c6a23, 0x6aab6a6c, 0x6ae16aab, 0x6b0e6ae1, 0x6b306b0e, 0x6b486b30, 0x6b576b48, 0x6b5c6b57, 
0x6b576b5c, 0x6b496b57, 0x6b316b49, 0x6b116b31, 0x6ae76b11, 0x6ab66ae7, 0x6a7c6ab6, 0x6a3b6a7c, 
0x69f26a3b, 0x69a369f2, 0x694e69a3, 0x68f3694e, 0x689468f3, 0x682f6894, 0x67c7682f, 0x675c67c7, 
0x66ee675c, 0x667f66ee, 0x660d667f, 0x659c660d, 0x652a659c, 0x64b8652a, 0x644864b8, 0x63d96448, 
0x636d63d9, 0x6303636d, 0x629d6303, 0x623a629d, 0x61dc623a, 0x618361dc, 0x612f6183, 0x60e1612f, 
0x609960e1, 0x60576099, 0x601b6057, 0x5fe6601b, 0x5fb95fe6, 0x5f935fb9, 0x5f735f93, 0x5f5c5f73, 
0x5f4c5f5c, 0x5f435f4c, 0x5f425f43, 0x5f485f42, 0x5f555f48, 0x5f6a5f55, 0x5f855f6a, 0x5fa75f85, 
0x5fd05fa7, 0x5fff5fd0, 0x60335fff, 0x606e6033, 0x60ad606e, 0x60f160ad, 0x613960f1, 0x61866139, 
0x61d56186, 0x622861d5, 0x627d6228, 0x62d5627d, 0x632e62d5, 0x6388632e, 0x63e26388, 0x643d63e2, 
0x6497643d, 0x64f06497, 0x654864f0, 0x659e6548, 0x65f2659e, 0x664365f2, 0x66916643, 0x66dc6691, 
0x672266dc, 0x67656722, 0x67a26765, 0x67db67a2, 0x680f67db, 0x683e680f, 0x6867683e, 0x688a6867, 
0x68a7688a, 0x68be68a7, 0x68d068be, 0x68db68d0, 0x68e068db, 0x68df68e0, 0x68d868df, 0x68cb68d8, 
0x68b868cb, 0x68a068b8, 0x688268a0, 0x685e6882, 0x6836685e, 0x68096836, 0x67d76809, 0x67a167d7, 
0x676767a1, 0x67296767, 0x66e96729, 0x66a566e9, 0x665f66a5, 0x6617665f, 0x65cd6617, 0x658265cd, 
0x65366582, 0x64ea6536, 0x649e64ea, 0x6452649e, 0x64076452, 0x63bd6407, 0x637563bd, 0x632f6375, 
0x62eb632f, 0x62aa62eb, 0x626b62aa, 0x6230626b, 0x61f96230, 0x61c661f9, 0x619761c6, 0x616c6197, 
0x6146616c, 0x61246146, 0x61086124, 0x60f16108, 0x60de60f1, 0x60d160de, 0x60c960d1, 0x60c760c9, 
0x60c960c7, 0x60d160c9, 0x60de60d1, 0x60f060de, 0x610760f0, 0x61226107, 0x61426122, 0x61676142, 
0x618f6167, 0x61bc618f, 0x61ec61bc, 0x621f61ec, 0x6256621f, 0x628f6256, 0x62cb628f, 0x630962cb, 
0x63486309, 0x63896348, 0x63cb6389, 0x640d63cb, 0x6450640d, 0x64936450, 0x64d56493, 0x651764d5, 
0x65576517, 0x65976557, 0x65d46597, 0x660f65d4, 0x6647660f, 0x667d6647, 0x66b0667d, 0x66e066b0, 
0x670c66e0, 0x6735670c, 0x67596735, 0x677a6759, 0x6796677a, 0x67ae6796, 0x67c167ae, 0x67d067c1, 
0x67da67d0, 0x67df67da, 0x67e067df, 0x67dc67e0, 0x67d467dc, 0x67c767d4, 0x67b567c7, 0x679f67b5, 
0x6785679f, 0x67676785, 0x67456767, 0x67206745, 0x66f76720, 0x66cb66f7, 0x669b66cb, 0x666a669b, 
0x6635666a, 0x65ff6635, 0x65c765ff, 0x658d65c7, 0x6552658d, 0x65166552, 0x64da6516, 0x649e64da, 
0x6461649e, 0x64256461, 0x63ea6425, 0x63b063ea, 0x637863b0, 0x63416378, 0x630c6341, 0x62d9630c, 
0x62a962d9, 0x627c62a9, 0x6251627c, 0x622a6251, 0x6206622a, 0x61e66206, 0x61ca61e6, 0x61b261ca, 
0x619d61b2, 0x618d619d, 0x6181618d, 0x61796181, 0x61756179, 0x61766175, 0x617b6176, 0x6184617b, 
0x61926184, 0x61a36192, 0x61b861a3, 0x61d161b8, 0x61ee61d1, 0x620f61ee, 0x6232620f, 0x62596232, 
0x62836259, 0x62af6283, 0x62de62af, 0x630f62de, 0x6342630f, 0x63766342, 0x63ac6376, 0x63e363ac, 
0x641a63e3, 0x6452641a, 0x648a6452, 0x64c2648a, 0x64fa64c2, 0x653064fa, 0x65666530, 0x659a6566, 
0x65cc659a, 0x65fd65cc, 0x662b65fd, 0x6657662b, 0x66816657, 0x66a76681, 0x66cb66a7, 0x66eb66cb, 
0x670866eb, 0x67216708, 0x67376721, 0x67486737, 0x67566748, 0x67606756, 0x67666760, 0x67686766, 
0x67666768, 0x67606766, 0x67566760, 0x67496756, 0x67376749, 0x67226737, 0x67096722, 0x66ed6709, 
0x66cd66ed, 0x66aa66cd, 0x668566aa, 0x665d6685, 0x6632665d, 0x66056632, 0x65d66605, 0x65a665d6, 
0x657465a6, 0x65416574, 0x650d6541, 0x64d8650d, 0x64a364d8, 0x646e64a3, 0x6439646e, 0x64056439, 
0x63d16405, 0x639f63d1, 0x636e639f, 0x633f636e, 0x6311633f, 0x62e66311, 0x62bd62e6, 0x629662bd, 
0x62726296, 0x62526272, 0x62346252, 0x621a6234, 0x6203621a, 0x61ef6203, 0x61df61ef, 0x61d361df, 
0x61cb61d3, 0x61c761cb, 0x61c661c7, 0x61c961c6, 0x61d061c9, 0x61db61d0, 0x61e961db, 0x61fb61e9, 
0x621161fb, 0x622a6211, 0x6246622a, 0x62656246, 0x62886265, 0x62ad6288, 0x62d462ad, 0x62fe62d4, 
0x632a62fe, 0x6357632a, 0x63876357, 0x63b76387, 0x63e963b7, 0x641b63e9, 0x644e641b, 0x6481644e, 
0x64b56481, 0x64e764b5, 0x651a64e7, 0x654b651a, 0x657c654b, 0x65aa657c, 0x65d865aa, 0x660365d8, 
0x662d6603, 0x6654662d, 0x66786654, 0x669a6678, 0x66b9669a, 0x66d466b9, 0x66ed66d4, 0x670266ed, 
0x67146702, 0x67226714, 0x672c6722, 0x6733672c, 0x67366733, 0x67366736, 0x67316736, 0x67296731, 
0x671e6729, 0x670e671e, 0x66fb670e, 0x66e566fb, 0x66cc66e5, 0x66af66cc, 0x669066af, 0x666d6690, 
0x6648666d, 0x66216648, 0x65f76621, 0x65cc65f7, 0x659e65cc, 0x6570659e, 0x65406570, 0x650e6540, 
0x64dd650e, 0x64ab64dd, 0x647864ab, 0x64466478, 0x64146446, 0x63e36414, 0x63b263e3, 0x638363b2, 
0x63566383, 0x632a6356, 0x62ff632a, 0x62d762ff, 0x62b262d7, 0x628f62b2, 0x626e628f, 0x6251626e, 
0x62366251, 0x621f6236, 0x620b621f, 0x61fb620b, 0x61ee61fb, 0x61e561ee, 0x61e061e5, 0x61de61e0, 
0x61e061de, 0x61e561e0, 0x61ee61e5, 0x61fb61ee, 0x620b61fb, 0x621f620b, 0x6236621f, 0x62516236, 
0x626e6251, 0x628f626e, 0x62b2628f, 0x62d762b2, 0x62ff62d7, 0x632a62ff, 0x6356632a, 0x63836356, 
0x63b26383, 0x63e363b2, 0x641463e3, 0x64466414, 0x64786446, 0x64ab6478, 0x64dd64ab, 0x650e64dd, 
0x6540650e, 0x65706540, 0x659e6570, 0x65cc659e, 0x65f765cc, 0x662165f7, 0x66486621, 0x666d6648, 
0x6690666d, 0x66af6690, 0x66cc66af, 0x66e566cc, 0x66fb66e5, 0x670e66fb, 0x671e670e, 0x6729671e, 
0x67316729, 0x67366731, 0x67366736, 0x67336736, 0x672c6733, 0x6722672c, 0x67146722, 0x67026714, 
0x66ed6702, 0x66d466ed, 0x66b966d4, 0x669a66b9, 0x6678669a, 0x66546678, 0x662d6654, 0x6603662d, 
0x65d86603, 0x65aa65d8, 0x657c65aa, 0x654b657c, 0x651a654b, 0x64e7651a, 0x64b564e7, 0x648164b5, 
0x644e6481, 0x641b644e, 0x63e9641b, 0x63b763e9, 0x638763b7, 0x63576387, 0x632a6357, 0x62fe632a, 
0x62d462fe, 0x62ad62d4, 0x628862ad, 0x62656288, 0x62466265, 0x622a6246, 0x6211622a, 0x61fb6211, 
0x61e961fb, 0x61db61e9, 0x61d061db, 0x61c961d0, 0x61c661c9, 0x61c761c6, 0x61cb61c7, 0x61d361cb, 
0x61df61d3, 0x61ef61df, 0x620361ef, 0x621a6203, 0x6234621a, 0x62526234, 0x62726252, 0x62966272, 
0x62bd6296, 0x62e662bd, 0x631162e6, 0x633f6311, 0x636e633f, 0x639f636e, 0x63d1639f, 0x640563d1, 
0x64396405, 0x646e6439, 0x64a3646e, 0x64d864a3, 0x650d64d8, 0x6541650d, 0x65746541, 0x65a66574, 
0x65d665a6, 0x660565d6, 0x66326605, 0x665d6632, 0x6685665d, 0x66aa6685, 0x66cd66aa, 0x66ed66cd, 
0x670966ed, 0x67226709, 0x67376722, 0x67496737, 0x67566749, 0x67606756, 0x67666760, 0x67686766, 
0x67666768, 0x67606766, 0x67566760, 0x67486756, 0x67376748, 0x67216737, 0x67086721, 0x66eb6708, 
0x66cb66eb, 0x66a766cb, 0x668166a7, 0x66576681, 0x662b6657, 0x65fd662b, 0x65cc65fd, 0x659a65cc, 
0x6566659a, 0x65306566, 0x64fa6530, 0x64c264fa, 0x648a64c2, 0x6452648a, 0x641a6452, 0x63e3641a, 
0x63ac63e3, 0x637663ac, 0x63426376, 0x630f6342, 0x62de630f, 0x62af62de, 0x628362af, 0x62596283, 
0x62326259, 0x620f6232, 0x61ee620f, 0x61d161ee, 0x61b861d1, 0x61a361b8, 0x619261a3, 0x61846192, 
0x617b6184, 0x6176617b, 0x61756176, 0x61796175, 0x61816179, 0x618d6181, 0x619d618d, 0x61b2619d, 
0x61ca61b2, 0x61e661ca, 0x620661e6, 0x622a6206, 0x6251622a, 0x627c6251, 0x62a9627c, 0x62d962a9, 
0x630c62d9, 0x6341630c, 0x63786341, 0x63b06378, 0x63ea63b0, 0x642563ea, 0x64616425, 0x649e6461, 
0x64da649e, 0x651664da, 0x65526516, 0x658d6552, 0x65c7658d, 0x65ff65c7, 0x663565ff, 0x666a6635, 
0x669b666a, 0x66cb669b, 0x66f766cb, 0x672066f7, 0x67456720, 0x67676745, 0x67856767, 0x679f6785, 
0x67b5679f, 0x67c767b5, 0x67d467c7, 0x67dc67d4, 0x67e067dc, 0x67df67e0, 0x67da67df, 0x67d067da, 
0x67c167d0, 0x67ae67c1, 0x679667ae, 0x677a6796, 0x6759677a, 0x67356759, 0x670c6735, 0x66e0670c, 
0x66b066e0, 0x667d66b0, 0x6647667d, 0x660f6647, 0x65d4660f, 0x659765d4, 0x65576597, 0x65176557, 
0x64d56517, 0x649364d5, 0x64506493, 0x640d6450, 0x63cb640d, 0x638963cb, 0x63486389, 0x63096348, 
0x62cb6309, 0x628f62cb, 0x6256628f, 0x621f6256, 0x61ec621f, 0x61bc61ec, 0x618f61bc, 0x6167618f, 
0x61426167, 0x61226142, 0x61076122, 0x60f06107, 0x60de60f0, 0x60d160de, 0x60c960d1, 0x60c760c9, 
0x60c960c7, 0x60d160c9, 0x60de60d1, 0x60f160de, 0x610860f1, 0x61246108, 0x61466124, 0x616c6146, 
0x6197616c, 0x61c66197, 0x61f961c6, 0x623061f9, 0x626b6230, 0x62aa626b, 0x62eb62aa, 0x632f62eb, 
0x6375632f, 0x63bd6375, 0x640763bd, 0x64526407, 0x649e6452, 0x64ea649e, 0x653664ea, 0x65826536, 
0x65cd6582, 0x661765cd, 0x665f6617, 0x66a5665f, 0x66e966a5, 0x672966e9, 0x67676729, 0x67a16767, 
0x67d767a1, 0x680967d7, 0x68366809, 0x685e6836, 0x6882685e, 0x68a06882, 0x68b868a0, 0x68cb68b8, 
0x68d868cb, 0x68df68d8, 0x68e068df, 0x68db68e0, 0x68d068db, 0x68be68d0, 0x68a768be, 0x688a68a7, 
0x6867688a, 0x683e6867, 0x680f683e, 0x67db680f, 0x67a267db, 0x676567a2, 0x67226765, 0x66dc6722, 
0x669166dc, 0x66436691, 0x65f26643, 0x659e65f2, 0x6548659e, 0x64f06548, 0x649764f0, 0x643d6497, 
0x63e2643d, 0x638863e2, 0x632e6388, 0x62d5632e, 0x627d62d5, 0x6228627d, 0x61d56228, 0x618661d5, 
0x61396186, 0x60f16139, 0x60ad60f1, 0x606e60ad, 0x6033606e, 0x5fff6033, 0x5fd05fff, 0x5fa75fd0, 
0x5f855fa7, 0x5f6a5f85, 0x5f555f6a, 0x5f485f55, 0x5f425f48, 0x5f435f42, 0x5f4c5f43, 0x5f5c5f4c, 
0x5f735f5c, 0x5f935f73, 0x5fb95f93, 0x5fe65fb9, 0x601b5fe6, 0x6057601b, 0x60996057, 0x60e16099, 
0x612f60e1, 0x6183612f, 0x61dc6183, 0x623a61dc, 0x629d623a, 0x6303629d, 0x636d6303, 0x63d9636d, 
0x644863d9, 0x64b86448, 0x652a64b8, 0x659c652a, 0x660d659c, 0x667f660d, 0x66ee667f, 0x675c66ee, 
0x67c7675c, 0x682f67c7, 0x6894682f, 0x68f36894, 0x694e68f3, 0x69a3694e, 0x69f269a3, 0x6a3b69f2, 
0x6a7c6a3b, 0x6ab66a7c, 0x6ae76ab6, 0x6b116ae7, 0x6b316b11, 0x6b496b31, 0x6b576b49, 0x6b5c6b57, 
0x6b576b5c, 0x6b486b57, 0x6b306b48, 0x6b0e6b30, 0x6ae16b0e, 0x6aab6ae1, 0x6a6c6aab, 0x6a236a6c, 
0x69d16a23, 0x697669d1, 0x69126976, 0x68a76912, 0x683368a7, 0x67b96833, 0x673867b9, 0x66b16738, 
0x662466b1, 0x65936624, 0x64fe6593, 0x646664fe, 0x63cb6466, 0x632e63cb, 0x6291632e, 0x61f36291, 
0x615761f3, 0x60bc6157, 0x602460bc, 0x5f8f6024, 0x5efe5f8f, 0x5e735efe, 0x5dee5e73, 0x5d705dee, 
0x5cf95d70, 0x5c8c5cf9, 0x5c275c8c, 0x5bcd5c27, 0x5b7d5bcd, 0x5b395b7d, 0x5b015b39, 0x5ad65b01, 
0x5ab85ad6, 0x5aa75ab8, 0x5aa55aa7, 0x5ab15aa5, 0x5acc5ab1, 0x5af55acc, 0x5b2e5af5, 0x5b765b2e, 
0x5bcc5b76, 0x5c325bcc, 0x5ca65c32, 0x5d295ca6, 0x5dba5d29, 0x5e595dba, 0x5f055e59, 0x5fbe5f05, 
0x60825fbe, 0x61526082, 0x622c6152, 0x6310622c, 0x63fc6310, 0x64f063fc, 0x65eb64f0, 0x66ea65eb, 
0x67ed66ea, 0x68f367ed, 0x69fb68f3, 0x6b0269fb, 0x6c086b02, 0x6d0b6c08, 0x6e096d0b, 0x6f016e09, 
0x6ff16f01, 0x70d86ff1, 0x71b470d8, 0x728471b4, 0x73457284, 0x73f77345, 0x749773f7, 0x75247497, 
0x759d7524, 0x75ff759d, 0x764a75ff, 0x767b764a, 0x7693767b, 0x768e7693, 0x766c768e, 0x762b766c, 
0x75cb762b, 0x754a75cb, 0x74a8754a, 0x73e274a8, 0x72f973e2, 0x71ec72f9, 0x70ba71ec, 0x6f6270ba, 
0x6de56f62, 0x6c416de5, 0x6a766c41, 0x68856a76, 0x666d6885, 0x642e666d, 0x61c9642e, 0x5f3e61c9, 
0x5c8d5f3e, 0x59b75c8d, 0x56bc59b7, 0x539e56bc, 0x505d539e, 0x4cfa505d, 0x49774cfa, 0x45d44977, 
0x421345d4, 0x3e344213, 0x3a3b3e34, 0x36283a3b, 0x31fc3628, 0x2dba31fc, 0x29642dba, 0x24fb2964, 
0x208124fb, 0x1bf82081, 0x17631bf8, 0x12c21763, 0x0e1912c2, 0x096a0e19, 0x04b6096a, 0x000004b6, 
0xfb4a0000, 0xf696fb4a, 0xf1e7f696, 0xed3ef1e7, 0xe89ded3e, 0xe408e89d, 0xdf7fe408, 0xdb05df7f, 
0xd69cdb05, 0xd246d69c, 0xce04d246, 0xc9d8ce04, 0xc5c5c9d8, 0xc1ccc5c5, 0xbdedc1cc, 0xba2cbded, 
0xb689ba2c, 0xb306b689, 0xafa3b306, 0xac62afa3, 0xa944ac62, 0xa649a944, 0xa373a649, 0xa0c2a373, 
0x9e37a0c2, 0x9bd29e37, 0x99939bd2, 0x977b9993, 0x958a977b, 0x93bf958a, 0x921b93bf, 0x909e921b, 
0x8f46909e, 0x8e148f46, 0x8d078e14, 0x8c1e8d07, 0x8b588c1e, 0x8ab68b58, 0x8a358ab6, 0x89d58a35, 
0x899489d5, 0x89728994, 0x896d8972, 0x8985896d, 0x89b68985, 0x8a0189b6, 0x8a638a01, 0x8adc8a63, 
0x8b698adc, 0x8c098b69, 0x8cbb8c09, 0x8d7c8cbb, 0x8e4c8d7c, 0x8f288e4c, 0x900f8f28, 0x90ff900f, 
0x91f790ff, 0x92f591f7, 0x93f892f5, 0x94fe93f8, 0x960594fe, 0x970d9605, 0x9813970d, 0x99169813, 
0x9a159916, 0x9b109a15, 0x9c049b10, 0x9cf09c04, 0x9dd49cf0, 0x9eae9dd4, 0x9f7e9eae, 0xa0429f7e, 
0xa0fba042, 0xa1a7a0fb, 0xa246a1a7, 0xa2d7a246, 0xa35aa2d7, 0xa3cea35a, 0xa434a3ce, 0xa48aa434, 
0xa4d2a48a, 0xa50ba4d2, 0xa534a50b, 0xa54fa534, 0xa55ba54f, 0xa559a55b, 0xa548a559, 0xa52aa548, 
0xa4ffa52a, 0xa4c7a4ff, 0xa483a4c7, 0xa433a483, 0xa3d9a433, 0xa374a3d9, 0xa307a374, 0xa290a307, 
0xa212a290, 0xa18da212, 0xa102a18d, 0xa071a102, 0x9fdca071, 0x9f449fdc, 0x9ea99f44, 0x9e0d9ea9, 
0x9d6f9e0d, 0x9cd29d6f, 0x9c359cd2, 0x9b9a9c35, 0x9b029b9a, 0x9a6d9b02, 0x99dc9a6d, 0x994f99dc, 
0x98c8994f, 0x984798c8, 0x97cd9847, 0x975997cd, 0x96ee9759, 0x968a96ee, 0x962f968a, 0x95dd962f, 
0x959495dd, 0x95559594, 0x951f9555, 0x94f2951f, 0x94d094f2, 0x94b894d0, 0x94a994b8, 0x94a494a9, 
0x94a994a4, 0x94b794a9, 0x94cf94b7, 0x94ef94cf, 0x951994ef, 0x954a9519, 0x9584954a, 0x95c59584, 
0x960e95c5, 0x965d960e, 0x96b2965d, 0x970d96b2, 0x976c970d, 0x97d1976c, 0x983997d1, 0x98a49839, 
0x991298a4, 0x99819912, 0x99f39981, 0x9a6499f3, 0x9ad69a64, 0x9b489ad6, 0x9bb89b48, 0x9c279bb8, 
0x9c939c27, 0x9cfd9c93, 0x9d639cfd, 0x9dc69d63, 0x9e249dc6, 0x9e7d9e24, 0x9ed19e7d, 0x9f1f9ed1, 
0x9f679f1f, 0x9fa99f67, 0x9fe59fa9, 0xa01a9fe5, 0xa047a01a, 0xa06da047, 0xa08da06d, 0xa0a4a08d, 
0xa0b4a0a4, 0xa0bda0b4, 0xa0bea0bd, 0xa0b8a0be, 0xa0aba0b8, 0xa096a0ab, 0xa07ba096, 0xa059a07b, 
0xa030a059, 0xa001a030, 0x9fcda001, 0x9f929fcd, 0x9f539f92, 0x9f0f9f53, 0x9ec79f0f, 0x9e7a9ec7, 
0x9e2b9e7a, 0x9dd89e2b, 0x9d839dd8, 0x9d2b9d83, 0x9cd29d2b, 0x9c789cd2, 0x9c1e9c78, 0x9bc39c1e, 
0x9b699bc3, 0x9b109b69, 0x9ab89b10, 0x9a629ab8, 0x9a0e9a62, 0x99bd9a0e, 0x996f99bd, 0x9924996f, 
0x98de9924, 0x989b98de, 0x985e989b, 0x9825985e, 0x97f19825, 0x97c297f1, 0x979997c2, 0x97769799, 
0x97599776, 0x97429759, 0x97309742, 0x97259730, 0x97209725, 0x97219720, 0x97289721, 0x97359728, 
0x97489735, 0x97609748, 0x977e9760, 0x97a2977e, 0x97ca97a2, 0x97f797ca, 0x982997f7, 0x985f9829, 
0x9899985f, 0x98d79899, 0x991798d7, 0x995b9917, 0x99a1995b, 0x99e999a1, 0x9a3399e9, 0x9a7e9a33, 
0x9aca9a7e, 0x9b169aca, 0x9b629b16, 0x9bae9b62, 0x9bf99bae, 0x9c439bf9, 0x9c8b9c43, 0x9cd19c8b, 
0x9d159cd1, 0x9d569d15, 0x9d959d56, 0x9dd09d95, 0x9e079dd0, 0x9e3a9e07, 0x9e699e3a, 0x9e949e69, 
0x9eba9e94, 0x9edc9eba, 0x9ef89edc, 0x9f0f9ef8, 0x9f229f0f, 0x9f2f9f22, 0x9f379f2f, 0x9f399f37, 
0x9f379f39, 0x9f2f9f37, 0x9f229f2f, 0x9f109f22, 0x9ef99f10, 0x9ede9ef9, 0x9ebe9ede, 0x9e999ebe, 
0x9e719e99, 0x9e449e71, 0x9e149e44, 0x9de19e14, 0x9daa9de1, 0x9d719daa, 0x9d359d71, 0x9cf79d35, 
0x9cb89cf7, 0x9c779cb8, 0x9c359c77, 0x9bf39c35, 0x9bb09bf3, 0x9b6d9bb0, 0x9b2b9b6d, 0x9ae99b2b, 
0x9aa99ae9, 0x9a699aa9, 0x9a2c9a69, 0x99f19a2c, 0x99b999f1, 0x998399b9, 0x99509983, 0x99209950, 
0x98f49920, 0x98cb98f4, 0x98a798cb, 0x988698a7, 0x986a9886, 0x9852986a, 0x983f9852, 0x9830983f, 
0x98269830, 0x98219826, 0x98209821, 0x98249820, 0x982c9824, 0x9839982c, 0x984b9839, 0x9861984b, 
0x987b9861, 0x9899987b, 0x98bb9899, 0x98e098bb, 0x990998e0, 0x99359909, 0x99659935, 0x99969965, 
0x99cb9996, 0x9a0199cb, 0x9a399a01, 0x9a739a39, 0x9aae9a73, 0x9aea9aae, 0x9b269aea, 0x9b629b26, 
0x9b9f9b62, 0x9bdb9b9f, 0x9c169bdb, 0x9c509c16, 0x9c889c50, 0x9cbf9c88, 0x9cf49cbf, 0x9d279cf4, 
0x9d579d27, 0x9d849d57, 0x9daf9d84, 0x9dd69daf, 0x9dfa9dd6, 0x9e1a9dfa, 0x9e369e1a, 0x9e4e9e36, 
0x9e639e4e, 0x9e739e63, 0x9e7f9e73, 0x9e879e7f, 0x9e8b9e87, 0x9e8a9e8b, 0x9e859e8a, 0x9e7c9e85, 
0x9e6e9e7c, 0x9e5d9e6e, 0x9e489e5d, 0x9e2f9e48, 0x9e129e2f, 0x9df19e12, 0x9dce9df1, 0x9da79dce, 
0x9d7d9da7, 0x9d519d7d, 0x9d229d51, 0x9cf19d22, 0x9cbe9cf1, 0x9c8a9cbe, 0x9c549c8a, 0x9c1d9c54, 
0x9be69c1d, 0x9bae9be6, 0x9b769bae, 0x9b3e9b76, 0x9b069b3e, 0x9ad09b06, 0x9a9a9ad0, 0x9a669a9a, 
0x9a349a66, 0x9a039a34, 0x99d59a03, 0x99a999d5, 0x997f99a9, 0x9959997f, 0x99359959, 0x99159935, 
0x98f89915, 0x98df98f8, 0x98c998df, 0x98b898c9, 0x98aa98b8, 0x98a098aa, 0x989a98a0, 0x9898989a, 
0x989a9898, 0x98a0989a, 0x98aa98a0, 0x98b798aa, 0x98c998b7, 0x98de98c9, 0x98f798de, 0x991398f7, 
0x99339913, 0x99569933, 0x997b9956, 0x99a3997b, 0x99ce99a3, 0x99fb99ce, 0x9a2a99fb, 0x9a5a9a2a, 
0x9a8c9a5a, 0x9abf9a8c, 0x9af39abf, 0x9b289af3, 0x9b5d9b28, 0x9b929b5d, 0x9bc79b92, 0x9bfb9bc7, 
0x9c2f9bfb, 0x9c619c2f, 0x9c929c61, 0x9cc19c92, 0x9cef9cc1, 0x9d1a9cef, 0x9d439d1a, 0x9d6a9d43, 
0x9d8e9d6a, 0x9dae9d8e, 0x9dcc9dae, 0x9de69dcc, 0x9dfd9de6, 0x9e119dfd, 0x9e219e11, 0x9e2d9e21, 
0x9e359e2d, 0x9e399e35, 0x9e3a9e39, 0x9e379e3a, 0x9e309e37, 0x9e259e30, 0x9e179e25, 0x9e059e17, 
0x9def9e05, 0x9dd69def, 0x9dba9dd6, 0x9d9b9dba, 0x9d789d9b, 0x9d539d78, 0x9d2c9d53, 0x9d029d2c, 
0x9cd69d02, 0x9ca99cd6, 0x9c799ca9, 0x9c499c79, 0x9c179c49, 0x9be59c17, 0x9bb29be5, 0x9b7f9bb2, 
0x9b4b9b7f, 0x9b199b4b, 0x9ae69b19, 0x9ab59ae6, 0x9a849ab5, 0x9a569a84, 0x9a289a56, 0x99fd9a28, 
0x99d399fd, 0x99ac99d3, 0x998899ac, 0x99669988, 0x99479966, 0x992c9947, 0x9913992c, 0x98fe9913, 
0x98ec98fe, 0x98de98ec, 0x98d498de, 0x98cd98d4, 0x98ca98cd, 0x98ca98ca, 0x98cf98ca, 0x98d798cf, 
0x98e298d7, 0x98f298e2, 0x990598f2, 0x991b9905, 0x9934991b, 0x99519934, 0x99709951, 0x99939970, 
0x99b89993, 0x99df99b8, 0x9a0999df, 0x9a349a09, 0x9a629a34, 0x9a909a62, 0x9ac09a90, 0x9af29ac0, 
0x9b239af2, 0x9b559b23, 0x9b889b55, 0x9bba9b88, 0x9bec9bba, 0x9c1d9bec, 0x9c4e9c1d, 0x9c7d9c4e, 
0x9caa9c7d, 0x9cd69caa, 0x9d019cd6, 0x9d299d01, 0x9d4e9d29, 0x9d719d4e, 0x9d929d71, 0x9daf9d92, 
0x9dca9daf, 0x9de19dca, 0x9df59de1, 0x9e059df5, 0x9e129e05, 0x9e1b9e12, 0x9e209e1b, 0x9e229e20, 
0x9e209e22, 0x9e1b9e20, 0x9e129e1b, 0x9e059e12, 0x9df59e05, 0x9de19df5, 0x9dca9de1, 0x9daf9dca, 
0x9d929daf, 0x9d719d92, 0x9d4e9d71, 0x9d299d4e, 0x9d019d29, 0x9cd69d01, 0x9caa9cd6, 0x9c7d9caa, 
0x9c4e9c7d, 0x9c1d9c4e, 0x9bec9c1d, 0x9bba9bec, 0x9b889bba, 0x9b559b88, 0x9b239b55, 0x9af29b23, 
0x9ac09af2, 0x9a909ac0, 0x9a629a90, 0x9a349a62, 0x9a099a34, 0x99df9a09, 0x99b899df, 0x999399b8, 
0x99709993, 0x99519970, 0x99349951, 0x991b9934, 0x9905991b, 0x98f29905, 0x98e298f2, 0x98d798e2, 
0x98cf98d7, 0x98ca98cf, 0x98ca98ca, 0x98cd98ca, 0x98d498cd, 0x98de98d4, 0x98ec98de, 0x98fe98ec, 
0x991398fe, 0x992c9913, 0x9947992c, 0x99669947, 0x99889966, 0x99ac9988, 0x99d399ac, 0x99fd99d3, 
0x9a2899fd, 0x9a569a28, 0x9a849a56, 0x9ab59a84, 0x9ae69ab5, 0x9b199ae6, 0x9b4b9b19, 0x9b7f9b4b, 
0x9bb29b7f, 0x9be59bb2, 0x9c179be5, 0x9c499c17, 0x9c799c49, 0x9ca99c79, 0x9cd69ca9, 0x9d029cd6, 
0x9d2c9d02, 0x9d539d2c, 0x9d789d53, 0x9d9b9d78, 0x9dba9d9b, 0x9dd69dba, 0x9def9dd6, 0x9e059def, 
0x9e179e05, 0x9e259e17, 0x9e309e25, 0x9e379e30, 0x9e3a9e37, 0x9e399e3a, 0x9e359e39, 0x9e2d9e35, 
0x9e219e2d, 0x9e119e21, 0x9dfd9e11, 0x9de69dfd, 0x9dcc9de6, 0x9dae9dcc, 0x9d8e9dae, 0x9d6a9d8e, 
0x9d439d6a, 0x9d1a9d43, 0x9cef9d1a, 0x9cc19cef, 0x9c929cc1, 0x9c619c92, 0x9c2f9c61, 0x9bfb9c2f, 
0x9bc79bfb, 0x9b929bc7, 0x9b5d9b92, 0x9b289b5d, 0x9af39b28, 0x9abf9af3, 0x9a8c9abf, 0x9a5a9a8c, 
0x9a2a9a5a, 0x99fb9a2a, 0x99ce99fb, 0x99a399ce, 0x997b99a3, 0x9956997b, 0x99339956, 0x99139933, 
0x98f79913, 0x98de98f7, 0x98c998de, 0x98b798c9, 0x98aa98b7, 0x98a098aa, 0x989a98a0, 0x9898989a, 
0x989a9898, 0x98a0989a, 0x98aa98a0, 0x98b898aa, 0x98c998b8, 0x98df98c9, 0x98f898df, 0x991598f8, 
0x99359915, 0x99599935, 0x997f9959, 0x99a9997f, 0x99d599a9, 0x9a0399d5, 0x9a349a03, 0x9a669a34, 
0x9a9a9a66, 0x9ad09a9a, 0x9b069ad0, 0x9b3e9b06, 0x9b769b3e, 0x9bae9b76, 0x9be69bae, 0x9c1d9be6, 
0x9c549c1d, 0x9c8a9c54, 0x9cbe9c8a, 0x9cf19cbe, 0x9d229cf1, 0x9d519d22, 0x9d7d9d51, 0x9da79d7d, 
0x9dce9da7, 0x9df19dce, 0x9e129df1, 0x9e2f9e12, 0x9e489e2f, 0x9e5d9e48, 0x9e6e9e5d, 0x9e7c9e6e, 
0x9e859e7c, 0x9e8a9e85, 0x9e8b9e8a, 0x9e879e8b, 0x9e7f9e87, 0x9e739e7f, 0x9e639e73, 0x9e4e9e63, 
0x9e369e4e, 0x9e1a9e36, 0x9dfa9e1a, 0x9dd69dfa, 0x9daf9dd6, 0x9d849daf, 0x9d579d84, 0x9d279d57, 
0x9cf49d27, 0x9cbf9cf4, 0x9c889cbf, 0x9c509c88, 0x9c169c50, 0x9bdb9c16, 0x9b9f9bdb, 0x9b629b9f, 
0x9b269b62, 0x9aea9b26, 0x9aae9aea, 0x9a739aae, 0x9a399a73, 0x9a019a39, 0x99cb9a01, 0x999699cb, 
0x99659996, 0x99359965, 0x99099935, 0x98e09909, 0x98bb98e0, 0x989998bb, 0x987b9899, 0x9861987b, 
0x984b9861, 0x9839984b, 0x982c9839, 0x9824982c, 0x98209824, 0x98219820, 0x98269821, 0x98309826, 
0x983f9830, 0x9852983f, 0x986a9852, 0x9886986a, 0x98a79886, 0x98cb98a7, 0x98f498cb, 0x992098f4, 
0x99509920, 0x99839950, 0x99b99983, 0x99f199b9, 0x9a2c99f1, 0x9a699a2c, 0x9aa99a69, 0x9ae99aa9, 
0x9b2b9ae9, 0x9b6d9b2b, 0x9bb09b6d, 0x9bf39bb0, 0x9c359bf3, 0x9c779c35, 0x9cb89c77, 0x9cf79cb8, 
0x9d359cf7, 0x9d719d35, 0x9daa9d71, 0x9de19daa, 0x9e149de1, 0x9e449e14, 0x9e719e44, 0x9e999e71, 
0x9ebe9e99, 0x9ede9ebe, 0x9ef99ede, 0x9f109ef9, 0x9f229f10, 0x9f2f9f22, 0x9f379f2f, 0x9f399f37, 
0x9f379f39, 0x9f2f9f37, 0x9f229f2f, 0x9f0f9f22, 0x9ef89f0f, 0x9edc9ef8, 0x9eba9edc, 0x9e949eba, 
0x9e699e94, 0x9e3a9e69, 0x9e079e3a, 0x9dd09e07, 0x9d959dd0, 0x9d569d95, 0x9d159d56, 0x9cd19d15, 
0x9c8b9cd1, 0x9c439c8b, 0x9bf99c43, 0x9bae9bf9, 0x9b629bae, 0x9b169b62, 0x9aca9b16, 0x9a7e9aca, 
0x9a339a7e, 0x99e99a33, 0x99a199e9, 0x995b99a1, 0x9917995b, 0x98d79917, 0x989998d7, 0x985f9899, 
0x9829985f, 0x97f79829, 0x97ca97f7, 0x97a297ca, 0x977e97a2, 0x9760977e, 0x97489760, 0x97359748, 
0x97289735, 0x97219728, 0x97209721, 0x97259720, 0x97309725, 0x97429730, 0x97599742, 0x97769759, 
0x97999776, 0x97c29799, 0x97f197c2, 0x982597f1, 0x985e9825, 0x989b985e, 0x98de989b, 0x992498de, 
0x996f9924, 0x99bd996f, 0x9a0e99bd, 0x9a629a0e, 0x9ab89a62, 0x9b109ab8, 0x9b699b10, 0x9bc39b69, 
0x9c1e9bc3, 0x9c789c1e, 0x9cd29c78, 0x9d2b9cd2, 0x9d839d2b, 0x9dd89d83, 0x9e2b9dd8, 0x9e7a9e2b, 
0x9ec79e7a, 0x9f0f9ec7, 0x9f539f0f, 0x9f929f53, 0x9fcd9f92, 0xa0019fcd, 0xa030a001, 0xa059a030, 
0xa07ba059, 0xa096a07b, 0xa0aba096, 0xa0b8a0ab, 0xa0bea0b8, 0xa0bda0be, 0xa0b4a0bd, 0xa0a4a0b4, 
0xa08da0a4, 0xa06da08d, 0xa047a06d, 0xa01aa047, 0x9fe5a01a, 0x9fa99fe5, 0x9f679fa9, 0x9f1f9f67, 
0x9ed19f1f, 0x9e7d9ed1, 0x9e249e7d, 0x9dc69e24, 0x9d639dc6, 0x9cfd9d63, 0x9c939cfd, 0x9c279c93, 
0x9bb89c27, 0x9b489bb8, 0x9ad69b48, 0x9a649ad6, 0x99f39a64, 0x998199f3, 0x99129981, 0x98a49912, 
0x983998a4, 0x97d19839, 0x976c97d1, 0x970d976c, 0x96b2970d, 0x965d96b2, 0x960e965d, 0x95c5960e, 
0x958495c5, 0x954a9584, 0x9519954a, 0x94ef9519, 0x94cf94ef, 0x94b794cf, 0x94a994b7, 0x94a494a9, 
0x94a994a4, 0x94b894a9, 0x94d094b8, 0x94f294d0, 0x951f94f2, 0x9555951f, 0x95949555, 0x95dd9594, 
0x962f95dd, 0x968a962f, 0x96ee968a, 0x975996ee, 0x97cd9759, 0x984797cd, 0x98c89847, 0x994f98c8, 
0x99dc994f, 0x9a6d99dc, 0x9b029a6d, 0x9b9a9b02, 0x9c359b9a, 0x9cd29c35, 0x9d6f9cd2, 0x9e0d9d6f, 
0x9ea99e0d, 0x9f449ea9, 0x9fdc9f44, 0xa0719fdc, 0xa102a071, 0xa18da102, 0xa212a18d, 0xa290a212, 
0xa307a290, 0xa374a307, 0xa3d9a374, 0xa433a3d9, 0xa483a433, 0xa4c7a483, 0xa4ffa4c7, 0xa52aa4ff, 
0xa548a52a, 0xa559a548, 0xa55ba559, 0xa54fa55b, 0xa534a54f, 0xa50ba534, 0xa4d2a50b, 0xa48aa4d2, 
0xa434a48a, 0xa3cea434, 0xa35aa3ce, 0xa2d7a35a, 0xa246a2d7, 0xa1a7a246, 0xa0fba1a7, 0xa042a0fb, 
0x9f7ea042, 0x9eae9f7e, 0x9dd49eae, 0x9cf09dd4, 0x9c049cf0, 0x9b109c04, 0x9a159b10, 0x99169a15, 
0x98139916, 0x970d9813, 0x9605970d, 0x94fe9605, 0x93f894fe, 0x92f593f8, 0x91f792f5, 0x90ff91f7, 
0x900f90ff, 0x8f28900f, 0x8e4c8f28, 0x8d7c8e4c, 0x8cbb8d7c, 0x8c098cbb, 0x8b698c09, 0x8adc8b69, 
0x8a638adc, 0x8a018a63, 0x89b68a01, 0x898589b6, 0x896d8985, 0x8972896d, 0x89948972, 0x89d58994, 
0x8a3589d5, 0x8ab68a35, 0x8b588ab6, 0x8c1e8b58, 0x8d078c1e, 0x8e148d07, 0x8f468e14, 0x909e8f46, 
0x921b909e, 0x93bf921b, 0x958a93bf, 0x977b958a, 0x9993977b, 0x9bd29993, 0x9e379bd2, 0xa0c29e37, 
0xa373a0c2, 0xa649a373, 0xa944a649, 0xac62a944, 0xafa3ac62, 0xb306afa3, 0xb689b306, 0xba2cb689, 
0xbdedba2c, 0xc1ccbded, 0xc5c5c1cc, 0xc9d8c5c5, 0xce04c9d8, 0xd246ce04, 0xd69cd246, 0xdb05d69c, 
0xdf7fdb05, 0xe408df7f, 0xe89de408, 0xed3ee89d, 0xf1e7ed3e, 0xf696f1e7, 0xfb4af696, 0x0000fb4a, 
},
// Table 6, base frequency 2093.004522
{
0x01f70000, 0x03ed01f7, 0x05e303ed, 0x07d905e3, 0x09ce07d9, 0x0bc209ce, 0x0db60bc2, 0x0fa80db6, 
0x11990fa8, 0x13881199, 0x15771388, 0x17631577, 0x194d1763, 0x1b36194d, 0x1d1c1b36, 0x1f001d1c, 
0x20e21f00, 0x22c120e2, 0x249d22c1, 0x2677249d, 0x284d2677, 0x2a21284d, 0x2bf12a21, 0x2dbd2bf1, 
0x2f862dbd, 0x314c2f86, 0x330d314c, 0x34cb330d, 0x368434cb, 0x383a3684, 0x39eb383a, 0x3b9839eb, 
0x3d403b98, 0x3ee33d40, 0x40823ee3, 0x421c4082, 0x43b0421c, 0x454043b0, 0x46cb4540, 0x485046cb, 
0x49d04850, 0x4b4a49d0, 0x4cbf4b4a, 0x4e2e4cbf, 0x4f984e2e, 0x50fc4f98, 0x525a50fc, 0x53b2525a, 
0x550353b2, 0x564f5503, 0x5795564f, 0x58d45795, 0x5a0d58d4, 0x5b405a0d, 0x5c6d5b40, 0x5d935c6d, 
0x5eb25d93, 0x5fcb5eb2, 0x60de5fcb, 0x61ea60de, 0x62ef61ea, 0x63ee62ef, 0x64e663ee, 0x65d764e6, 
0x66c265d7, 0x67a666c2, 0x688367a6, 0x695a6883, 0x6a2a695a, 0x6af36a2a, 0x6bb56af3, 0x6c716bb5, 
0x6d266c71, 0x6dd46d26, 0x6e7b6dd4, 0x6f1c6e7b, 0x6fb76f1c, 0x704a6fb7, 0x70d7704a, 0x715e70d7, 
0x71de715e, 0x725771de, 0x72ca7257, 0x733772ca, 0x739d7337, 0x73fd739d, 0x745773fd, 0x74ab7457, 
0x74f874ab, 0x754074f8, 0x75817540, 0x75bd7581, 0x75f375bd, 0x762275f3, 0x764d7622, 0x7671764d, 
0x76907671, 0x76aa7690, 0x76be76aa, 0x76cd76be, 0x76d676cd, 0x76db76d6, 0x76da76db, 0x76d576da, 
0x76cb76d5, 0x76bc76cb, 0x76a876bc, 0x769076a8, 0x76737690, 0x76527673, 0x762d7652, 0x7604762d, 
0x75d77604, 0x75a575d7, 0x757075a5, 0x75387570, 0x74fc7538, 0x74bc74fc, 0x747974bc, 0x74337479, 
0x73e97433, 0x739d73e9, 0x734e739d, 0x72fc734e, 0x72a772fc, 0x725072a7, 0x71f77250, 0x719b71f7, 
0x713d719b, 0x70dd713d, 0x707b70dd, 0x7017707b, 0x6fb27017, 0x6f4b6fb2, 0x6ee36f4b, 0x6e796ee3, 
0x6e0e6e79, 0x6da26e0e, 0x6d356da2, 0x6cc76d35, 0x6c586cc7, 0x6be96c58, 0x6b796be9, 0x6b086b79, 
0x6a986b08, 0x6a276a98, 0x69b66a27, 0x694569b6, 0x68d46945, 0x686468d4, 0x67f36864, 0x678367f3, 
0x67146783, 0x66a56714, 0x663766a5, 0x65ca6637, 0x655e65ca, 0x64f2655e, 0x648864f2, 0x641f6488, 
0x63b7641f, 0x635063b7, 0x62eb6350, 0x628762eb, 0x62256287, 0x61c46225, 0x616561c4, 0x61086165, 
0x60ad6108, 0x605460ad, 0x5ffc6054, 0x5fa75ffc, 0x5f545fa7, 0x5f035f54, 0x5eb45f03, 0x5e675eb4, 
0x5e1c5e67, 0x5dd45e1c, 0x5d8f5dd4, 0x5d4b5d8f, 0x5d0b5d4b, 0x5ccc5d0b, 0x5c905ccc, 0x5c575c90, 
0x5c205c57, 0x5bec5c20, 0x5bbb5bec, 0x5b8c5bbb, 0x5b605b8c, 0x5b375b60, 0x5b105b37, 0x5aec5b10, 
0x5acb5aec, 0x5aac5acb, 0x5a905aac, 0x5a775a90, 0x5a615a77, 0x5a4d5a61, 0x5a3d5a4d, 0x5a2e5a3d, 
0x5a235a2e, 0x5a1a5a23, 0x5a145a1a, 0x5a115a14, 0x5a105a11, 0x5a125a10, 0x5a165a12, 0x5a1d5a16, 
0x5a275a1d, 0x5a335a27, 0x5a415a33, 0x5a525a41, 0x5a665a52, 0x5a7b5a66, 0x5a935a7b, 0x5aae5a93, 
0x5aca5aae, 0x5ae95aca, 0x5b0a5ae9, 0x5b2d5b0a, 0x5b535b2d, 0x5b7a5b53, 0x5ba35b7a, 0x5bce5ba3, 
0x5bfb5bce, 0x5c2a5bfb, 0x5c5a5c2a, 0x5c8c5c5a, 0x5cc05c8c, 0x5cf65cc0, 0x5d2c5cf6, 0x5d655d2c, 
0x5d9f5d65, 0x5dda5d9f, 0x5e165dda, 0x5e535e16, 0x5e925e53, 0x5ed25e92, 0x5f125ed2, 0x5f545f12, 
0x5f965f54, 0x5fd95f96, 0x601d5fd9, 0x6062601d, 0x60a76062, 0x60ed60a7, 0x613360ed, 0x61796133, 
0x61c06179, 0x620761c0, 0x624f6207, 0x6296624f, 0x62de6296, 0x632562de, 0x636c6325, 0x63b4636c, 
0x63fa63b4, 0x644163fa, 0x64886441, 0x64cd6488, 0x651364cd, 0x65586513, 0x659c6558, 0x65e0659c, 
0x662365e0, 0x66656623, 0x66a66665, 0x66e766a6, 0x672666e7, 0x67656726, 0x67a26765, 0x67df67a2, 
0x681a67df, 0x6854681a, 0x688d6854, 0x68c4688d, 0x68fa68c4, 0x692f68fa, 0x6963692f, 0x69956963, 
0x69c56995, 0x69f469c5, 0x6a2169f4, 0x6a4d6a21, 0x6a776a4d, 0x6a9f6a77, 0x6ac66a9f, 0x6aeb6ac6, 
0x6b0e6aeb, 0x6b306b0e, 0x6b506b30, 0x6b6d6b50, 0x6b896b6d, 0x6ba46b89, 0x6bbc6ba4, 0x6bd26bbc, 
0x6be76bd2, 0x6bfa6be7, 0x6c0a6bfa, 0x6c196c0a, 0x6c266c19, 0x6c316c26, 0x6c3a6c31, 0x6c416c3a, 
0x6c466c41, 0x6c496c46, 0x6c4b6c49, 0x6c4a6c4b, 0x6c486c4a, 0x6c436c48, 0x6c3d6c43, 0x6c356c3d, 
0x6c2b6c35, 0x6c1f6c2b, 0x6c126c1f, 0x6c026c12, 0x6bf16c02, 0x6bde6bf1, 0x6bca6bde, 0x6bb36bca, 
0x6b9b6bb3, 0x6b826b9b, 0x6b676b82, 0x6b4a6b67, 0x6b2c6b4a, 0x6b0c6b2c, 0x6aea6b0c, 0x6ac86aea, 
0x6aa46ac8, 0x6a7e6aa4, 0x6a576a7e, 0x6a2f6a57, 0x6a066a2f, 0x69db6a06, 0x69b069db, 0x698369b0, 
0x69556983, 0x69266955, 0x68f76926, 0x68c668f7, 0x689468c6, 0x68626894, 0x682f6862, 0x67fb682f, 
0x67c667fb, 0x679167c6, 0x675b6791, 0x6725675b, 0x66ee6725, 0x66b766ee, 0x668066b7, 0x66486680, 
0x66106648, 0x65d86610, 0x659f65d8, 0x6567659f, 0x652f6567, 0x64f6652f, 0x64be64f6, 0x648564be, 
0x644d6485, 0x6415644d, 0x63de6415, 0x63a763de, 0x637063a7, 0x63396370, 0x63036339, 0x62ce6303, 
0x629962ce, 0x62646299, 0x62316264, 0x61fe6231, 0x61cc61fe, 0x619a61cc, 0x616a619a, 0x613a616a, 
0x610c613a, 0x60de610c, 0x60b160de, 0x608560b1, 0x605b6085, 0x6031605b, 0x60096031, 0x5fe26009, 
0x5fbc5fe2, 0x5f985fbc, 0x5f745f98, 0x5f525f74, 0x5f325f52, 0x5f135f32, 0x5ef55f13, 0x5ed85ef5, 
0x5ebd5ed8, 0x5ea45ebd, 0x5e8c5ea4, 0x5e755e8c, 0x5e605e75, 0x5e4d5e60, 0x5e3b5e4d, 0x5e2b5e3b, 
0x5e1c5e2b, 0x5e0f5e1c, 0x5e035e0f, 0x5dfa5e03, 0x5df15dfa, 0x5deb5df1, 0x5de65deb, 0x5de25de6, 
0x5de05de2, 0x5de05de0, 0x5de25de0, 0x5de55de2, 0x5de95de5, 0x5df05de9, 0x5df85df0, 0x5e015df8, 
0x5e0c5e01, 0x5e195e0c, 0x5e275e19, 0x5e365e27, 0x5e485e36, 0x5e5a5e48, 0x5e6e5e5a, 0x5e845e6e, 
0x5e9b5e84, 0x5eb35e9b, 0x5ecd5eb3, 0x5ee85ecd, 0x5f055ee8, 0x5f235f05, 0x5f425f23, 0x5f625f42, 
0x5f835f62, 0x5fa65f83, 0x5fca5fa6, 0x5fef5fca, 0x60155fef, 0x603c6015, 0x6064603c, 0x608c6064, 
0x60b6608c, 0x60e160b6, 0x610d60e1, 0x6139610d, 0x61666139, 0x61946166, 0x61c26194, 0x61f161c2, 
0x622161f1, 0x62516221, 0x62826251, 0x62b36282, 0x62e462b3, 0x631662e4, 0x63486316, 0x637a6348, 
0x63ad637a, 0x63e063ad, 0x641263e0, 0x64456412, 0x64786445, 0x64ab6478, 0x64de64ab, 0x651164de, 
0x65436511, 0x65756543, 0x65a76575, 0x65d965a7, 0x660a65d9, 0x663b660a, 0x666c663b, 0x669c666c, 
0x66cb669c, 0x66fa66cb, 0x672866fa, 0x67556728, 0x67826755, 0x67ae6782, 0x67da67ae, 0x680467da, 
0x682e6804, 0x6856682e, 0x687e6856, 0x68a5687e, 0x68ca68a5, 0x68ef68ca, 0x691268ef, 0x69356912, 
0x69566935, 0x69766956, 0x69956976, 0x69b36995, 0x69cf69b3, 0x69ea69cf, 0x6a0469ea, 0x6a1c6a04, 
0x6a336a1c, 0x6a496a33, 0x6a5d6a49, 0x6a706a5d, 0x6a816a70, 0x6a916a81, 0x6aa06a91, 0x6aad6aa0, 
0x6ab86aad, 0x6ac26ab8, 0x6acb6ac2, 0x6ad26acb, 0x6ad76ad2, 0x6adb6ad7, 0x6add6adb, 0x6ade6add, 
0x6add6ade, 0x6adb6add, 0x6ad76adb, 0x6ad26ad7, 0x6acb6ad2, 0x6ac26acb, 0x6ab86ac2, 0x6aad6ab8, 
0x6aa06aad, 0x6a916aa0, 0x6a816a91, 0x6a706a81, 0x6a5d6a70, 0x6a496a5d, 0x6a336a49, 0x6a1c6a33, 
0x6a046a1c, 0x69ea6a04, 0x69cf69ea, 0x69b369cf, 0x699569b3, 0x69766995, 0x69566976, 0x69356956, 
0x69126935, 0x68ef6912, 0x68ca68ef, 0x68a568ca, 0x687e68a5, 0x6856687e, 0x682e6856, 0x6804682e, 
0x67da6804, 0x67ae67da, 0x678267ae, 0x67556782, 0x67286755, 0x66fa6728, 0x66cb66fa, 0x669c66cb, 
0x666c669c, 0x663b666c, 0x660a663b, 0x65d9660a, 0x65a765d9, 0x657565a7, 0x65436575, 0x65116543, 
0x64de6511, 0x64ab64de, 0x647864ab, 0x64456478, 0x64126445, 0x63e06412, 0x63ad63e0, 0x637a63ad, 
0x6348637a, 0x63166348, 0x62e46316, 0x62b362e4, 0x628262b3, 0x62516282, 0x62216251, 0x61f16221, 
0x61c261f1, 0x619461c2, 0x61666194, 0x61396166, 0x610d6139, 0x60e1610d, 0x60b660e1, 0x608c60b6, 
0x6064608c, 0x603c6064, 0x6015603c, 0x5fef6015, 0x5fca5fef, 0x5fa65fca, 0x5f835fa6, 0x5f625f83, 
0x5f425f62, 0x5f235f42, 0x5f055f23, 0x5ee85f05, 0x5ecd5ee8, 0x5eb35ecd, 0x5e9b5eb3, 0x5e845e9b, 
0x5e6e5e84, 0x5e5a5e6e, 0x5e485e5a, 0x5e365e48, 0x5e275e36, 0x5e195e27, 0x5e0c5e19, 0x5e015e0c, 
0x5df85e01, 0x5df05df8, 0x5de95df0, 0x5de55de9, 0x5de25de5, 0x5de05de2, 0x5de05de0, 0x5de25de0, 
0x5de65de2, 0x5deb5de6, 0x5df15deb, 0x5dfa5df1, 0x5e035dfa, 0x5e0f5e03, 0x5e1c5e0f, 0x5e2b5e1c, 
0x5e3b5e2b, 0x5e4d5e3b, 0x5e605e4d, 0x5e755e60, 0x5e8c5e75, 0x5ea45e8c, 0x5ebd5ea4, 0x5ed85ebd, 
0x5ef55ed8, 0x5f135ef5, 0x5f325f13, 0x5f525f32, 0x5f745f52, 0x5f985f74, 0x5fbc5f98, 0x5fe25fbc, 
0x60095fe2, 0x60316009, 0x605b6031, 0x6085605b, 0x60b16085, 0x60de60b1, 0x610c60de, 0x613a610c, 
0x616a613a, 0x619a616a, 0x61cc619a, 0x61fe61cc, 0x623161fe, 0x62646231, 0x62996264, 0x62ce6299, 
0x630362ce, 0x63396303, 0x63706339, 0x63a76370, 0x63de63a7, 0x641563de, 0x644d6415, 0x6485644d, 
0x64be6485, 0x64f664be, 0x652f64f6, 0x6567652f, 0x659f6567, 0x65d8659f, 0x661065d8, 0x66486610, 
0x66806648, 0x66b76680, 0x66ee66b7, 0x672566ee, 0x675b6725, 0x6791675b, 0x67c66791, 0x67fb67c6, 
0x682f67fb, 0x6862682f, 0x68946862, 0x68c66894, 0x68f768c6, 0x692668f7, 0x69556926, 0x69836955, 
0x69b06983, 0x69db69b0, 0x6a0669db, 0x6a2f6a06, 0x6a576a2f, 0x6a7e6a57, 0x6aa46a7e, 0x6ac86aa4, 
0x6aea6ac8, 0x6b0c6aea, 0x6b2c6b0c, 0x6b4a6b2c, 0x6b676b4a, 0x6b826b67, 0x6b9b6b82, 0x6bb36b9b, 
0x6bca6bb3, 0x6bde6bca, 0x6bf16bde, 0x6c026bf1, 0x6c126c02, 0x6c1f6c12, 0x6c2b6c1f, 0x6c356c2b, 
0x6c3d6c35, 0x6c436c3d, 0x6c486c43, 0x6c4a6c48, 0x6c4b6c4a, 0x6c496c4b, 0x6c466c49, 0x6c416c46, 
0x6c3a6c41, 0x6c316c3a, 0x6c266c31, 0x6c196c26, 0x6c0a6c19, 0x6bfa6c0a, 0x6be76bfa, 0x6bd26be7, 
0x6bbc6bd2, 0x6ba46bbc, 0x6b896ba4, 0x6b6d6b89, 0x6b506b6d, 0x6b306b50, 0x6b0e6b30, 0x6aeb6b0e, 
0x6ac66aeb, 0x6a9f6ac6, 0x6a776a9f, 0x6a4d6a77, 0x6a216a4d, 0x69f46a21, 0x69c569f4, 0x699569c5, 
0x69636995, 0x692f6963, 0x68fa692f, 0x68c468fa, 0x688d68c4, 0x6854688d, 0x681a6854, 0x67df681a, 
0x67a267df, 0x676567a2, 0x67266765, 0x66e76726, 0x66a666e7, 0x666566a6, 0x66236665, 0x65e06623, 
0x659c65e0, 0x6558659c, 0x65136558, 0x64cd6513, 0x648864cd, 0x64416488, 0x63fa6441, 0x63b463fa, 
0x636c63b4, 0x6325636c, 0x62de6325, 0x629662de, 0x624f6296, 0x6207624f, 0x61c06207, 0x617961c0, 
0x61336179, 0x60ed6133, 0x60a760ed, 0x606260a7, 0x601d6062, 0x5fd9601d, 0x5f965fd9, 0x5f545f96, 
0x5f125f54, 0x5ed25f12, 0x5e925ed2, 0x5e535e92, 0x5e165e53, 0x5dda5e16, 0x5d9f5dda, 0x5d655d9f, 
0x5d2c5d65, 0x5cf65d2c, 0x5cc05cf6, 0x5c8c5cc0, 0x5c5a5c8c, 0x5c2a5c5a, 0x5bfb5c2a, 0x5bce5bfb, 
0x5ba35bce, 0x5b7a5ba3, 0x5b535b7a, 0x5b2d5b53, 0x5b0a5b2d, 0x5ae95b0a, 0x5aca5ae9, 0x5aae5aca, 
0x5a935aae, 0x5a7b5a93, 0x5a665a7b, 0x5a525a66, 0x5a415a52, 0x5a335a41, 0x5a275a33, 0x5a1d5a27, 
0x5a165a1d, 0x5a125a16, 0x5a105a12, 0x5a115a10, 0x5a145a11, 0x5a1a5a14, 0x5a235a1a, 0x5a2e5a23, 
0x5a3d5a2e, 0x5a4d5a3d, 0x5a615a4d, 0x5a775a61, 0x5a905a77, 0x5aac5a90, 0x5acb5aac, 0x5aec5acb, 
0x5b105aec, 0x5b375b10, 0x5b605b37, 0x5b8c5b60, 0x5bbb5b8c, 0x5bec5bbb, 0x5c205bec, 0x5c575c20, 
0x5c905c57, 0x5ccc5c90, 0x5d0b5ccc, 0x5d4b5d0b, 0x5d8f5d4b, 0x5dd45d8f, 0x5e1c5dd4, 0x5e675e1c, 
0x5eb45e67, 0x5f035eb4, 0x5f545f03, 0x5fa75f54, 0x5ffc5fa7, 0x60545ffc, 0x60ad6054, 0x610860ad, 
0x61656108, 0x61c46165, 0x622561c4, 0x62876225, 0x62eb6287, 0x635062eb, 0x63b76350, 0x641f63b7, 
0x6488641f, 0x64f26488, 0x655e64f2, 0x65ca655e, 0x663765ca, 0x66a56637, 0x671466a5, 0x67836714, 
0x67f36783, 0x686467f3, 0x68d46864, 0x694568d4, 0x69b66945, 0x6a2769b6, 0x6a986a27, 0x6b086a98, 
0x6b796b08, 0x6be96b79, 0x6c586be9, 0x6cc76c58, 0x6d356cc7, 0x6da26d35, 0x6e0e6da2, 0x6e796e0e, 
0x6ee36e79, 0x6f4b6ee3, 0x6fb26f4b, 0x70176fb2, 0x707b7017, 0x70dd707b, 0x713d70dd, 0x719b713d, 
0x71f7719b, 0x725071f7, 0x72a77250, 0x72fc72a7, 0x734e72fc, 0x739d734e, 0x73e9739d, 0x743373e9, 
0x74797433, 0x74bc7479, 0x74fc74bc, 0x753874fc, 0x75707538, 0x75a57570, 0x75d775a5, 0x760475d7, 
0x762d7604, 0x7652762d, 0x76737652, 0x76907673, 0x76a87690, 0x76bc76a8, 0x76cb76bc, 0x76d576cb, 
0x76da76d5, 0x76db76da, 0x76d676db, 0x76cd76d6, 0x76be76cd, 0x76aa76be, 0x769076aa, 0x76717690, 
0x764d7671, 0x7622764d, 0x75f37622, 0x75bd75f3, 0x758175bd, 0x75407581, 0x74f87540, 0x74ab74f8, 
0x745774ab, 0x73fd7457, 0x739d73fd, 0x7337739d, 0x72ca7337, 0x725772ca, 0x71de7257, 0x715e71de, 
0x70d7715e, 0x704a70d7, 0x6fb7704a, 0x6f1c6fb7, 0x6e7b6f1c, 0x6dd46e7b, 0x6d266dd4, 0x6c716d26, 
0x6bb56c71, 0x6af36bb5, 0x6a2a6af3, 0x695a6a2a, 0x6883695a, 0x67a66883, 0x66c267a6, 0x65d766c2, 
0x64e665d7, 0x63ee64e6, 0x62ef63ee, 0x61ea62ef, 0x60de61ea, 0x5fcb60de, 0x5eb25fcb, 0x5d935eb2, 
0x5c6d5d93, 0x5b405c6d, 0x5a0d5b40, 0x58d45a0d, 0x579558d4, 0x564f5795, 0x5503564f, 0x53b25503, 
0x525a53b2, 0x50fc525a, 0x4f9850fc, 0x4e2e4f98, 0x4cbf4e2e, 0x4b4a4cbf, 0x49d04b4a, 0x485049d0, 
0x46cb4850, 0x454046cb, 0x43b04540, 0x421c43b0, 0x4082421c, 0x3ee34082, 0x3d403ee3, 0x3b983d40, 
0x39eb3b98, 0x383a39eb, 0x3684383a, 0x34cb3684, 0x330d34cb, 0x314c330d, 0x2f86314c, 0x2dbd2f86, 
0x2bf12dbd, 0x2a212bf1, 0x284d2a21, 0x2677284d, 0x249d2677, 0x22c1249d, 0x20e222c1, 0x1f0020e2, 
0x1d1c1f00, 0x1b361d1c, 0x194d1b36, 0x1763194d, 0x15771763, 0x13881577, 0x11991388, 0x0fa81199, 
0x0db60fa8, 0x0bc20db6, 0x09ce0bc2, 0x07d909ce, 0x05e307d9, 0x03ed05e3, 0x01f703ed, 0x000001f7, 
0xfe090000, 0xfc13fe09, 0xfa1dfc13, 0xf827fa1d, 0xf632f827, 0xf43ef632, 0xf24af43e, 0xf058f24a, 
0xee67f058, 0xec78ee67, 0xea89ec78, 0xe89dea89, 0xe6b3e89d, 0xe4cae6b3, 0xe2e4e4ca, 0xe100e2e4, 
0xdf1ee100, 0xdd3fdf1e, 0xdb63dd3f, 0xd989db63, 0xd7b3d989, 0xd5dfd7b3, 0xd40fd5df, 0xd243d40f, 
0xd07ad243, 0xceb4d07a, 0xccf3ceb4, 0xcb35ccf3, 0xc97ccb35, 0xc7c6c97c, 0xc615c7c6, 0xc468c615, 
0xc2c0c468, 0xc11dc2c0, 0xbf7ec11d, 0xbde4bf7e, 0xbc50bde4, 0xbac0bc50, 0xb935bac0, 0xb7b0b935, 
0xb630b7b0, 0xb4b6b630, 0xb341b4b6, 0xb1d2b341, 0xb068b1d2, 0xaf04b068, 0xada6af04, 0xac4eada6, 
0xaafdac4e, 0xa9b1aafd, 0xa86ba9b1, 0xa72ca86b, 0xa5f3a72c, 0xa4c0a5f3, 0xa393a4c0, 0xa26da393, 
0xa14ea26d, 0xa035a14e, 0x9f22a035, 0x9e169f22, 0x9d119e16, 0x9c129d11, 0x9b1a9c12, 0x9a299b1a, 
0x993e9a29, 0x985a993e, 0x977d985a, 0x96a6977d, 0x95d696a6, 0x950d95d6, 0x944b950d, 0x938f944b, 
0x92da938f, 0x922c92da, 0x9185922c, 0x90e49185, 0x904990e4, 0x8fb69049, 0x8f298fb6, 0x8ea28f29, 
0x8e228ea2, 0x8da98e22, 0x8d368da9, 0x8cc98d36, 0x8c638cc9, 0x8c038c63, 0x8ba98c03, 0x8b558ba9, 
0x8b088b55, 0x8ac08b08, 0x8a7f8ac0, 0x8a438a7f, 0x8a0d8a43, 0x89de8a0d, 0x89b389de, 0x898f89b3, 
0x8970898f, 0x89568970, 0x89428956, 0x89338942, 0x892a8933, 0x8925892a, 0x89268925, 0x892b8926, 
0x8935892b, 0x89448935, 0x89588944, 0x89708958, 0x898d8970, 0x89ae898d, 0x89d389ae, 0x89fc89d3, 
0x8a2989fc, 0x8a5b8a29, 0x8a908a5b, 0x8ac88a90, 0x8b048ac8, 0x8b448b04, 0x8b878b44, 0x8bcd8b87, 
0x8c178bcd, 0x8c638c17, 0x8cb28c63, 0x8d048cb2, 0x8d598d04, 0x8db08d59, 0x8e098db0, 0x8e658e09, 
0x8ec38e65, 0x8f238ec3, 0x8f858f23, 0x8fe98f85, 0x904e8fe9, 0x90b5904e, 0x911d90b5, 0x9187911d, 
0x91f29187, 0x925e91f2, 0x92cb925e, 0x933992cb, 0x93a89339, 0x941793a8, 0x94879417, 0x94f89487, 
0x956894f8, 0x95d99568, 0x964a95d9, 0x96bb964a, 0x972c96bb, 0x979c972c, 0x980d979c, 0x987d980d, 
0x98ec987d, 0x995b98ec, 0x99c9995b, 0x9a3699c9, 0x9aa29a36, 0x9b0e9aa2, 0x9b789b0e, 0x9be19b78, 
0x9c499be1, 0x9cb09c49, 0x9d159cb0, 0x9d799d15, 0x9ddb9d79, 0x9e3c9ddb, 0x9e9b9e3c, 0x9ef89e9b, 
0x9f539ef8, 0x9fac9f53, 0xa0049fac, 0xa059a004, 0xa0aca059, 0xa0fda0ac, 0xa14ca0fd, 0xa199a14c, 
0xa1e4a199, 0xa22ca1e4, 0xa271a22c, 0xa2b5a271, 0xa2f5a2b5, 0xa334a2f5, 0xa370a334, 0xa3a9a370, 
0xa3e0a3a9, 0xa414a3e0, 0xa445a414, 0xa474a445, 0xa4a0a474, 0xa4c9a4a0, 0xa4f0a4c9, 0xa514a4f0, 
0xa535a514, 0xa554a535, 0xa570a554, 0xa589a570, 0xa59fa589, 0xa5b3a59f, 0xa5c3a5b3, 0xa5d2a5c3, 
0xa5dda5d2, 0xa5e6a5dd, 0xa5eca5e6, 0xa5efa5ec, 0xa5f0a5ef, 0xa5eea5f0, 0xa5eaa5ee, 0xa5e3a5ea, 
0xa5d9a5e3, 0xa5cda5d9, 0xa5bfa5cd, 0xa5aea5bf, 0xa59aa5ae, 0xa585a59a, 0xa56da585, 0xa552a56d, 
0xa536a552, 0xa517a536, 0xa4f6a517, 0xa4d3a4f6, 0xa4ada4d3, 0xa486a4ad, 0xa45da486, 0xa432a45d, 
0xa405a432, 0xa3d6a405, 0xa3a6a3d6, 0xa374a3a6, 0xa340a374, 0xa30aa340, 0xa2d4a30a, 0xa29ba2d4, 
0xa261a29b, 0xa226a261, 0xa1eaa226, 0xa1ada1ea, 0xa16ea1ad, 0xa12ea16e, 0xa0eea12e, 0xa0aca0ee, 
0xa06aa0ac, 0xa027a06a, 0x9fe3a027, 0x9f9e9fe3, 0x9f599f9e, 0x9f139f59, 0x9ecd9f13, 0x9e879ecd, 
0x9e409e87, 0x9df99e40, 0x9db19df9, 0x9d6a9db1, 0x9d229d6a, 0x9cdb9d22, 0x9c949cdb, 0x9c4c9c94, 
0x9c069c4c, 0x9bbf9c06, 0x9b789bbf, 0x9b339b78, 0x9aed9b33, 0x9aa89aed, 0x9a649aa8, 0x9a209a64, 
0x99dd9a20, 0x999b99dd, 0x995a999b, 0x9919995a, 0x98da9919, 0x989b98da, 0x985e989b, 0x9821985e, 
0x97e69821, 0x97ac97e6, 0x977397ac, 0x973c9773, 0x9706973c, 0x96d19706, 0x969d96d1, 0x966b969d, 
0x963b966b, 0x960c963b, 0x95df960c, 0x95b395df, 0x958995b3, 0x95619589, 0x953a9561, 0x9515953a, 
0x94f29515, 0x94d094f2, 0x94b094d0, 0x949394b0, 0x94779493, 0x945c9477, 0x9444945c, 0x942e9444, 
0x9419942e, 0x94069419, 0x93f69406, 0x93e793f6, 0x93da93e7, 0x93cf93da, 0x93c693cf, 0x93bf93c6, 
0x93ba93bf, 0x93b793ba, 0x93b593b7, 0x93b693b5, 0x93b893b6, 0x93bd93b8, 0x93c393bd, 0x93cb93c3, 
0x93d593cb, 0x93e193d5, 0x93ee93e1, 0x93fe93ee, 0x940f93fe, 0x9422940f, 0x94369422, 0x944d9436, 
0x9465944d, 0x947e9465, 0x9499947e, 0x94b69499, 0x94d494b6, 0x94f494d4, 0x951694f4, 0x95389516, 
0x955c9538, 0x9582955c, 0x95a99582, 0x95d195a9, 0x95fa95d1, 0x962595fa, 0x96509625, 0x967d9650, 
0x96ab967d, 0x96da96ab, 0x970996da, 0x973a9709, 0x976c973a, 0x979e976c, 0x97d1979e, 0x980597d1, 
0x983a9805, 0x986f983a, 0x98a5986f, 0x98db98a5, 0x991298db, 0x99499912, 0x99809949, 0x99b89980, 
0x99f099b8, 0x9a2899f0, 0x9a619a28, 0x9a999a61, 0x9ad19a99, 0x9b0a9ad1, 0x9b429b0a, 0x9b7b9b42, 
0x9bb39b7b, 0x9beb9bb3, 0x9c229beb, 0x9c599c22, 0x9c909c59, 0x9cc79c90, 0x9cfd9cc7, 0x9d329cfd, 
0x9d679d32, 0x9d9c9d67, 0x9dcf9d9c, 0x9e029dcf, 0x9e349e02, 0x9e669e34, 0x9e969e66, 0x9ec69e96, 
0x9ef49ec6, 0x9f229ef4, 0x9f4f9f22, 0x9f7b9f4f, 0x9fa59f7b, 0x9fcf9fa5, 0x9ff79fcf, 0xa01e9ff7, 
0xa044a01e, 0xa068a044, 0xa08ca068, 0xa0aea08c, 0xa0cea0ae, 0xa0eda0ce, 0xa10ba0ed, 0xa128a10b, 
0xa143a128, 0xa15ca143, 0xa174a15c, 0xa18ba174, 0xa1a0a18b, 0xa1b3a1a0, 0xa1c5a1b3, 0xa1d5a1c5, 
0xa1e4a1d5, 0xa1f1a1e4, 0xa1fda1f1, 0xa206a1fd, 0xa20fa206, 0xa215a20f, 0xa21aa215, 0xa21ea21a, 
0xa220a21e, 0xa220a220, 0xa21ea220, 0xa21ba21e, 0xa217a21b, 0xa210a217, 0xa208a210, 0xa1ffa208, 
0xa1f4a1ff, 0xa1e7a1f4, 0xa1d9a1e7, 0xa1caa1d9, 0xa1b8a1ca, 0xa1a6a1b8, 0xa192a1a6, 0xa17ca192, 
0xa165a17c, 0xa14da165, 0xa133a14d, 0xa118a133, 0xa0fba118, 0xa0dda0fb, 0xa0bea0dd, 0xa09ea0be, 
0xa07da09e, 0xa05aa07d, 0xa036a05a, 0xa011a036, 0x9feba011, 0x9fc49feb, 0x9f9c9fc4, 0x9f749f9c, 
0x9f4a9f74, 0x9f1f9f4a, 0x9ef39f1f, 0x9ec79ef3, 0x9e9a9ec7, 0x9e6c9e9a, 0x9e3e9e6c, 0x9e0f9e3e, 
0x9ddf9e0f, 0x9daf9ddf, 0x9d7e9daf, 0x9d4d9d7e, 0x9d1c9d4d, 0x9cea9d1c, 0x9cb89cea, 0x9c869cb8, 
0x9c539c86, 0x9c209c53, 0x9bee9c20, 0x9bbb9bee, 0x9b889bbb, 0x9b559b88, 0x9b229b55, 0x9aef9b22, 
0x9abd9aef, 0x9a8b9abd, 0x9a599a8b, 0x9a279a59, 0x99f69a27, 0x99c599f6, 0x999499c5, 0x99649994, 
0x99359964, 0x99069935, 0x98d89906, 0x98ab98d8, 0x987e98ab, 0x9852987e, 0x98269852, 0x97fc9826, 
0x97d297fc, 0x97aa97d2, 0x978297aa, 0x975b9782, 0x9736975b, 0x97119736, 0x96ee9711, 0x96cb96ee, 
0x96aa96cb, 0x968a96aa, 0x966b968a, 0x964d966b, 0x9631964d, 0x96169631, 0x95fc9616, 0x95e495fc, 
0x95cd95e4, 0x95b795cd, 0x95a395b7, 0x959095a3, 0x957f9590, 0x956f957f, 0x9560956f, 0x95539560, 
0x95489553, 0x953e9548, 0x9535953e, 0x952e9535, 0x9529952e, 0x95259529, 0x95239525, 0x95229523, 
0x95239522, 0x95259523, 0x95299525, 0x952e9529, 0x9535952e, 0x953e9535, 0x9548953e, 0x95539548, 
0x95609553, 0x956f9560, 0x957f956f, 0x9590957f, 0x95a39590, 0x95b795a3, 0x95cd95b7, 0x95e495cd, 
0x95fc95e4, 0x961695fc, 0x96319616, 0x964d9631, 0x966b964d, 0x968a966b, 0x96aa968a, 0x96cb96aa, 
0x96ee96cb, 0x971196ee, 0x97369711, 0x975b9736, 0x9782975b, 0x97aa9782, 0x97d297aa, 0x97fc97d2, 
0x982697fc, 0x98529826, 0x987e9852, 0x98ab987e, 0x98d898ab, 0x990698d8, 0x99359906, 0x99649935, 
0x99949964, 0x99c59994, 0x99f699c5, 0x9a2799f6, 0x9a599a27, 0x9a8b9a59, 0x9abd9a8b, 0x9aef9abd, 
0x9b229aef, 0x9b559b22, 0x9b889b55, 0x9bbb9b88, 0x9bee9bbb, 0x9c209bee, 0x9c539c20, 0x9c869c53, 
0x9cb89c86, 0x9cea9cb8, 0x9d1c9cea, 0x9d4d9d1c, 0x9d7e9d4d, 0x9daf9d7e, 0x9ddf9daf, 0x9e0f9ddf, 
0x9e3e9e0f, 0x9e6c9e3e, 0x9e9a9e6c, 0x9ec79e9a, 0x9ef39ec7, 0x9f1f9ef3, 0x9f4a9f1f, 0x9f749f4a, 
0x9f9c9f74, 0x9fc49f9c, 0x9feb9fc4, 0xa0119feb, 0xa036a011, 0xa05aa036, 0xa07da05a, 0xa09ea07d, 
0xa0bea09e, 0xa0dda0be, 0xa0fba0dd, 0xa118a0fb, 0xa133a118, 0xa14da133, 0xa165a14d, 0xa17ca165, 
0xa192a17c, 0xa1a6a192, 0xa1b8a1a6, 0xa1caa1b8, 0xa1d9a1ca, 0xa1e7a1d9, 0xa1f4a1e7, 0xa1ffa1f4, 
0xa208a1ff, 0xa210a208, 0xa217a210, 0xa21ba217, 0xa21ea21b, 0xa220a21e, 0xa220a220, 0xa21ea220, 
0xa21aa21e, 0xa215a21a, 0xa20fa215, 0xa206a20f, 0xa1fda206, 0xa1f1a1fd, 0xa1e4a1f1, 0xa1d5a1e4, 
0xa1c5a1d5, 0xa1b3a1c5, 0xa1a0a1b3, 0xa18ba1a0, 0xa174a18b, 0xa15ca174, 0xa143a15c, 0xa128a143, 
0xa10ba128, 0xa0eda10b, 0xa0cea0ed, 0xa0aea0ce, 0xa08ca0ae, 0xa068a08c, 0xa044a068, 0xa01ea044, 
0x9ff7a01e, 0x9fcf9ff7, 0x9fa59fcf, 0x9f7b9fa5, 0x9f4f9f7b, 0x9f229f4f, 0x9ef49f22, 0x9ec69ef4, 
0x9e969ec6, 0x9e669e96, 0x9e349e66, 0x9e029e34, 0x9dcf9e02, 0x9d9c9dcf, 0x9d679d9c, 0x9d329d67, 
0x9cfd9d32, 0x9cc79cfd, 0x9c909cc7, 0x9c599c90, 0x9c229c59, 0x9beb9c22, 0x9bb39beb, 0x9b7b9bb3, 
0x9b429b7b, 0x9b0a9b42, 0x9ad19b0a, 0x9a999ad1, 0x9a619a99, 0x9a289a61, 0x99f09a28, 0x99b899f0, 
0x998099b8, 0x99499980, 0x99129949, 0x98db9912, 0x98a598db, 0x986f98a5, 0x983a986f, 0x9805983a, 
0x97d19805, 0x979e97d1, 0x976c979e, 0x973a976c, 0x9709973a, 0x96da9709, 0x96ab96da, 0x967d96ab, 
0x9650967d, 0x96259650, 0x95fa9625, 0x95d195fa, 0x95a995d1, 0x958295a9, 0x955c9582, 0x9538955c, 
0x95169538, 0x94f49516, 0x94d494f4, 0x94b694d4, 0x949994b6, 0x947e9499, 0x9465947e, 0x944d9465, 
0x9436944d, 0x94229436, 0x940f9422, 0x93fe940f, 0x93ee93fe, 0x93e193ee, 0x93d593e1, 0x93cb93d5, 
0x93c393cb, 0x93bd93c3, 0x93b893bd, 0x93b693b8, 0x93b593b6, 0x93b793b5, 0x93ba93b7, 0x93bf93ba, 
0x93c693bf, 0x93cf93c6, 0x93da93cf, 0x93e793da, 0x93f693e7, 0x940693f6, 0x94199406, 0x942e9419, 
0x9444942e, 0x945c9444, 0x9477945c, 0x94939477, 0x94b09493, 0x94d094b0, 0x94f294d0, 0x951594f2, 
0x953a9515, 0x9561953a, 0x95899561, 0x95b39589, 0x95df95b3, 0x960c95df, 0x963b960c, 0x966b963b, 
0x969d966b, 0x96d1969d, 0x970696d1, 0x973c9706, 0x9773973c, 0x97ac9773, 0x97e697ac, 0x982197e6, 
0x985e9821, 0x989b985e, 0x98da989b, 0x991998da, 0x995a9919, 0x999b995a, 0x99dd999b, 0x9a2099dd, 
0x9a649a20, 0x9aa89a64, 0x9aed9aa8, 0x9b339aed, 0x9b789b33, 0x9bbf9b78, 0x9c069bbf, 0x9c4c9c06, 
0x9c949c4c, 0x9cdb9c94, 0x9d229cdb, 0x9d6a9d22, 0x9db19d6a, 0x9df99db1, 0x9e409df9, 0x9e879e40, 
0x9ecd9e87, 0x9f139ecd, 0x9f599f13, 0x9f9e9f59, 0x9fe39f9e, 0xa0279fe3, 0xa06aa027, 0xa0aca06a, 
0xa0eea0ac, 0xa12ea0ee, 0xa16ea12e, 0xa1ada16e, 0xa1eaa1ad, 0xa226a1ea, 0xa261a226, 0xa29ba261, 
0xa2d4a29b, 0xa30aa2d4, 0xa340a30a, 0xa374a340, 0xa3a6a374, 0xa3d6a3a6, 0xa405a3d6, 0xa432a405, 
0xa45da432, 0xa486a45d, 0xa4ada486, 0xa4d3a4ad, 0xa4f6a4d3, 0xa517a4f6, 0xa536a517, 0xa552a536, 
0xa56da552, 0xa585a56d, 0xa59aa585, 0xa5aea59a, 0xa5bfa5ae, 0xa5cda5bf, 0xa5d9a5cd, 0xa5e3a5d9, 
0xa5eaa5e3, 0xa5eea5ea, 0xa5f0a5ee, 0xa5efa5f0, 0xa5eca5ef, 0xa5e6a5ec, 0xa5dda5e6, 0xa5d2a5dd, 
0xa5c3a5d2, 0xa5b3a5c3, 0xa59fa5b3, 0xa589a59f, 0xa570a589, 0xa554a570, 0xa535a554, 0xa514a535, 
0xa4f0a514, 0xa4c9a4f0, 0xa4a0a4c9, 0xa474a4a0, 0xa445a474, 0xa414a445, 0xa3e0a414, 0xa3a9a3e0, 
0xa370a3a9, 0xa334a370, 0xa2f5a334, 0xa2b5a2f5, 0xa271a2b5, 0xa22ca271, 0xa1e4a22c, 0xa199a1e4, 
0xa14ca199, 0xa0fda14c, 0xa0aca0fd, 0xa059a0ac, 0xa004a059, 0x9faca004, 0x9f539fac, 0x9ef89f53, 
0x9e9b9ef8, 0x9e3c9e9b, 0x9ddb9e3c, 0x9d799ddb, 0x9d159d79, 0x9cb09d15, 0x9c499cb0, 0x9be19c49, 
0x9b789be1, 0x9b0e9b78, 0x9aa29b0e, 0x9a369aa2, 0x99c99a36, 0x995b99c9, 0x98ec995b, 0x987d98ec, 
0x980d987d, 0x979c980d, 0x972c979c, 0x96bb972c, 0x964a96bb, 0x95d9964a, 0x956895d9, 0x94f89568, 
0x948794f8, 0x94179487, 0x93a89417, 0x933993a8, 0x92cb9339, 0x925e92cb, 0x91f2925e, 0x918791f2, 
0x911d9187, 0x90b5911d, 0x904e90b5, 0x8fe9904e, 0x8f858fe9, 0x8f238f85, 0x8ec38f23, 0x8e658ec3, 
0x8e098e65, 0x8db08e09, 0x8d598db0, 0x8d048d59, 0x8cb28d04, 0x8c638cb2, 0x8c178c63, 0x8bcd8c17, 
0x8b878bcd, 0x8b448b87, 0x8b048b44, 0x8ac88b04, 0x8a908ac8, 0x8a5b8a90, 0x8a298a5b, 0x89fc8a29, 
0x89d389fc, 0x89ae89d3, 0x898d89ae, 0x8970898d, 0x89588970, 0x89448958, 0x89358944, 0x892b8935, 
0x8926892b, 0x89258926, 0x892a8925, 0x8933892a, 0x89428933, 0x89568942, 0x89708956, 0x898f8970, 
0x89b3898f, 0x89de89b3, 0x8a0d89de, 0x8a438a0d, 0x8a7f8a43, 0x8ac08a7f, 0x8b088ac0, 0x8b558b08, 
0x8ba98b55, 0x8c038ba9, 0x8c638c03, 0x8cc98c63, 0x8d368cc9, 0x8da98d36, 0x8e228da9, 0x8ea28e22, 
0x8f298ea2, 0x8fb68f29, 0x90498fb6, 0x90e49049, 0x918590e4, 0x922c9185, 0x92da922c, 0x938f92da, 
0x944b938f, 0x950d944b, 0x95d6950d, 0x96a695d6, 0x977d96a6, 0x985a977d, 0x993e985a, 0x9a29993e, 
0x9b1a9a29, 0x9c129b1a, 0x9d119c12, 0x9e169d11, 0x9f229e16, 0xa0359f22, 0xa14ea035, 0xa26da14e, 
0xa393a26d, 0xa4c0a393, 0xa5f3a4c0, 0xa72ca5f3, 0xa86ba72c, 0xa9b1a86b, 0xaafda9b1, 0xac4eaafd, 
0xada6ac4e, 0xaf04ada6, 0xb068af04, 0xb1d2b068, 0xb341b1d2, 0xb4b6b341, 0xb630b4b6, 0xb7b0b630, 
0xb935b7b0, 0xbac0b935, 0xbc50bac0, 0xbde4bc50, 0xbf7ebde4, 0xc11dbf7e, 0xc2c0c11d, 0xc468c2c0, 
0xc615c468, 0xc7c6c615, 0xc97cc7c6, 0xcb35c97c, 0xccf3cb35, 0xceb4ccf3, 0xd07aceb4, 0xd243d07a, 
0xd40fd243, 0xd5dfd40f, 0xd7b3d5df, 0xd989d7b3, 0xdb63d989, 0xdd3fdb63, 0xdf1edd3f, 0xe100df1e, 
0xe2e4e100, 0xe4cae2e4, 0xe6b3e4ca, 0xe89de6b3, 0xea89e89d, 0xec78ea89, 0xee67ec78, 0xf058ee67, 
0xf24af058, 0xf43ef24a, 0xf632f43e, 0xf827f632, 0xfa1df827, 0xfc13fa1d, 0xfe09fc13, 0x0000fe09, 
},
// Table 7, base frequency 5274.040911
{
0x00c90000, 0x019200c9, 0x025b0192, 0x0324025b, 0x03ed0324, 0x04b603ed, 0x057f04b6, 0x0648057f, 
0x07100648, 0x07d90710, 0x08a207d9, 0x096a08a2, 0x0a32096a, 0x0afa0a32, 0x0bc30afa, 0x0c8a0bc3, 
0x0d520c8a, 0x0e1a0d52, 0x0ee10e1a, 0x0fa90ee1, 0x10700fa9, 0x11361070, 0x11fd1136, 0x12c411fd, 
0x138a12c4, 0x1450138a, 0x15161450, 0x15db1516, 0x16a015db, 0x176516a0, 0x182a1765, 0x18ee182a, 
0x19b218ee, 0x1a7619b2, 0x1b3a1a76, 0x1bfd1b3a, 0x1cc01bfd, 0x1d821cc0, 0x1e441d82, 0x1f061e44, 
0x1fc71f06, 0x20881fc7, 0x21492088, 0x22092149, 0x22c92209, 0x238822c9, 0x24472388, 0x25062447, 
0x25c42506, 0x268225c4, 0x273f2682, 0x27fb273f, 0x28b827fb, 0x297328b8, 0x2a2f2973, 0x2aea2a2f, 
0x2ba42aea, 0x2c5e2ba4, 0x2d172c5e, 0x2dcf2d17, 0x2e882dcf, 0x2f3f2e88, 0x2ff62f3f, 0x30ad2ff6, 
0x316330ad, 0x32183163, 0x32cd3218, 0x338132cd, 0x34343381, 0x34e73434, 0x359934e7, 0x364b3599, 
0x36fc364b, 0x37ac36fc, 0x385c37ac, 0x390b385c, 0x39ba390b, 0x3a6739ba, 0x3b143a67, 0x3bc13b14, 
0x3c6c3bc1, 0x3d173c6c, 0x3dc23d17, 0x3e6b3dc2, 0x3f143e6b, 0x3fbc3f14, 0x40633fbc, 0x410a4063, 
0x41b0410a, 0x425541b0, 0x42f94255, 0x439d42f9, 0x443f439d, 0x44e1443f, 0x458244e1, 0x46234582, 
0x46c24623, 0x476146c2, 0x47ff4761, 0x489c47ff, 0x4939489c, 0x49d44939, 0x4a6f49d4, 0x4b084a6f, 
0x4ba14b08, 0x4c394ba1, 0x4cd04c39, 0x4d674cd0, 0x4dfc4d67, 0x4e914dfc, 0x4f244e91, 0x4fb74f24, 
0x50494fb7, 0x50da5049, 0x516a50da, 0x51f9516a, 0x528851f9, 0x53155288, 0x53a15315, 0x542d53a1, 
0x54b7542d, 0x554154b7, 0x55ca5541, 0x565155ca, 0x56d85651, 0x575e56d8, 0x57e2575e, 0x586657e2, 
0x58e95866, 0x596b58e9, 0x59ec596b, 0x5a6c59ec, 0x5aeb5a6c, 0x5b695aeb, 0x5be65b69, 0x5c625be6, 
0x5cdd5c62, 0x5d565cdd, 0x5dcf5d56, 0x5e475dcf, 0x5ebe5e47, 0x5f345ebe, 0x5fa95f34, 0x601d5fa9, 
0x608f601d, 0x6101608f, 0x61726101, 0x61e26172, 0x625061e2, 0x62be6250, 0x632a62be, 0x6396632a, 
0x64006396, 0x646a6400, 0x64d2646a, 0x653964d2, 0x65a06539, 0x660565a0, 0x66696605, 0x66cc6669, 
0x672e66cc, 0x678f672e, 0x67ef678f, 0x684d67ef, 0x68ab684d, 0x690868ab, 0x69636908, 0x69be6963, 
0x6a1769be, 0x6a706a17, 0x6ac76a70, 0x6b1d6ac7, 0x6b726b1d, 0x6bc66b72, 0x6c196bc6, 0x6c6b6c19, 
0x6cbc6c6b, 0x6d0b6cbc, 0x6d5a6d0b, 0x6da76d5a, 0x6df46da7, 0x6e3f6df4, 0x6e896e3f, 0x6ed26e89, 
0x6f1b6ed2, 0x6f626f1b, 0x6fa76f62, 0x6fec6fa7, 0x70306fec, 0x70737030, 0x70b47073, 0x70f570b4, 
0x713470f5, 0x71737134, 0x71b07173, 0x71ec71b0, 0x722771ec, 0x72617227, 0x729a7261, 0x72d2729a, 
0x730972d2, 0x733f7309, 0x7374733f, 0x73a77374, 0x73da73a7, 0x740b73da, 0x743c740b, 0x746b743c, 
0x7499746b, 0x74c77499, 0x74f374c7, 0x751e74f3, 0x7548751e, 0x75717548, 0x759a7571, 0x75c1759a, 
0x75e775c1, 0x760c75e7, 0x762f760c, 0x7652762f, 0x76747652, 0x76957674, 0x76b57695, 0x76d476b5, 
0x76f276d4, 0x770e76f2, 0x772a770e, 0x7745772a, 0x775f7745, 0x7778775f, 0x778f7778, 0x77a6778f, 
0x77bc77a6, 0x77d177bc, 0x77e577d1, 0x77f877e5, 0x780a77f8, 0x781b780a, 0x782b781b, 0x783a782b, 
0x7848783a, 0x78557848, 0x78617855, 0x786d7861, 0x7877786d, 0x78817877, 0x78897881, 0x78917889, 
0x78977891, 0x789d7897, 0x78a2789d, 0x78a678a2, 0x78a978a6, 0x78ab78a9, 0x78ad78ab, 0x78ad78ad, 
0x78ad78ad, 0x78ab78ad, 0x78a978ab, 0x78a678a9, 0x78a278a6, 0x789e78a2, 0x7898789e, 0x78927898, 
0x788a7892, 0x7882788a, 0x78797882, 0x78707879, 0x78657870, 0x785a7865, 0x784e785a, 0x7841784e, 
0x78347841, 0x78257834, 0x78167825, 0x78067816, 0x77f57806, 0x77e477f5, 0x77d277e4, 0x77bf77d2, 
0x77ab77bf, 0x779777ab, 0x77827797, 0x776c7782, 0x7756776c, 0x773e7756, 0x7727773e, 0x770e7727, 
0x76f5770e, 0x76db76f5, 0x76c076db, 0x76a576c0, 0x768976a5, 0x766d7689, 0x7650766d, 0x76327650, 
0x76147632, 0x75f57614, 0x75d575f5, 0x75b575d5, 0x759475b5, 0x75737594, 0x75517573, 0x752e7551, 
0x750b752e, 0x74e8750b, 0x74c474e8, 0x749f74c4, 0x747a749f, 0x7454747a, 0x742e7454, 0x7407742e, 
0x73e07407, 0x73b873e0, 0x739073b8, 0x73677390, 0x733e7367, 0x7314733e, 0x72ea7314, 0x72c072ea, 
0x729572c0, 0x72697295, 0x723d7269, 0x7211723d, 0x71e57211, 0x71b871e5, 0x718a71b8, 0x715c718a, 
0x712e715c, 0x7100712e, 0x70d17100, 0x70a170d1, 0x707270a1, 0x70427072, 0x70127042, 0x6fe17012, 
0x6fb06fe1, 0x6f7f6fb0, 0x6f4e6f7f, 0x6f1c6f4e, 0x6eea6f1c, 0x6eb76eea, 0x6e856eb7, 0x6e526e85, 
0x6e1f6e52, 0x6dec6e1f, 0x6db86dec, 0x6d846db8, 0x6d506d84, 0x6d1c6d50, 0x6ce86d1c, 0x6cb36ce8, 
0x6c7f6cb3, 0x6c4a6c7f, 0x6c156c4a, 0x6bdf6c15, 0x6baa6bdf, 0x6b746baa, 0x6b3f6b74, 0x6b096b3f, 
0x6ad36b09, 0x6a9d6ad3, 0x6a676a9d, 0x6a316a67, 0x69fa6a31, 0x69c469fa, 0x698e69c4, 0x6957698e, 
0x69216957, 0x68ea6921, 0x68b368ea, 0x687d68b3, 0x6846687d, 0x680f6846, 0x67d8680f, 0x67a267d8, 
0x676b67a2, 0x6734676b, 0x66fe6734, 0x66c766fe, 0x669066c7, 0x665a6690, 0x6623665a, 0x65ed6623, 
0x65b765ed, 0x658065b7, 0x654a6580, 0x6514654a, 0x64de6514, 0x64a864de, 0x647264a8, 0x643d6472, 
0x6407643d, 0x63d26407, 0x639c63d2, 0x6367639c, 0x63326367, 0x62fd6332, 0x62c962fd, 0x629462c9, 
0x62606294, 0x622c6260, 0x61f8622c, 0x61c461f8, 0x619161c4, 0x615e6191, 0x612b615e, 0x60f8612b, 
0x60c560f8, 0x609360c5, 0x60616093, 0x602f6061, 0x5ffe602f, 0x5fcd5ffe, 0x5f9c5fcd, 0x5f6b5f9c, 
0x5f3b5f6b, 0x5f0b5f3b, 0x5edb5f0b, 0x5eab5edb, 0x5e7c5eab, 0x5e4d5e7c, 0x5e1f5e4d, 0x5df15e1f, 
0x5dc35df1, 0x5d955dc3, 0x5d685d95, 0x5d3b5d68, 0x5d0f5d3b, 0x5ce35d0f, 0x5cb75ce3, 0x5c8c5cb7, 
0x5c615c8c, 0x5c375c61, 0x5c0d5c37, 0x5be35c0d, 0x5bba5be3, 0x5b915bba, 0x5b685b91, 0x5b405b68, 
0x5b195b40, 0x5af15b19, 0x5acb5af1, 0x5aa45acb, 0x5a7f5aa4, 0x5a595a7f, 0x5a345a59, 0x5a105a34, 
0x59ec5a10, 0x59c859ec, 0x59a559c8, 0x598359a5, 0x59615983, 0x593f5961, 0x591e593f, 0x58fd591e, 
0x58dd58fd, 0x58bd58dd, 0x589e58bd, 0x5880589e, 0x58625880, 0x58445862, 0x58275844, 0x580b5827, 
0x57ef580b, 0x57d357ef, 0x57b857d3, 0x579e57b8, 0x5784579e, 0x576b5784, 0x5752576b, 0x573a5752, 
0x5723573a, 0x570b5723, 0x56f5570b, 0x56df56f5, 0x56ca56df, 0x56b556ca, 0x56a156b5, 0x568d56a1, 
0x567a568d, 0x5668567a, 0x56565668, 0x56455656, 0x56345645, 0x56245634, 0x56145624, 0x56055614, 
0x55f75605, 0x55e955f7, 0x55dc55e9, 0x55d055dc, 0x55c455d0, 0x55b855c4, 0x55ae55b8, 0x55a355ae, 
0x559a55a3, 0x5591559a, 0x55895591, 0x55815589, 0x557a5581, 0x5573557a, 0x556e5573, 0x5568556e, 
0x55645568, 0x55605564, 0x555c5560, 0x555a555c, 0x5557555a, 0x55565557, 0x55555556, 0x55555555, 
0x55555555, 0x55565555, 0x55575556, 0x555a5557, 0x555c555a, 0x5560555c, 0x55645560, 0x55685564, 
0x556e5568, 0x5573556e, 0x557a5573, 0x5581557a, 0x55895581, 0x55915589, 0x559a5591, 0x55a3559a, 
0x55ae55a3, 0x55b855ae, 0x55c455b8, 0x55d055c4, 0x55dc55d0, 0x55e955dc, 0x55f755e9, 0x560555f7, 
0x56145605, 0x56245614, 0x56345624, 0x56455634, 0x56565645, 0x56685656, 0x567a5668, 0x568d567a, 
0x56a1568d, 0x56b556a1, 0x56ca56b5, 0x56df56ca, 0x56f556df, 0x570b56f5, 0x5723570b, 0x573a5723, 
0x5752573a, 0x576b5752, 0x5784576b, 0x579e5784, 0x57b8579e, 0x57d357b8, 0x57ef57d3, 0x580b57ef, 
0x5827580b, 0x58445827, 0x58625844, 0x58805862, 0x589e5880, 0x58bd589e, 0x58dd58bd, 0x58fd58dd, 
0x591e58fd, 0x593f591e, 0x5961593f, 0x59835961, 0x59a55983, 0x59c859a5, 0x59ec59c8, 0x5a1059ec, 
0x5a345a10, 0x5a595a34, 0x5a7f5a59, 0x5aa45a7f, 0x5acb5aa4, 0x5af15acb, 0x5b195af1, 0x5b405b19, 
0x5b685b40, 0x5b915b68, 0x5bba5b91, 0x5be35bba, 0x5c0d5be3, 0x5c375c0d, 0x5c615c37, 0x5c8c5c61, 
0x5cb75c8c, 0x5ce35cb7, 0x5d0f5ce3, 0x5d3b5d0f, 0x5d685d3b, 0x5d955d68, 0x5dc35d95, 0x5df15dc3, 
0x5e1f5df1, 0x5e4d5e1f, 0x5e7c5e4d, 0x5eab5e7c, 0x5edb5eab, 0x5f0b5edb, 0x5f3b5f0b, 0x5f6b5f3b, 
0x5f9c5f6b, 0x5fcd5f9c, 0x5ffe5fcd, 0x602f5ffe, 0x6061602f, 0x60936061, 0x60c56093, 0x60f860c5, 
0x612b60f8, 0x615e612b, 0x6191615e, 0x61c46191, 0x61f861c4, 0x622c61f8, 0x6260622c, 0x62946260, 
0x62c96294, 0x62fd62c9, 0x633262fd, 0x63676332, 0x639c6367, 0x63d2639c, 0x640763d2, 0x643d6407, 
0x6472643d, 0x64a86472, 0x64de64a8, 0x651464de, 0x654a6514, 0x6580654a, 0x65b76580, 0x65ed65b7, 
0x662365ed, 0x665a6623, 0x6690665a, 0x66c76690, 0x66fe66c7, 0x673466fe, 0x676b6734, 0x67a2676b, 
0x67d867a2, 0x680f67d8, 0x6846680f, 0x687d6846, 0x68b3687d, 0x68ea68b3, 0x692168ea, 0x69576921, 
0x698e6957, 0x69c4698e, 0x69fa69c4, 0x6a3169fa, 0x6a676a31, 0x6a9d6a67, 0x6ad36a9d, 0x6b096ad3, 
0x6b3f6b09, 0x6b746b3f, 0x6baa6b74, 0x6bdf6baa, 0x6c156bdf, 0x6c4a6c15, 0x6c7f6c4a, 0x6cb36c7f, 
0x6ce86cb3, 0x6d1c6ce8, 0x6d506d1c, 0x6d846d50, 0x6db86d84, 0x6dec6db8, 0x6e1f6dec, 0x6e526e1f, 
0x6e856e52, 0x6eb76e85, 0x6eea6eb7, 0x6f1c6eea, 0x6f4e6f1c, 0x6f7f6f4e, 0x6fb06f7f, 0x6fe16fb0, 
0x70126fe1, 0x70427012, 0x70727042, 0x70a17072, 0x70d170a1, 0x710070d1, 0x712e7100, 0x715c712e, 
0x718a715c, 0x71b8718a, 0x71e571b8, 0x721171e5, 0x723d7211, 0x7269723d, 0x72957269, 0x72c07295, 
0x72ea72c0, 0x731472ea, 0x733e7314, 0x7367733e, 0x73907367, 0x73b87390, 0x73e073b8, 0x740773e0, 
0x742e7407, 0x7454742e, 0x747a7454, 0x749f747a, 0x74c4749f, 0x74e874c4, 0x750b74e8, 0x752e750b, 
0x7551752e, 0x75737551, 0x75947573, 0x75b57594, 0x75d575b5, 0x75f575d5, 0x761475f5, 0x76327614, 
0x76507632, 0x766d7650, 0x7689766d, 0x76a57689, 0x76c076a5, 0x76db76c0, 0x76f576db, 0x770e76f5, 
0x7727770e, 0x773e7727, 0x7756773e, 0x776c7756, 0x7782776c, 0x77977782, 0x77ab7797, 0x77bf77ab, 
0x77d277bf, 0x77e477d2, 0x77f577e4, 0x780677f5, 0x78167806, 0x78257816, 0x78347825, 0x78417834, 
0x784e7841, 0x785a784e, 0x7865785a, 0x78707865, 0x78797870, 0x78827879, 0x788a7882, 0x7892788a, 
0x78987892, 0x789e7898, 0x78a2789e, 0x78a678a2, 0x78a978a6, 0x78ab78a9, 0x78ad78ab, 0x78ad78ad, 
0x78ad78ad, 0x78ab78ad, 0x78a978ab, 0x78a678a9, 0x78a278a6, 0x789d78a2, 0x7897789d, 0x78917897, 
0x78897891, 0x78817889, 0x78777881, 0x786d7877, 0x7861786d, 0x78557861, 0x78487855, 0x783a7848, 
0x782b783a, 0x781b782b, 0x780a781b, 0x77f8780a, 0x77e577f8, 0x77d177e5, 0x77bc77d1, 0x77a677bc, 
0x778f77a6, 0x7778778f, 0x775f7778, 0x7745775f, 0x772a7745, 0x770e772a, 0x76f2770e, 0x76d476f2, 
0x76b576d4, 0x769576b5, 0x76747695, 0x76527674, 0x762f7652, 0x760c762f, 0x75e7760c, 0x75c175e7, 
0x759a75c1, 0x7571759a, 0x75487571, 0x751e7548, 0x74f3751e, 0x74c774f3, 0x749974c7, 0x746b7499, 
0x743c746b, 0x740b743c, 0x73da740b, 0x73a773da, 0x737473a7, 0x733f7374, 0x7309733f, 0x72d27309, 
0x729a72d2, 0x7261729a, 0x72277261, 0x71ec7227, 0x71b071ec, 0x717371b0, 0x71347173, 0x70f57134, 
0x70b470f5, 0x707370b4, 0x70307073, 0x6fec7030, 0x6fa76fec, 0x6f626fa7, 0x6f1b6f62, 0x6ed26f1b, 
0x6e896ed2, 0x6e3f6e89, 0x6df46e3f, 0x6da76df4, 0x6d5a6da7, 0x6d0b6d5a, 0x6cbc6d0b, 0x6c6b6cbc, 
0x6c196c6b, 0x6bc66c19, 0x6b726bc6, 0x6b1d6b72, 0x6ac76b1d, 0x6a706ac7, 0x6a176a70, 0x69be6a17, 
0x696369be, 0x69086963, 0x68ab6908, 0x684d68ab, 0x67ef684d, 0x678f67ef, 0x672e678f, 0x66cc672e, 
0x666966cc, 0x66056669, 0x65a06605, 0x653965a0, 0x64d26539, 0x646a64d2, 0x6400646a, 0x63966400, 
0x632a6396, 0x62be632a, 0x625062be, 0x61e26250, 0x617261e2, 0x61016172, 0x608f6101, 0x601d608f, 
0x5fa9601d, 0x5f345fa9, 0x5ebe5f34, 0x5e475ebe, 0x5dcf5e47, 0x5d565dcf, 0x5cdd5d56, 0x5c625cdd, 
0x5be65c62, 0x5b695be6, 0x5aeb5b69, 0x5a6c5aeb, 0x59ec5a6c, 0x596b59ec, 0x58e9596b, 0x586658e9, 
0x57e25866, 0x575e57e2, 0x56d8575e, 0x565156d8, 0x55ca5651, 0x554155ca, 0x54b75541, 0x542d54b7, 
0x53a1542d, 0x531553a1, 0x52885315, 0x51f95288, 0x516a51f9, 0x50da516a, 0x504950da, 0x4fb75049, 
0x4f244fb7, 0x4e914f24, 0x4dfc4e91, 0x4d674dfc, 0x4cd04d67, 0x4c394cd0, 0x4ba14c39, 0x4b084ba1, 
0x4a6f4b08, 0x49d44a6f, 0x493949d4, 0x489c4939, 0x47ff489c, 0x476147ff, 0x46c24761, 0x462346c2, 
0x45824623, 0x44e14582, 0x443f44e1, 0x439d443f, 0x42f9439d, 0x425542f9, 0x41b04255, 0x410a41b0, 
0x4063410a, 0x3fbc4063, 0x3f143fbc, 0x3e6b3f14, 0x3dc23e6b, 0x3d173dc2, 0x3c6c3d17, 0x3bc13c6c, 
0x3b143bc1, 0x3a673b14, 0x39ba3a67, 0x390b39ba, 0x385c390b, 0x37ac385c, 0x36fc37ac, 0x364b36fc, 
0x3599364b, 0x34e73599, 0x343434e7, 0x33813434, 0x32cd3381, 0x321832cd, 0x31633218, 0x30ad3163, 
0x2ff630ad, 0x2f3f2ff6, 0x2e882f3f, 0x2dcf2e88, 0x2d172dcf, 0x2c5e2d17, 0x2ba42c5e, 0x2aea2ba4, 
0x2a2f2aea, 0x29732a2f, 0x28b82973, 0x27fb28b8, 0x273f27fb, 0x2682273f, 0x25c42682, 0x250625c4, 
0x24472506, 0x23882447, 0x22c92388, 0x220922c9, 0x21492209, 0x20882149, 0x1fc72088, 0x1f061fc7, 
0x1e441f06, 0x1d821e44, 0x1cc01d82, 0x1bfd1cc0, 0x1b3a1bfd, 0x1a761b3a, 0x19b21a76, 0x18ee19b2, 
0x182a18ee, 0x1765182a, 0x16a01765, 0x15db16a0, 0x151615db, 0x14501516, 0x138a1450, 0x12c4138a, 
0x11fd12c4, 0x113611fd, 0x10701136, 0x0fa91070, 0x0ee10fa9, 0x0e1a0ee1, 0x0d520e1a, 0x0c8a0d52, 
0x0bc30c8a, 0x0afa0bc3, 0x0a320afa, 0x096a0a32, 0x08a2096a, 0x07d908a2, 0x071007d9, 0x06480710, 
0x057f0648, 0x04b6057f, 0x03ed04b6, 0x032403ed, 0x025b0324, 0x0192025b, 0x00c90192, 0x000000c9, 
0xff370000, 0xfe6eff37, 0xfda5fe6e, 0xfcdcfda5, 0xfc13fcdc, 0xfb4afc13, 0xfa81fb4a, 0xf9b8fa81, 
0xf8f0f9b8, 0xf827f8f0, 0xf75ef827, 0xf696f75e, 0xf5cef696, 0xf506f5ce, 0xf43df506, 0xf376f43d, 
0xf2aef376, 0xf1e6f2ae, 0xf11ff1e6, 0xf057f11f, 0xef90f057, 0xeecaef90, 0xee03eeca, 0xed3cee03, 
0xec76ed3c, 0xebb0ec76, 0xeaeaebb0, 0xea25eaea, 0xe960ea25, 0xe89be960, 0xe7d6e89b, 0xe712e7d6, 
0xe64ee712, 0xe58ae64e, 0xe4c6e58a, 0xe403e4c6, 0xe340e403, 0xe27ee340, 0xe1bce27e, 0xe0fae1bc, 
0xe039e0fa, 0xdf78e039, 0xdeb7df78, 0xddf7deb7, 0xdd37ddf7, 0xdc78dd37, 0xdbb9dc78, 0xdafadbb9, 
0xda3cdafa, 0xd97eda3c, 0xd8c1d97e, 0xd805d8c1, 0xd748d805, 0xd68dd748, 0xd5d1d68d, 0xd516d5d1, 
0xd45cd516, 0xd3a2d45c, 0xd2e9d3a2, 0xd231d2e9, 0xd178d231, 0xd0c1d178, 0xd00ad0c1, 0xcf53d00a, 
0xce9dcf53, 0xcde8ce9d, 0xcd33cde8, 0xcc7fcd33, 0xcbcccc7f, 0xcb19cbcc, 0xca67cb19, 0xc9b5ca67, 
0xc904c9b5, 0xc854c904, 0xc7a4c854, 0xc6f5c7a4, 0xc646c6f5, 0xc599c646, 0xc4ecc599, 0xc43fc4ec, 
0xc394c43f, 0xc2e9c394, 0xc23ec2e9, 0xc195c23e, 0xc0ecc195, 0xc044c0ec, 0xbf9dc044, 0xbef6bf9d, 
0xbe50bef6, 0xbdabbe50, 0xbd07bdab, 0xbc63bd07, 0xbbc1bc63, 0xbb1fbbc1, 0xba7ebb1f, 0xb9ddba7e, 
0xb93eb9dd, 0xb89fb93e, 0xb801b89f, 0xb764b801, 0xb6c7b764, 0xb62cb6c7, 0xb591b62c, 0xb4f8b591, 
0xb45fb4f8, 0xb3c7b45f, 0xb330b3c7, 0xb299b330, 0xb204b299, 0xb16fb204, 0xb0dcb16f, 0xb049b0dc, 
0xafb7b049, 0xaf26afb7, 0xae96af26, 0xae07ae96, 0xad78ae07, 0xacebad78, 0xac5faceb, 0xabd3ac5f, 
0xab49abd3, 0xaabfab49, 0xaa36aabf, 0xa9afaa36, 0xa928a9af, 0xa8a2a928, 0xa81ea8a2, 0xa79aa81e, 
0xa717a79a, 0xa695a717, 0xa614a695, 0xa594a614, 0xa515a594, 0xa497a515, 0xa41aa497, 0xa39ea41a, 
0xa323a39e, 0xa2aaa323, 0xa231a2aa, 0xa1b9a231, 0xa142a1b9, 0xa0cca142, 0xa057a0cc, 0x9fe3a057, 
0x9f719fe3, 0x9eff9f71, 0x9e8e9eff, 0x9e1e9e8e, 0x9db09e1e, 0x9d429db0, 0x9cd69d42, 0x9c6a9cd6, 
0x9c009c6a, 0x9b969c00, 0x9b2e9b96, 0x9ac79b2e, 0x9a609ac7, 0x99fb9a60, 0x999799fb, 0x99349997, 
0x98d29934, 0x987198d2, 0x98119871, 0x97b39811, 0x975597b3, 0x96f89755, 0x969d96f8, 0x9642969d, 
0x95e99642, 0x959095e9, 0x95399590, 0x94e39539, 0x948e94e3, 0x943a948e, 0x93e7943a, 0x939593e7, 
0x93449395, 0x92f59344, 0x92a692f5, 0x925992a6, 0x920c9259, 0x91c1920c, 0x917791c1, 0x912e9177, 
0x90e5912e, 0x909e90e5, 0x9059909e, 0x90149059, 0x8fd09014, 0x8f8d8fd0, 0x8f4c8f8d, 0x8f0b8f4c, 
0x8ecc8f0b, 0x8e8d8ecc, 0x8e508e8d, 0x8e148e50, 0x8dd98e14, 0x8d9f8dd9, 0x8d668d9f, 0x8d2e8d66, 
0x8cf78d2e, 0x8cc18cf7, 0x8c8c8cc1, 0x8c598c8c, 0x8c268c59, 0x8bf58c26, 0x8bc48bf5, 0x8b958bc4, 
0x8b678b95, 0x8b398b67, 0x8b0d8b39, 0x8ae28b0d, 0x8ab88ae2, 0x8a8f8ab8, 0x8a668a8f, 0x8a3f8a66, 
0x8a198a3f, 0x89f48a19, 0x89d189f4, 0x89ae89d1, 0x898c89ae, 0x896b898c, 0x894b896b, 0x892c894b, 
0x890e892c, 0x88f2890e, 0x88d688f2, 0x88bb88d6, 0x88a188bb, 0x888888a1, 0x88718888, 0x885a8871, 
0x8844885a, 0x882f8844, 0x881b882f, 0x8808881b, 0x87f68808, 0x87e587f6, 0x87d587e5, 0x87c687d5, 
0x87b887c6, 0x87ab87b8, 0x879f87ab, 0x8793879f, 0x87898793, 0x877f8789, 0x8777877f, 0x876f8777, 
0x8769876f, 0x87638769, 0x875e8763, 0x875a875e, 0x8757875a, 0x87558757, 0x87538755, 0x87538753, 
0x87538753, 0x87558753, 0x87578755, 0x875a8757, 0x875e875a, 0x8762875e, 0x87688762, 0x876e8768, 
0x8776876e, 0x877e8776, 0x8787877e, 0x87908787, 0x879b8790, 0x87a6879b, 0x87b287a6, 0x87bf87b2, 
0x87cc87bf, 0x87db87cc, 0x87ea87db, 0x87fa87ea, 0x880b87fa, 0x881c880b, 0x882e881c, 0x8841882e, 
0x88558841, 0x88698855, 0x887e8869, 0x8894887e, 0x88aa8894, 0x88c288aa, 0x88d988c2, 0x88f288d9, 
0x890b88f2, 0x8925890b, 0x89408925, 0x895b8940, 0x8977895b, 0x89938977, 0x89b08993, 0x89ce89b0, 
0x89ec89ce, 0x8a0b89ec, 0x8a2b8a0b, 0x8a4b8a2b, 0x8a6c8a4b, 0x8a8d8a6c, 0x8aaf8a8d, 0x8ad28aaf, 
0x8af58ad2, 0x8b188af5, 0x8b3c8b18, 0x8b618b3c, 0x8b868b61, 0x8bac8b86, 0x8bd28bac, 0x8bf98bd2, 
0x8c208bf9, 0x8c488c20, 0x8c708c48, 0x8c998c70, 0x8cc28c99, 0x8cec8cc2, 0x8d168cec, 0x8d408d16, 
0x8d6b8d40, 0x8d978d6b, 0x8dc38d97, 0x8def8dc3, 0x8e1b8def, 0x8e488e1b, 0x8e768e48, 0x8ea48e76, 
0x8ed28ea4, 0x8f008ed2, 0x8f2f8f00, 0x8f5f8f2f, 0x8f8e8f5f, 0x8fbe8f8e, 0x8fee8fbe, 0x901f8fee, 
0x9050901f, 0x90819050, 0x90b29081, 0x90e490b2, 0x911690e4, 0x91499116, 0x917b9149, 0x91ae917b, 
0x91e191ae, 0x921491e1, 0x92489214, 0x927c9248, 0x92b0927c, 0x92e492b0, 0x931892e4, 0x934d9318, 
0x9381934d, 0x93b69381, 0x93eb93b6, 0x942193eb, 0x94569421, 0x948c9456, 0x94c1948c, 0x94f794c1, 
0x952d94f7, 0x9563952d, 0x95999563, 0x95cf9599, 0x960695cf, 0x963c9606, 0x9672963c, 0x96a99672, 
0x96df96a9, 0x971696df, 0x974d9716, 0x9783974d, 0x97ba9783, 0x97f197ba, 0x982897f1, 0x985e9828, 
0x9895985e, 0x98cc9895, 0x990298cc, 0x99399902, 0x99709939, 0x99a69970, 0x99dd99a6, 0x9a1399dd, 
0x9a499a13, 0x9a809a49, 0x9ab69a80, 0x9aec9ab6, 0x9b229aec, 0x9b589b22, 0x9b8e9b58, 0x9bc39b8e, 
0x9bf99bc3, 0x9c2e9bf9, 0x9c649c2e, 0x9c999c64, 0x9cce9c99, 0x9d039cce, 0x9d379d03, 0x9d6c9d37, 
0x9da09d6c, 0x9dd49da0, 0x9e089dd4, 0x9e3c9e08, 0x9e6f9e3c, 0x9ea29e6f, 0x9ed59ea2, 0x9f089ed5, 
0x9f3b9f08, 0x9f6d9f3b, 0x9f9f9f6d, 0x9fd19f9f, 0xa0029fd1, 0xa033a002, 0xa064a033, 0xa095a064, 
0xa0c5a095, 0xa0f5a0c5, 0xa125a0f5, 0xa155a125, 0xa184a155, 0xa1b3a184, 0xa1e1a1b3, 0xa20fa1e1, 
0xa23da20f, 0xa26ba23d, 0xa298a26b, 0xa2c5a298, 0xa2f1a2c5, 0xa31da2f1, 0xa349a31d, 0xa374a349, 
0xa39fa374, 0xa3c9a39f, 0xa3f3a3c9, 0xa41da3f3, 0xa446a41d, 0xa46fa446, 0xa498a46f, 0xa4c0a498, 
0xa4e7a4c0, 0xa50fa4e7, 0xa535a50f, 0xa55ca535, 0xa581a55c, 0xa5a7a581, 0xa5cca5a7, 0xa5f0a5cc, 
0xa614a5f0, 0xa638a614, 0xa65ba638, 0xa67da65b, 0xa69fa67d, 0xa6c1a69f, 0xa6e2a6c1, 0xa703a6e2, 
0xa723a703, 0xa743a723, 0xa762a743, 0xa780a762, 0xa79ea780, 0xa7bca79e, 0xa7d9a7bc, 0xa7f5a7d9, 
0xa811a7f5, 0xa82da811, 0xa848a82d, 0xa862a848, 0xa87ca862, 0xa895a87c, 0xa8aea895, 0xa8c6a8ae, 
0xa8dda8c6, 0xa8f5a8dd, 0xa90ba8f5, 0xa921a90b, 0xa936a921, 0xa94ba936, 0xa95fa94b, 0xa973a95f, 
0xa986a973, 0xa998a986, 0xa9aaa998, 0xa9bba9aa, 0xa9cca9bb, 0xa9dca9cc, 0xa9eca9dc, 0xa9fba9ec, 
0xaa09a9fb, 0xaa17aa09, 0xaa24aa17, 0xaa30aa24, 0xaa3caa30, 0xaa48aa3c, 0xaa52aa48, 0xaa5daa52, 
0xaa66aa5d, 0xaa6faa66, 0xaa77aa6f, 0xaa7faa77, 0xaa86aa7f, 0xaa8daa86, 0xaa92aa8d, 0xaa98aa92, 
0xaa9caa98, 0xaaa0aa9c, 0xaaa4aaa0, 0xaaa6aaa4, 0xaaa9aaa6, 0xaaaaaaa9, 0xaaabaaaa, 0xaaabaaab, 
0xaaabaaab, 0xaaaaaaab, 0xaaa9aaaa, 0xaaa6aaa9, 0xaaa4aaa6, 0xaaa0aaa4, 0xaa9caaa0, 0xaa98aa9c, 
0xaa92aa98, 0xaa8daa92, 0xaa86aa8d, 0xaa7faa86, 0xaa77aa7f, 0xaa6faa77, 0xaa66aa6f, 0xaa5daa66, 
0xaa52aa5d, 0xaa48aa52, 0xaa3caa48, 0xaa30aa3c, 0xaa24aa30, 0xaa17aa24, 0xaa09aa17, 0xa9fbaa09, 
0xa9eca9fb, 0xa9dca9ec, 0xa9cca9dc, 0xa9bba9cc, 0xa9aaa9bb, 0xa998a9aa, 0xa986a998, 0xa973a986, 
0xa95fa973, 0xa94ba95f, 0xa936a94b, 0xa921a936, 0xa90ba921, 0xa8f5a90b, 0xa8dda8f5, 0xa8c6a8dd, 
0xa8aea8c6, 0xa895a8ae, 0xa87ca895, 0xa862a87c, 0xa848a862, 0xa82da848, 0xa811a82d, 0xa7f5a811, 
0xa7d9a7f5, 0xa7bca7d9, 0xa79ea7bc, 0xa780a79e, 0xa762a780, 0xa743a762, 0xa723a743, 0xa703a723, 
0xa6e2a703, 0xa6c1a6e2, 0xa69fa6c1, 0xa67da69f, 0xa65ba67d, 0xa638a65b, 0xa614a638, 0xa5f0a614, 
0xa5cca5f0, 0xa5a7a5cc, 0xa581a5a7, 0xa55ca581, 0xa535a55c, 0xa50fa535, 0xa4e7a50f, 0xa4c0a4e7, 
0xa498a4c0, 0xa46fa498, 0xa446a46f, 0xa41da446, 0xa3f3a41d, 0xa3c9a3f3, 0xa39fa3c9, 0xa374a39f, 
0xa349a374, 0xa31da349, 0xa2f1a31d, 0xa2c5a2f1, 0xa298a2c5, 0xa26ba298, 0xa23da26b, 0xa20fa23d, 
0xa1e1a20f, 0xa1b3a1e1, 0xa184a1b3, 0xa155a184, 0xa125a155, 0xa0f5a125, 0xa0c5a0f5, 0xa095a0c5, 
0xa064a095, 0xa033a064, 0xa002a033, 0x9fd1a002, 0x9f9f9fd1, 0x9f6d9f9f, 0x9f3b9f6d, 0x9f089f3b, 
0x9ed59f08, 0x9ea29ed5, 0x9e6f9ea2, 0x9e3c9e6f, 0x9e089e3c, 0x9dd49e08, 0x9da09dd4, 0x9d6c9da0, 
0x9d379d6c, 0x9d039d37, 0x9cce9d03, 0x9c999cce, 0x9c649c99, 0x9c2e9c64, 0x9bf99c2e, 0x9bc39bf9, 
0x9b8e9bc3, 0x9b589b8e, 0x9b229b58, 0x9aec9b22, 0x9ab69aec, 0x9a809ab6, 0x9a499a80, 0x9a139a49, 
0x99dd9a13, 0x99a699dd, 0x997099a6, 0x99399970, 0x99029939, 0x98cc9902, 0x989598cc, 0x985e9895, 
0x9828985e, 0x97f19828, 0x97ba97f1, 0x978397ba, 0x974d9783, 0x9716974d, 0x96df9716, 0x96a996df, 
0x967296a9, 0x963c9672, 0x9606963c, 0x95cf9606, 0x959995cf, 0x95639599, 0x952d9563, 0x94f7952d, 
0x94c194f7, 0x948c94c1, 0x9456948c, 0x94219456, 0x93eb9421, 0x93b693eb, 0x938193b6, 0x934d9381, 
0x9318934d, 0x92e49318, 0x92b092e4, 0x927c92b0, 0x9248927c, 0x92149248, 0x91e19214, 0x91ae91e1, 
0x917b91ae, 0x9149917b, 0x91169149, 0x90e49116, 0x90b290e4, 0x908190b2, 0x90509081, 0x901f9050, 
0x8fee901f, 0x8fbe8fee, 0x8f8e8fbe, 0x8f5f8f8e, 0x8f2f8f5f, 0x8f008f2f, 0x8ed28f00, 0x8ea48ed2, 
0x8e768ea4, 0x8e488e76, 0x8e1b8e48, 0x8def8e1b, 0x8dc38def, 0x8d978dc3, 0x8d6b8d97, 0x8d408d6b, 
0x8d168d40, 0x8cec8d16, 0x8cc28cec, 0x8c998cc2, 0x8c708c99, 0x8c488c70, 0x8c208c48, 0x8bf98c20, 
0x8bd28bf9, 0x8bac8bd2, 0x8b868bac, 0x8b618b86, 0x8b3c8b61, 0x8b188b3c, 0x8af58b18, 0x8ad28af5, 
0x8aaf8ad2, 0x8a8d8aaf, 0x8a6c8a8d, 0x8a4b8a6c, 0x8a2b8a4b, 0x8a0b8a2b, 0x89ec8a0b, 0x89ce89ec, 
0x89b089ce, 0x899389b0, 0x89778993, 0x895b8977, 0x8940895b, 0x89258940, 0x890b8925, 0x88f2890b, 
0x88d988f2, 0x88c288d9, 0x88aa88c2, 0x889488aa, 0x887e8894, 0x8869887e, 0x88558869, 0x88418855, 
0x882e8841, 0x881c882e, 0x880b881c, 0x87fa880b, 0x87ea87fa, 0x87db87ea, 0x87cc87db, 0x87bf87cc, 
0x87b287bf, 0x87a687b2, 0x879b87a6, 0x8790879b, 0x87878790, 0x877e8787, 0x8776877e, 0x876e8776, 
0x8768876e, 0x87628768, 0x875e8762, 0x875a875e, 0x8757875a, 0x87558757, 0x87538755, 0x87538753, 
0x87538753, 0x87558753, 0x87578755, 0x875a8757, 0x875e875a, 0x8763875e, 0x87698763, 0x876f8769, 
0x8777876f, 0x877f8777, 0x8789877f, 0x87938789, 0x879f8793, 0x87ab879f, 0x87b887ab, 0x87c687b8, 
0x87d587c6, 0x87e587d5, 0x87f687e5, 0x880887f6, 0x881b8808, 0x882f881b, 0x8844882f, 0x885a8844, 
0x8871885a, 0x88888871, 0x88a18888, 0x88bb88a1, 0x88d688bb, 0x88f288d6, 0x890e88f2, 0x892c890e, 
0x894b892c, 0x896b894b, 0x898c896b, 0x89ae898c, 0x89d189ae, 0x89f489d1, 0x8a1989f4, 0x8a3f8a19, 
0x8a668a3f, 0x8a8f8a66, 0x8ab88a8f, 0x8ae28ab8, 0x8b0d8ae2, 0x8b398b0d, 0x8b678b39, 0x8b958b67, 
0x8bc48b95, 0x8bf58bc4, 0x8c268bf5, 0x8c598c26, 0x8c8c8c59, 0x8cc18c8c, 0x8cf78cc1, 0x8d2e8cf7, 
0x8d668d2e, 0x8d9f8d66, 0x8dd98d9f, 0x8e148dd9, 0x8e508e14, 0x8e8d8e50, 0x8ecc8e8d, 0x8f0b8ecc, 
0x8f4c8f0b, 0x8f8d8f4c, 0x8fd08f8d, 0x90148fd0, 0x90599014, 0x909e9059, 0x90e5909e, 0x912e90e5, 
0x9177912e, 0x91c19177, 0x920c91c1, 0x9259920c, 0x92a69259, 0x92f592a6, 0x934492f5, 0x93959344, 
0x93e79395, 0x943a93e7, 0x948e943a, 0x94e3948e, 0x953994e3, 0x95909539, 0x95e99590, 0x964295e9, 
0x969d9642, 0x96f8969d, 0x975596f8, 0x97b39755, 0x981197b3, 0x98719811, 0x98d29871, 0x993498d2, 
0x99979934, 0x99fb9997, 0x9a6099fb, 0x9ac79a60, 0x9b2e9ac7, 0x9b969b2e, 0x9c009b96, 0x9c6a9c00, 
0x9cd69c6a, 0x9d429cd6, 0x9db09d42, 0x9e1e9db0, 0x9e8e9e1e, 0x9eff9e8e, 0x9f719eff, 0x9fe39f71, 
0xa0579fe3, 0xa0cca057, 0xa142a0cc, 0xa1b9a142, 0xa231a1b9, 0xa2aaa231, 0xa323a2aa, 0xa39ea323, 
0xa41aa39e, 0xa497a41a, 0xa515a497, 0xa594a515, 0xa614a594, 0xa695a614, 0xa717a695, 0xa79aa717, 
0xa81ea79a, 0xa8a2a81e, 0xa928a8a2, 0xa9afa928, 0xaa36a9af, 0xaabfaa36, 0xab49aabf, 0xabd3ab49, 
0xac5fabd3, 0xacebac5f, 0xad78aceb, 0xae07ad78, 0xae96ae07, 0xaf26ae96, 0xafb7af26, 0xb049afb7, 
0xb0dcb049, 0xb16fb0dc, 0xb204b16f, 0xb299b204, 0xb330b299, 0xb3c7b330, 0xb45fb3c7, 0xb4f8b45f, 
0xb591b4f8, 0xb62cb591, 0xb6c7b62c, 0xb764b6c7, 0xb801b764, 0xb89fb801, 0xb93eb89f, 0xb9ddb93e, 
0xba7eb9dd, 0xbb1fba7e, 0xbbc1bb1f, 0xbc63bbc1, 0xbd07bc63, 0xbdabbd07, 0xbe50bdab, 0xbef6be50, 
0xbf9dbef6, 0xc044bf9d, 0xc0ecc044, 0xc195c0ec, 0xc23ec195, 0xc2e9c23e, 0xc394c2e9, 0xc43fc394, 
0xc4ecc43f, 0xc599c4ec, 0xc646c599, 0xc6f5c646, 0xc7a4c6f5, 0xc854c7a4, 0xc904c854, 0xc9b5c904, 
0xca67c9b5, 0xcb19ca67, 0xcbcccb19, 0xcc7fcbcc, 0xcd33cc7f, 0xcde8cd33, 0xce9dcde8, 0xcf53ce9d, 
0xd00acf53, 0xd0c1d00a, 0xd178d0c1, 0xd231d178, 0xd2e9d231, 0xd3a2d2e9, 0xd45cd3a2, 0xd516d45c, 
0xd5d1d516, 0xd68dd5d1, 0xd748d68d, 0xd805d748, 0xd8c1d805, 0xd97ed8c1, 0xda3cd97e, 0xdafada3c, 
0xdbb9dafa, 0xdc78dbb9, 0xdd37dc78, 0xddf7dd37, 0xdeb7ddf7, 0xdf78deb7, 0xe039df78, 0xe0fae039, 
0xe1bce0fa, 0xe27ee1bc, 0xe340e27e, 0xe403e340, 0xe4c6e403, 0xe58ae4c6, 0xe64ee58a, 0xe712e64e, 
0xe7d6e712, 0xe89be7d6, 0xe960e89b, 0xea25e960, 0xeaeaea25, 0xebb0eaea, 0xec76ebb0, 0xed3cec76, 
0xee03ed3c, 0xeecaee03, 0xef90eeca, 0xf057ef90, 0xf11ff057, 0xf1e6f11f, 0xf2aef1e6, 0xf376f2ae, 
0xf43df376, 0xf506f43d, 0xf5cef506, 0xf696f5ce, 0xf75ef696, 0xf827f75e, 0xf8f0f827, 0xf9b8f8f0, 
0xfa81f9b8, 0xfb4afa81, 0xfc13fb4a, 0xfcdcfc13, 0xfda5fcdc, 0xfe6efda5, 0xff37fe6e, 0x0000ff37, 
},
};
