// wavetable_saw.c - autogenerated by gentables.py in 2025-10-21 19:08:14

#include "wavetable_data.h"

const uint32_t wavetables_saw[WAVETABLE_COUNT][WAVETABLE_SIZE] = {
// Table 0, base frequency 8.175799
{
0x001c0000, 0x003d001c, 0x0062003d, 0x00840062, 0x00a10084, 0x00bc00a1, 0x00dd00bc, 0x010100dd, 
0x01240101, 0x01410124, 0x015d0141, 0x017c015d, 0x01a1017c, 0x01c401a1, 0x01e201c4, 0x01fd01e2, 
0x021c01fd, 0x0240021c, 0x02640240, 0x02830264, 0x029e0283, 0x02bc029e, 0x02df02bc, 0x030402df, 
0x03230304, 0x033e0323, 0x035c033e, 0x037f035c, 0x03a3037f, 0x03c403a3, 0x03df03c4, 0x03fc03df, 
0x041e03fc, 0x0443041e, 0x04640443, 0x04800464, 0x049c0480, 0x04bd049c, 0x04e204bd, 0x050404e2, 
0x05210504, 0x053c0521, 0x055d053c, 0x0582055d, 0x05a40582, 0x05c105a4, 0x05dd05c1, 0x05fc05dd, 
0x062105fc, 0x06440621, 0x06620644, 0x067d0662, 0x069c067d, 0x06c0069c, 0x06e406c0, 0x070306e4, 
0x071e0703, 0x073c071e, 0x075f073c, 0x0784075f, 0x07a30784, 0x07be07a3, 0x07dc07be, 0x07ff07dc, 
0x082307ff, 0x08440823, 0x085f0844, 0x087c085f, 0x089e087c, 0x08c3089e, 0x08e408c3, 0x090008e4, 
0x091c0900, 0x093d091c, 0x0962093d, 0x09840962, 0x09a00984, 0x09bc09a0, 0x09dd09bc, 0x0a0209dd, 
0x0a240a02, 0x0a410a24, 0x0a5c0a41, 0x0a7c0a5c, 0x0aa10a7c, 0x0ac40aa1, 0x0ae20ac4, 0x0afd0ae2, 
0x0b1c0afd, 0x0b400b1c, 0x0b640b40, 0x0b820b64, 0x0b9d0b82, 0x0bbc0b9d, 0x0be00bbc, 0x0c040be0, 
0x0c230c04, 0x0c3e0c23, 0x0c5c0c3e, 0x0c7f0c5c, 0x0ca30c7f, 0x0cc30ca3, 0x0cdf0cc3, 0x0cfc0cdf, 
0x0d1e0cfc, 0x0d430d1e, 0x0d640d43, 0x0d7f0d64, 0x0d9c0d7f, 0x0dbd0d9c, 0x0de20dbd, 0x0e040de2, 
0x0e200e04, 0x0e3c0e20, 0x0e5d0e3c, 0x0e820e5d, 0x0ea40e82, 0x0ec10ea4, 0x0edc0ec1, 0x0efc0edc, 
0x0f210efc, 0x0f440f21, 0x0f620f44, 0x0f7d0f62, 0x0f9c0f7d, 0x0fc00f9c, 0x0fe40fc0, 0x10020fe4, 
0x101d1002, 0x103c101d, 0x1060103c, 0x10841060, 0x10a31084, 0x10be10a3, 0x10dc10be, 0x10ff10dc, 
0x112410ff, 0x11431124, 0x115f1143, 0x117c115f, 0x119e117c, 0x11c3119e, 0x11e411c3, 0x11ff11e4, 
0x121c11ff, 0x123d121c, 0x1262123d, 0x12841262, 0x12a01284, 0x12bc12a0, 0x12dd12bc, 0x130212dd, 
0x13241302, 0x13411324, 0x135c1341, 0x137c135c, 0x13a1137c, 0x13c413a1, 0x13e213c4, 0x13fd13e2, 
0x141c13fd, 0x1440141c, 0x14641440, 0x14821464, 0x149d1482, 0x14bc149d, 0x14e014bc, 0x150414e0, 
0x15231504, 0x153e1523, 0x155b153e, 0x157f155b, 0x15a4157f, 0x15c315a4, 0x15de15c3, 0x15fb15de, 
0x161e15fb, 0x1643161e, 0x16641643, 0x167f1664, 0x169b167f, 0x16be169b, 0x16e316be, 0x170416e3, 
0x17201704, 0x173c1720, 0x175d173c, 0x1782175d, 0x17a41782, 0x17c117a4, 0x17dc17c1, 0x17fc17dc, 
0x182117fc, 0x18441821, 0x18611844, 0x187c1861, 0x189c187c, 0x18c1189c, 0x18e418c1, 0x190218e4, 
0x191d1902, 0x193c191d, 0x1960193c, 0x19841960, 0x19a31984, 0x19be19a3, 0x19db19be, 0x19ff19db, 
0x1a2419ff, 0x1a431a24, 0x1a5e1a43, 0x1a7b1a5e, 0x1a9e1a7b, 0x1ac31a9e, 0x1ae41ac3, 0x1aff1ae4, 
0x1b1b1aff, 0x1b3e1b1b, 0x1b631b3e, 0x1b841b63, 0x1ba01b84, 0x1bbc1ba0, 0x1bdd1bbc, 0x1c021bdd, 
0x1c241c02, 0x1c401c24, 0x1c5c1c40, 0x1c7c1c5c, 0x1ca11c7c, 0x1cc41ca1, 0x1ce11cc4, 0x1cfc1ce1, 
0x1d1c1cfc, 0x1d411d1c, 0x1d641d41, 0x1d821d64, 0x1d9d1d82, 0x1dbc1d9d, 0x1de01dbc, 0x1e041de0, 
0x1e231e04, 0x1e3d1e23, 0x1e5b1e3d, 0x1e7f1e5b, 0x1ea41e7f, 0x1ec31ea4, 0x1ede1ec3, 0x1efb1ede, 
0x1f1e1efb, 0x1f431f1e, 0x1f641f43, 0x1f7f1f64, 0x1f9b1f7f, 0x1fbe1f9b, 0x1fe31fbe, 0x20041fe3, 
0x20202004, 0x203b2020, 0x205d203b, 0x2082205d, 0x20a42082, 0x20c020a4, 0x20dc20c0, 0x20fc20dc, 
0x212220fc, 0x21442122, 0x21612144, 0x217c2161, 0x219c217c, 0x21c1219c, 0x21e421c1, 0x220221e4, 
0x221d2202, 0x223b221d, 0x2260223b, 0x22842260, 0x22a32284, 0x22bd22a3, 0x22db22bd, 0x22ff22db, 
0x232422ff, 0x23432324, 0x235e2343, 0x237b235e, 0x239e237b, 0x23c4239e, 0x23e423c4, 0x23ff23e4, 
0x241b23ff, 0x243e241b, 0x2463243e, 0x24842463, 0x249f2484, 0x24bb249f, 0x24dd24bb, 0x250224dd, 
0x25242502, 0x25402524, 0x255b2540, 0x257c255b, 0x25a2257c, 0x25c425a2, 0x25e125c4, 0x25fc25e1, 
0x261c25fc, 0x2641261c, 0x26642641, 0x26822664, 0x269c2682, 0x26bb269c, 0x26e026bb, 0x270426e0, 
0x27222704, 0x273d2722, 0x275b273d, 0x277f275b, 0x27a4277f, 0x27c327a4, 0x27de27c3, 0x27fb27de, 
0x281e27fb, 0x2844281e, 0x28642844, 0x287e2864, 0x289b287e, 0x28be289b, 0x28e328be, 0x290428e3, 
0x291f2904, 0x293b291f, 0x295d293b, 0x2983295d, 0x29a42983, 0x29c029a4, 0x29db29c0, 0x29fc29db, 
0x2a2229fc, 0x2a452a22, 0x2a612a45, 0x2a7c2a61, 0x2a9c2a7c, 0x2ac12a9c, 0x2ae52ac1, 0x2b022ae5, 
0x2b1c2b02, 0x2b3b2b1c, 0x2b602b3b, 0x2b842b60, 0x2ba22b84, 0x2bbd2ba2, 0x2bdb2bbd, 0x2bff2bdb, 
0x2c242bff, 0x2c432c24, 0x2c5d2c43, 0x2c7b2c5d, 0x2c9f2c7b, 0x2cc42c9f, 0x2ce42cc4, 0x2cfe2ce4, 
0x2d1b2cfe, 0x2d3e2d1b, 0x2d632d3e, 0x2d842d63, 0x2d9f2d84, 0x2dbb2d9f, 0x2ddd2dbb, 0x2e032ddd, 
0x2e242e03, 0x2e402e24, 0x2e5b2e40, 0x2e7c2e5b, 0x2ea22e7c, 0x2ec52ea2, 0x2ee12ec5, 0x2efb2ee1, 
0x2f1c2efb, 0x2f412f1c, 0x2f652f41, 0x2f812f65, 0x2f9c2f81, 0x2fbb2f9c, 0x2fe02fbb, 0x30052fe0, 
0x30223005, 0x303c3022, 0x305b303c, 0x3080305b, 0x30a43080, 0x30c330a4, 0x30dd30c3, 0x30fb30dd, 
0x311f30fb, 0x3144311f, 0x31643144, 0x317e3164, 0x319a317e, 0x31be319a, 0x31e431be, 0x320431e4, 
0x321f3204, 0x323a321f, 0x325d323a, 0x3283325d, 0x32a53283, 0x32c032a5, 0x32db32c0, 0x32fc32db, 
0x332232fc, 0x33453322, 0x33613345, 0x337b3361, 0x339c337b, 0x33c1339c, 0x33e533c1, 0x340133e5, 
0x341c3401, 0x343b341c, 0x3461343b, 0x34853461, 0x34a23485, 0x34bc34a2, 0x34db34bc, 0x350034db, 
0x35253500, 0x35433525, 0x355d3543, 0x357a355d, 0x359f357a, 0x35c4359f, 0x35e435c4, 0x35fe35e4, 
0x361a35fe, 0x363e361a, 0x3664363e, 0x36843664, 0x369f3684, 0x36ba369f, 0x36dd36ba, 0x370336dd, 
0x37253703, 0x373f3725, 0x375a373f, 0x377c375a, 0x37a2377c, 0x37c537a2, 0x37e037c5, 0x37fb37e0, 
0x381b37fb, 0x3842381b, 0x38653842, 0x38813865, 0x389b3881, 0x38bb389b, 0x38e138bb, 0x390538e1, 
0x39223905, 0x393c3922, 0x395a393c, 0x3980395a, 0x39a53980, 0x39c339a5, 0x39dd39c3, 0x39fa39dd, 
0x3a1f39fa, 0x3a453a1f, 0x3a643a45, 0x3a7d3a64, 0x3a9a3a7d, 0x3abe3a9a, 0x3ae43abe, 0x3b043ae4, 
0x3b1e3b04, 0x3b3a3b1e, 0x3b5d3b3a, 0x3b833b5d, 0x3ba53b83, 0x3bbf3ba5, 0x3bda3bbf, 0x3bfc3bda, 
0x3c233bfc, 0x3c453c23, 0x3c603c45, 0x3c7a3c60, 0x3c9b3c7a, 0x3cc23c9b, 0x3ce53cc2, 0x3d013ce5, 
0x3d1b3d01, 0x3d3b3d1b, 0x3d613d3b, 0x3d853d61, 0x3da23d85, 0x3dbb3da2, 0x3dda3dbb, 0x3e003dda, 
0x3e253e00, 0x3e433e25, 0x3e5c3e43, 0x3e7a3e5c, 0x3e9f3e7a, 0x3ec53e9f, 0x3ee43ec5, 0x3efd3ee4, 
0x3f1a3efd, 0x3f3e3f1a, 0x3f643f3e, 0x3f843f64, 0x3f9e3f84, 0x3fba3f9e, 0x3fdd3fba, 0x40043fdd, 
0x40254004, 0x403f4025, 0x405a403f, 0x407c405a, 0x40a3407c, 0x40c540a3, 0x40e040c5, 0x40fa40e0, 
0x411b40fa, 0x4142411b, 0x41664142, 0x41814166, 0x419a4181, 0x41ba419a, 0x41e141ba, 0x420641e1, 
0x42224206, 0x423b4222, 0x425a423b, 0x4280425a, 0x42a64280, 0x42c342a6, 0x42dc42c3, 0x42f942dc, 
0x431f42f9, 0x4345431f, 0x43644345, 0x437d4364, 0x4399437d, 0x43be4399, 0x43e543be, 0x440543e5, 
0x441e4405, 0x4439441e, 0x445d4439, 0x4484445d, 0x44a54484, 0x44bf44a5, 0x44d944bf, 0x44fc44d9, 
0x452344fc, 0x45464523, 0x45604546, 0x45794560, 0x459b4579, 0x45c2459b, 0x45e645c2, 0x460145e6, 
0x461a4601, 0x463a461a, 0x4661463a, 0x46864661, 0x46a24686, 0x46bb46a2, 0x46da46bb, 0x470046da, 
0x47264700, 0x47434726, 0x475b4743, 0x4779475b, 0x479f4779, 0x47c6479f, 0x47e447c6, 0x47fc47e4, 
0x481947fc, 0x483e4819, 0x4865483e, 0x48854865, 0x489d4885, 0x48b9489d, 0x48dd48b9, 0x490548dd, 
0x49254905, 0x493e4925, 0x4959493e, 0x497c4959, 0x49a4497c, 0x49c649a4, 0x49e049c6, 0x49f949e0, 
0x4a1b49f9, 0x4a434a1b, 0x4a664a43, 0x4a814a66, 0x4a994a81, 0x4aba4a99, 0x4ae24aba, 0x4b064ae2, 
0x4b224b06, 0x4b3a4b22, 0x4b594b3a, 0x4b814b59, 0x4ba64b81, 0x4bc34ba6, 0x4bdb4bc3, 0x4bf94bdb, 
0x4c1f4bf9, 0x4c464c1f, 0x4c644c46, 0x4c7c4c64, 0x4c984c7c, 0x4cbe4c98, 0x4ce64cbe, 0x4d054ce6, 
0x4d1d4d05, 0x4d384d1d, 0x4d5d4d38, 0x4d854d5d, 0x4da64d85, 0x4dbe4da6, 0x4dd84dbe, 0x4dfc4dd8, 
0x4e244dfc, 0x4e464e24, 0x4e5f4e46, 0x4e784e5f, 0x4e9b4e78, 0x4ec34e9b, 0x4ee74ec3, 0x4f014ee7, 
0x4f194f01, 0x4f3a4f19, 0x4f624f3a, 0x4f874f62, 0x4fa24f87, 0x4fb94fa2, 0x4fd94fb9, 0x50014fd9, 
0x50275001, 0x50435027, 0x505a5043, 0x5078505a, 0x50a05078, 0x50c750a0, 0x50e450c7, 0x50fb50e4, 
0x511850fb, 0x513e5118, 0x5166513e, 0x51855166, 0x519c5185, 0x51b7519c, 0x51dd51b7, 0x520651dd, 
0x52265206, 0x523e5226, 0x5257523e, 0x527c5257, 0x52a5527c, 0x52c752a5, 0x52df52c7, 0x52f852df, 
0x531a52f8, 0x5344531a, 0x53675344, 0x53805367, 0x53985380, 0x53b95398, 0x53e353b9, 0x540853e3, 
0x54225408, 0x54395422, 0x54585439, 0x54815458, 0x54a85481, 0x54c354a8, 0x54da54c3, 0x54f854da, 
0x552054f8, 0x55475520, 0x55645547, 0x557b5564, 0x5597557b, 0x55be5597, 0x55e755be, 0x560655e7, 
0x561c5606, 0x5637561c, 0x565d5637, 0x5686565d, 0x56a75686, 0x56bd56a7, 0x56d756bd, 0x56fb56d7, 
0x572556fb, 0x57475725, 0x575f5747, 0x5777575f, 0x579a5777, 0x57c4579a, 0x57e857c4, 0x580057e8, 
0x58175800, 0x58395817, 0x58635839, 0x58885863, 0x58a25888, 0x58b858a2, 0x58d858b8, 0x590258d8, 
0x59295902, 0x59435929, 0x59595943, 0x59775959, 0x59a05977, 0x59c859a0, 0x59e559c8, 0x59fa59e5, 
0x5a1659fa, 0x5a3f5a16, 0x5a685a3f, 0x5a865a68, 0x5a9b5a86, 0x5ab65a9b, 0x5add5ab6, 0x5b075add, 
0x5b275b07, 0x5b3d5b27, 0x5b565b3d, 0x5b7b5b56, 0x5ba65b7b, 0x5bc85ba6, 0x5bde5bc8, 0x5bf65bde, 
0x5c1a5bf6, 0x5c455c1a, 0x5c695c45, 0x5c805c69, 0x5c965c80, 0x5cb85c96, 0x5ce45cb8, 0x5d095ce4, 
0x5d225d09, 0x5d375d22, 0x5d575d37, 0x5d825d57, 0x5daa5d82, 0x5dc35daa, 0x5dd85dc3, 0x5df65dd8, 
0x5e215df6, 0x5e4a5e21, 0x5e655e4a, 0x5e795e65, 0x5e955e79, 0x5ebf5e95, 0x5ee95ebf, 0x5f075ee9, 
0x5f1a5f07, 0x5f345f1a, 0x5f5d5f34, 0x5f885f5d, 0x5fa85f88, 0x5fbc5fa8, 0x5fd45fbc, 0x5ffb5fd4, 
0x60285ffb, 0x60496028, 0x605e6049, 0x6074605e, 0x60996074, 0x60c66099, 0x60ea60c6, 0x610060ea, 
0x61156100, 0x61386115, 0x61656138, 0x618b6165, 0x61a2618b, 0x61b561a2, 0x61d661b5, 0x620361d6, 
0x622b6203, 0x6244622b, 0x62566244, 0x62756256, 0x62a16275, 0x62cb62a1, 0x62e662cb, 0x62f862e6, 
0x631462f8, 0x633f6314, 0x636b633f, 0x6387636b, 0x63996387, 0x63b36399, 0x63dd63b3, 0x640a63dd, 
0x6429640a, 0x643b6429, 0x6452643b, 0x647b6452, 0x64a9647b, 0x64cb64a9, 0x64dd64cb, 0x64f264dd, 
0x651964f2, 0x65486519, 0x656c6548, 0x657f656c, 0x6593657f, 0x65b76593, 0x65e665b7, 0x660d65e6, 
0x6622660d, 0x66336622, 0x66556633, 0x66846655, 0x66ad6684, 0x66c466ad, 0x66d466c4, 0x66f366d4, 
0x672266f3, 0x674d6722, 0x6766674d, 0x67766766, 0x67926776, 0x67bf6792, 0x67ed67bf, 0x680867ed, 
0x68186808, 0x68316818, 0x685d6831, 0x688c685d, 0x68ab688c, 0x68ba68ab, 0x68d068ba, 0x68fa68d0, 
0x692b68fa, 0x694c692b, 0x695c694c, 0x6970695c, 0x69986970, 0x69ca6998, 0x69ee69ca, 0x69ff69ee, 
0x6a1069ff, 0x6a356a10, 0x6a686a35, 0x6a8f6a68, 0x6aa26a8f, 0x6ab16aa2, 0x6ad36ab1, 0x6b056ad3, 
0x6b306b05, 0x6b446b30, 0x6b526b44, 0x6b716b52, 0x6ba36b71, 0x6bd06ba3, 0x6be76bd0, 0x6bf36be7, 
0x6c0f6bf3, 0x6c406c0f, 0x6c706c40, 0x6c8a6c70, 0x6c956c8a, 0x6cad6c95, 0x6cdd6cad, 0x6d106cdd, 
0x6d2d6d10, 0x6d386d2d, 0x6d4c6d38, 0x6d7a6d4c, 0x6dae6d7a, 0x6dcf6dae, 0x6ddb6dcf, 0x6dec6ddb, 
0x6e166dec, 0x6e4d6e16, 0x6e716e4d, 0x6e7e6e71, 0x6e8c6e7e, 0x6eb36e8c, 0x6eea6eb3, 0x6f136eea, 
0x6f216f13, 0x6f2c6f21, 0x6f506f2c, 0x6f886f50, 0x6fb46f88, 0x6fc56fb4, 0x6fce6fc5, 0x6fed6fce, 
0x70246fed, 0x70557024, 0x70697055, 0x706f7069, 0x708a706f, 0x70c1708a, 0x70f570c1, 0x710d70f5, 
0x7112710d, 0x71287112, 0x715d7128, 0x7195715d, 0x71b07195, 0x71b571b0, 0x71c671b5, 0x71f871c6, 
0x723471f8, 0x72547234, 0x72597254, 0x72657259, 0x72947265, 0x72d27294, 0x72f772d2, 0x72fd72f7, 
0x730572fd, 0x732f7305, 0x736f732f, 0x739a736f, 0x73a1739a, 0x73a573a1, 0x73cb73a5, 0x740c73cb, 
0x743c740c, 0x7447743c, 0x74467447, 0x74667446, 0x74a77466, 0x74de74a7, 0x74ec74de, 0x74e874ec, 
0x750274e8, 0x75427502, 0x757f7542, 0x7592757f, 0x758b7592, 0x759e758b, 0x75dd759e, 0x761f75dd, 
0x7637761f, 0x762f7637, 0x763b762f, 0x7676763b, 0x76be7676, 0x76dd76be, 0x76d476dd, 0x76d876d4, 
0x771076d8, 0x775c7710, 0x7783775c, 0x777a7783, 0x7777777a, 0x77a87777, 0x77f977a8, 0x782977f9, 
0x78217829, 0x78167821, 0x78407816, 0x78947840, 0x78ce7894, 0x78ca78ce, 0x78b678ca, 0x78d878b6, 
0x792e78d8, 0x7973792e, 0x79737973, 0x79587973, 0x796f7958, 0x79c7796f, 0x7a1779c7, 0x7a1e7a17, 
0x79fb7a1e, 0x7a0679fb, 0x7a5d7a06, 0x7aba7a5d, 0x7aca7aba, 0x7aa07aca, 0x7a9c7aa0, 0x7af17a9c, 
0x7b5c7af1, 0x7b787b5c, 0x7b477b78, 0x7b327b47, 0x7b827b32, 0x7bfc7b82, 0x7c297bfc, 0x7bf27c29, 
0x7bc77bf2, 0x7c0f7bc7, 0x7c9b7c0f, 0x7cdd7c9b, 0x7ca17cdd, 0x7c5b7ca1, 0x7c967c5b, 0x7d377c96, 
0x7d967d37, 0x7d577d96, 0x7ced7d57, 0x7d147ced, 0x7dd07d14, 0x7e597dd0, 0x7e187e59, 0x7d7b7e18, 
0x7d7e7d7b, 0x7e617d7e, 0x7f327e61, 0x7ef37f32, 0x7dfc7ef3, 0x7dba7dfc, 0x7ee17dba, 0x7fff7ee1, 
0x7fff7fff, 0x7e517fff, 0x7d3e7e51, 0x7f1b7d3e, 0x7fff7f1b, 0x7fff7fff, 0x7b087fff, 0x00007b08, 
0x84f80000, 0x800184f8, 0x80018001, 0x80e58001, 0x82c280e5, 0x81af82c2, 0x800181af, 0x80018001, 
0x811f8001, 0x8246811f, 0x82048246, 0x810d8204, 0x80ce810d, 0x819f80ce, 0x8282819f, 0x82858282, 
0x81e88285, 0x81a781e8, 0x823081a7, 0x82ec8230, 0x831382ec, 0x82a98313, 0x826a82a9, 0x82c9826a, 
0x836a82c9, 0x83a5836a, 0x835f83a5, 0x8323835f, 0x83658323, 0x83f18365, 0x843983f1, 0x840e8439, 
0x83d7840e, 0x840483d7, 0x847e8404, 0x84ce847e, 0x84b984ce, 0x848884b9, 0x84a48488, 0x850f84a4, 
0x8564850f, 0x85608564, 0x85368560, 0x85468536, 0x85a38546, 0x85fa85a3, 0x860585fa, 0x85e28605, 
0x85e985e2, 0x863985e9, 0x86918639, 0x86a88691, 0x868d86a8, 0x868d868d, 0x86d2868d, 0x872886d2, 
0x874a8728, 0x8736874a, 0x87328736, 0x876c8732, 0x87c0876c, 0x87ea87c0, 0x87df87ea, 0x87d787df, 
0x880787d7, 0x88588807, 0x88898858, 0x88868889, 0x887d8886, 0x88a4887d, 0x88f088a4, 0x892888f0, 
0x892c8928, 0x8923892c, 0x89428923, 0x898a8942, 0x89c5898a, 0x89d189c5, 0x89c989d1, 0x89e189c9, 
0x8a2389e1, 0x8a628a23, 0x8a758a62, 0x8a6e8a75, 0x8a818a6e, 0x8abe8a81, 0x8afe8abe, 0x8b188afe, 
0x8b148b18, 0x8b228b14, 0x8b598b22, 0x8b9a8b59, 0x8bba8b9a, 0x8bb98bba, 0x8bc48bb9, 0x8bf48bc4, 
0x8c358bf4, 0x8c5b8c35, 0x8c5f8c5b, 0x8c668c5f, 0x8c918c66, 0x8cd18c91, 0x8cfb8cd1, 0x8d038cfb, 
0x8d098d03, 0x8d2e8d09, 0x8d6c8d2e, 0x8d9b8d6c, 0x8da78d9b, 0x8dac8da7, 0x8dcc8dac, 0x8e088dcc, 
0x8e3a8e08, 0x8e4b8e3a, 0x8e508e4b, 0x8e6b8e50, 0x8ea38e6b, 0x8ed88ea3, 0x8eee8ed8, 0x8ef38eee, 
0x8f0b8ef3, 0x8f3f8f0b, 0x8f768f3f, 0x8f918f76, 0x8f978f91, 0x8fab8f97, 0x8fdc8fab, 0x90138fdc, 
0x90329013, 0x903b9032, 0x904c903b, 0x9078904c, 0x90b09078, 0x90d490b0, 0x90df90d4, 0x90ed90df, 
0x911690ed, 0x914d9116, 0x9174914d, 0x91829174, 0x918f9182, 0x91b3918f, 0x91ea91b3, 0x921491ea, 
0x92259214, 0x92319225, 0x92529231, 0x92869252, 0x92b49286, 0x92c892b4, 0x92d392c8, 0x92f092d3, 
0x932392f0, 0x93539323, 0x936b9353, 0x9376936b, 0x93909376, 0x93c09390, 0x93f193c0, 0x940d93f1, 
0x9419940d, 0x94309419, 0x945d9430, 0x948f945d, 0x94ae948f, 0x94bc94ae, 0x94d094bc, 0x94fb94d0, 
0x952d94fb, 0x954f952d, 0x955e954f, 0x9571955e, 0x95989571, 0x95cb9598, 0x95f095cb, 0x960195f0, 
0x96129601, 0x96369612, 0x96689636, 0x96909668, 0x96a49690, 0x96b496a4, 0x96d596b4, 0x970696d5, 
0x97309706, 0x97469730, 0x97559746, 0x97749755, 0x97a39774, 0x97cf97a3, 0x97e897cf, 0x97f897e8, 
0x981397f8, 0x98419813, 0x986e9841, 0x988a986e, 0x989a988a, 0x98b3989a, 0x98de98b3, 0x990d98de, 
0x992c990d, 0x993c992c, 0x9953993c, 0x997c9953, 0x99ab997c, 0x99cd99ab, 0x99de99cd, 0x99f399de, 
0x9a1a99f3, 0x9a499a1a, 0x9a6d9a49, 0x9a819a6d, 0x9a949a81, 0x9ab89a94, 0x9ae79ab8, 0x9b0e9ae7, 
0x9b239b0e, 0x9b359b23, 0x9b579b35, 0x9b859b57, 0x9bae9b85, 0x9bc59bae, 0x9bd79bc5, 0x9bf69bd7, 
0x9c239bf6, 0x9c4d9c23, 0x9c679c4d, 0x9c799c67, 0x9c959c79, 0x9cc19c95, 0x9cec9cc1, 0x9d089cec, 
0x9d1a9d08, 0x9d359d1a, 0x9d5f9d35, 0x9d8b9d5f, 0x9daa9d8b, 0x9dbc9daa, 0x9dd59dbc, 0x9dfd9dd5, 
0x9e2a9dfd, 0x9e4b9e2a, 0x9e5e9e4b, 0x9e759e5e, 0x9e9b9e75, 0x9ec89e9b, 0x9eeb9ec8, 0x9f009eeb, 
0x9f169f00, 0x9f3a9f16, 0x9f679f3a, 0x9f8c9f67, 0x9fa29f8c, 0x9fb79fa2, 0x9fd89fb7, 0xa0059fd8, 
0xa02ca005, 0xa044a02c, 0xa058a044, 0xa078a058, 0xa0a3a078, 0xa0cca0a3, 0xa0e6a0cc, 0xa0f9a0e6, 
0xa117a0f9, 0xa141a117, 0xa16ba141, 0xa187a16b, 0xa19ba187, 0xa1b6a19b, 0xa1dfa1b6, 0xa20aa1df, 
0xa228a20a, 0xa23da228, 0xa256a23d, 0xa27ea256, 0xa2a9a27e, 0xa2c9a2a9, 0xa2dea2c9, 0xa2f7a2de, 
0xa31ca2f7, 0xa348a31c, 0xa36aa348, 0xa380a36a, 0xa397a380, 0xa3bba397, 0xa3e6a3bb, 0xa40aa3e6, 
0xa422a40a, 0xa438a422, 0xa45aa438, 0xa485a45a, 0xa4aaa485, 0xa4c3a4aa, 0xa4d9a4c3, 0xa4f9a4d9, 
0xa523a4f9, 0xa54aa523, 0xa565a54a, 0xa57aa565, 0xa598a57a, 0xa5c1a598, 0xa5eaa5c1, 0xa606a5ea, 
0xa61ba606, 0xa638a61b, 0xa660a638, 0xa689a660, 0xa6a7a689, 0xa6bda6a7, 0xa6d7a6bd, 0xa6fea6d7, 
0xa728a6fe, 0xa748a728, 0xa75ea748, 0xa778a75e, 0xa79da778, 0xa7c7a79d, 0xa7e9a7c7, 0xa800a7e9, 
0xa818a800, 0xa83ca818, 0xa866a83c, 0xa889a866, 0xa8a1a889, 0xa8b9a8a1, 0xa8dba8b9, 0xa905a8db, 
0xa929a905, 0xa943a929, 0xa959a943, 0xa97aa959, 0xa9a3a97a, 0xa9c9a9a3, 0xa9e4a9c9, 0xa9faa9e4, 
0xaa19a9fa, 0xaa42aa19, 0xaa69aa42, 0xaa85aa69, 0xaa9caa85, 0xaab9aa9c, 0xaae0aab9, 0xab08aae0, 
0xab26ab08, 0xab3dab26, 0xab58ab3d, 0xab7fab58, 0xaba8ab7f, 0xabc7aba8, 0xabdeabc7, 0xabf8abde, 
0xac1dabf8, 0xac47ac1d, 0xac68ac47, 0xac80ac68, 0xac99ac80, 0xacbcac99, 0xace6acbc, 0xad08ace6, 
0xad21ad08, 0xad39ad21, 0xad5bad39, 0xad84ad5b, 0xada9ad84, 0xadc2ada9, 0xaddaadc2, 0xadfaadda, 
0xae23adfa, 0xae49ae23, 0xae64ae49, 0xae7bae64, 0xae9aae7b, 0xaec2ae9a, 0xaee8aec2, 0xaf05aee8, 
0xaf1caf05, 0xaf39af1c, 0xaf60af39, 0xaf88af60, 0xafa6af88, 0xafbdafa6, 0xafd9afbd, 0xafffafd9, 
0xb027afff, 0xb047b027, 0xb05eb047, 0xb079b05e, 0xb09eb079, 0xb0c6b09e, 0xb0e7b0c6, 0xb0ffb0e7, 
0xb119b0ff, 0xb13db119, 0xb165b13d, 0xb188b165, 0xb1a1b188, 0xb1bab1a1, 0xb1dcb1ba, 0xb204b1dc, 
0xb228b204, 0xb242b228, 0xb25ab242, 0xb27bb25a, 0xb2a3b27b, 0xb2c8b2a3, 0xb2e3b2c8, 0xb2fbb2e3, 
0xb31ab2fb, 0xb342b31a, 0xb368b342, 0xb384b368, 0xb39cb384, 0xb3bab39c, 0xb3e1b3ba, 0xb407b3e1, 
0xb425b407, 0xb43db425, 0xb45ab43d, 0xb47fb45a, 0xb4a7b47f, 0xb4c6b4a7, 0xb4deb4c6, 0xb4fab4de, 
0xb51eb4fa, 0xb546b51e, 0xb567b546, 0xb57fb567, 0xb59ab57f, 0xb5bdb59a, 0xb5e5b5bd, 0xb607b5e5, 
0xb620b607, 0xb63ab620, 0xb65cb63a, 0xb684b65c, 0xb6a7b684, 0xb6c2b6a7, 0xb6dbb6c2, 0xb6fbb6db, 
0xb723b6fb, 0xb747b723, 0xb763b747, 0xb77bb763, 0xb79bb77b, 0xb7c2b79b, 0xb7e7b7c2, 0xb804b7e7, 
0xb81cb804, 0xb83ab81c, 0xb861b83a, 0xb887b861, 0xb8a5b887, 0xb8bdb8a5, 0xb8dab8bd, 0xb900b8da, 
0xb926b900, 0xb945b926, 0xb95eb945, 0xb97ab95e, 0xb99fb97a, 0xb9c6b99f, 0xb9e6b9c6, 0xb9ffb9e6, 
0xba1ab9ff, 0xba3eba1a, 0xba65ba3e, 0xba87ba65, 0xbaa0ba87, 0xbababaa0, 0xbaddbaba, 0xbb04badd, 
0xbb27bb04, 0xbb41bb27, 0xbb5bbb41, 0xbb7cbb5b, 0xbba3bb7c, 0xbbc7bba3, 0xbbe2bbc7, 0xbbfbbbe2, 
0xbc1bbbfb, 0xbc42bc1b, 0xbc67bc42, 0xbc83bc67, 0xbc9cbc83, 0xbcbbbc9c, 0xbce1bcbb, 0xbd07bce1, 
0xbd24bd07, 0xbd3dbd24, 0xbd5abd3d, 0xbd80bd5a, 0xbda6bd80, 0xbdc5bda6, 0xbddebdc5, 0xbdfabdde, 
0xbe1fbdfa, 0xbe46be1f, 0xbe66be46, 0xbe7fbe66, 0xbe9abe7f, 0xbebebe9a, 0xbee5bebe, 0xbf06bee5, 
0xbf20bf06, 0xbf3bbf20, 0xbf5dbf3b, 0xbf84bf5d, 0xbfa6bf84, 0xbfc1bfa6, 0xbfdbbfc1, 0xbffcbfdb, 
0xc023bffc, 0xc046c023, 0xc062c046, 0xc07cc062, 0xc09cc07c, 0xc0c2c09c, 0xc0e6c0c2, 0xc103c0e6, 
0xc11cc103, 0xc13bc11c, 0xc161c13b, 0xc186c161, 0xc1a4c186, 0xc1bdc1a4, 0xc1dbc1bd, 0xc200c1db, 
0xc226c200, 0xc245c226, 0xc25ec245, 0xc27bc25e, 0xc29fc27b, 0xc2c5c29f, 0xc2e5c2c5, 0xc2ffc2e5, 
0xc31bc2ff, 0xc33ec31b, 0xc365c33e, 0xc386c365, 0xc3a0c386, 0xc3bbc3a0, 0xc3ddc3bb, 0xc404c3dd, 
0xc426c404, 0xc441c426, 0xc45bc441, 0xc47dc45b, 0xc4a3c47d, 0xc4c6c4a3, 0xc4e2c4c6, 0xc4fcc4e2, 
0xc51cc4fc, 0xc542c51c, 0xc566c542, 0xc583c566, 0xc59cc583, 0xc5bbc59c, 0xc5e1c5bb, 0xc606c5e1, 
0xc623c606, 0xc63dc623, 0xc65bc63d, 0xc680c65b, 0xc6a6c680, 0xc6c4c6a6, 0xc6dec6c4, 0xc6fbc6de, 
0xc71fc6fb, 0xc745c71f, 0xc765c745, 0xc77fc765, 0xc79bc77f, 0xc7bec79b, 0xc7e5c7be, 0xc805c7e5, 
0xc820c805, 0xc83bc820, 0xc85ec83b, 0xc884c85e, 0xc8a6c884, 0xc8c1c8a6, 0xc8dbc8c1, 0xc8fdc8db, 
0xc923c8fd, 0xc946c923, 0xc961c946, 0xc97cc961, 0xc99cc97c, 0xc9c2c99c, 0xc9e6c9c2, 0xca02c9e6, 
0xca1cca02, 0xca3cca1c, 0xca61ca3c, 0xca86ca61, 0xcaa3ca86, 0xcabdcaa3, 0xcadbcabd, 0xcb00cadb, 
0xcb25cb00, 0xcb44cb25, 0xcb5ecb44, 0xcb7bcb5e, 0xcb9fcb7b, 0xcbc5cb9f, 0xcbe4cbc5, 0xcbffcbe4, 
0xcc1bcbff, 0xcc3fcc1b, 0xcc64cc3f, 0xcc85cc64, 0xcc9fcc85, 0xccbbcc9f, 0xccdeccbb, 0xcd04ccde, 
0xcd25cd04, 0xcd40cd25, 0xcd5bcd40, 0xcd7dcd5b, 0xcda3cd7d, 0xcdc6cda3, 0xcde1cdc6, 0xcdfccde1, 
0xce1ccdfc, 0xce42ce1c, 0xce66ce42, 0xce82ce66, 0xce9cce82, 0xcebcce9c, 0xcee1cebc, 0xcf05cee1, 
0xcf23cf05, 0xcf3dcf23, 0xcf5ccf3d, 0xcf80cf5c, 0xcfa5cf80, 0xcfc4cfa5, 0xcfdecfc4, 0xcffbcfde, 
0xd020cffb, 0xd045d020, 0xd064d045, 0xd07fd064, 0xd09bd07f, 0xd0bfd09b, 0xd0e4d0bf, 0xd105d0e4, 
0xd11fd105, 0xd13bd11f, 0xd15ed13b, 0xd184d15e, 0xd1a5d184, 0xd1c0d1a5, 0xd1dcd1c0, 0xd1fdd1dc, 
0xd223d1fd, 0xd245d223, 0xd261d245, 0xd27cd261, 0xd29dd27c, 0xd2c2d29d, 0xd2e5d2c2, 0xd302d2e5, 
0xd31cd302, 0xd33cd31c, 0xd361d33c, 0xd385d361, 0xd3a3d385, 0xd3bdd3a3, 0xd3dcd3bd, 0xd401d3dc, 
0xd425d401, 0xd443d425, 0xd45ed443, 0xd47cd45e, 0xd4a0d47c, 0xd4c5d4a0, 0xd4e4d4c5, 0xd4fed4e4, 
0xd51bd4fe, 0xd53fd51b, 0xd564d53f, 0xd584d564, 0xd59fd584, 0xd5bbd59f, 0xd5ded5bb, 0xd604d5de, 
0xd625d604, 0xd640d625, 0xd65cd640, 0xd67dd65c, 0xd6a3d67d, 0xd6c5d6a3, 0xd6e1d6c5, 0xd6fcd6e1, 
0xd71dd6fc, 0xd742d71d, 0xd765d742, 0xd782d765, 0xd79cd782, 0xd7bcd79c, 0xd7e2d7bc, 0xd805d7e2, 
0xd822d805, 0xd83dd822, 0xd85cd83d, 0xd881d85c, 0xd8a5d881, 0xd8c3d8a5, 0xd8ded8c3, 0xd8fcd8de, 
0xd920d8fc, 0xd945d920, 0xd964d945, 0xd97ed964, 0xd99cd97e, 0xd9bfd99c, 0xd9e4d9bf, 0xda04d9e4, 
0xda1fda04, 0xda3cda1f, 0xda5eda3c, 0xda84da5e, 0xdaa5da84, 0xdac0daa5, 0xdadcdac0, 0xdafedadc, 
0xdb23dafe, 0xdb45db23, 0xdb61db45, 0xdb7cdb61, 0xdb9ddb7c, 0xdbc2db9d, 0xdbe5dbc2, 0xdc01dbe5, 
0xdc1cdc01, 0xdc3cdc1c, 0xdc62dc3c, 0xdc85dc62, 0xdca2dc85, 0xdcbddca2, 0xdcdcdcbd, 0xdd01dcdc, 
0xdd25dd01, 0xdd43dd25, 0xdd5ddd43, 0xdd7cdd5d, 0xdda0dd7c, 0xddc5dda0, 0xdde3ddc5, 0xddfedde3, 
0xde1cddfe, 0xde3fde1c, 0xde64de3f, 0xde84de64, 0xde9fde84, 0xdebcde9f, 0xdededebc, 0xdf04dede, 
0xdf24df04, 0xdf40df24, 0xdf5cdf40, 0xdf7edf5c, 0xdfa3df7e, 0xdfc5dfa3, 0xdfe0dfc5, 0xdffcdfe0, 
0xe01ddffc, 0xe042e01d, 0xe065e042, 0xe081e065, 0xe09ce081, 0xe0bde09c, 0xe0e2e0bd, 0xe105e0e2, 
0xe122e105, 0xe13de122, 0xe15ce13d, 0xe181e15c, 0xe1a5e181, 0xe1c3e1a5, 0xe1dde1c3, 0xe1fce1dd, 
0xe220e1fc, 0xe244e220, 0xe263e244, 0xe27ee263, 0xe29ce27e, 0xe2bfe29c, 0xe2e4e2bf, 0xe304e2e4, 
0xe31fe304, 0xe33ce31f, 0xe35fe33c, 0xe384e35f, 0xe3a4e384, 0xe3c0e3a4, 0xe3dce3c0, 0xe3fee3dc, 
0xe423e3fe, 0xe444e423, 0xe460e444, 0xe47ce460, 0xe49de47c, 0xe4c2e49d, 0xe4e5e4c2, 0xe501e4e5, 
0xe51ce501, 0xe53de51c, 0xe562e53d, 0xe585e562, 0xe5a2e585, 0xe5bde5a2, 0xe5dce5bd, 0xe601e5dc, 
0xe625e601, 0xe642e625, 0xe65de642, 0xe67ce65d, 0xe6a0e67c, 0xe6c4e6a0, 0xe6e3e6c4, 0xe6fee6e3, 
0xe71ce6fe, 0xe73fe71c, 0xe764e73f, 0xe784e764, 0xe79fe784, 0xe7bce79f, 0xe7dfe7bc, 0xe804e7df, 
0xe824e804, 0xe83fe824, 0xe85ce83f, 0xe87ee85c, 0xe8a3e87e, 0xe8c4e8a3, 0xe8e0e8c4, 0xe8fce8e0, 
0xe91de8fc, 0xe942e91d, 0xe965e942, 0xe981e965, 0xe99ce981, 0xe9bde99c, 0xe9e2e9bd, 0xea05e9e2, 
0xea22ea05, 0xea3dea22, 0xea5cea3d, 0xea81ea5c, 0xeaa5ea81, 0xeac2eaa5, 0xeaddeac2, 0xeafceadd, 
0xeb20eafc, 0xeb44eb20, 0xeb63eb44, 0xeb7eeb63, 0xeb9ceb7e, 0xebc0eb9c, 0xebe4ebc0, 0xec03ebe4, 
0xec1eec03, 0xec3cec1e, 0xec5fec3c, 0xec84ec5f, 0xeca4ec84, 0xecbfeca4, 0xecdcecbf, 0xecfeecdc, 
0xed23ecfe, 0xed44ed23, 0xed60ed44, 0xed7ced60, 0xed9eed7c, 0xedc3ed9e, 0xede4edc3, 0xee01ede4, 
0xee1cee01, 0xee3dee1c, 0xee62ee3d, 0xee84ee62, 0xeea1ee84, 0xeebdeea1, 0xeedceebd, 0xef01eedc, 
0xef24ef01, 0xef42ef24, 0xef5def42, 0xef7cef5d, 0xefa0ef7c, 0xefc4efa0, 0xefe3efc4, 0xeffeefe3, 
0xf01ceffe, 0xf040f01c, 0xf064f040, 0xf083f064, 0xf09ef083, 0xf0bcf09e, 0xf0dff0bc, 0xf104f0df, 
0xf124f104, 0xf13ff124, 0xf15cf13f, 0xf17ef15c, 0xf1a3f17e, 0xf1c4f1a3, 0xf1e0f1c4, 0xf1fcf1e0, 
0xf21ef1fc, 0xf243f21e, 0xf264f243, 0xf281f264, 0xf29cf281, 0xf2bdf29c, 0xf2e2f2bd, 0xf304f2e2, 
0xf321f304, 0xf33df321, 0xf35df33d, 0xf381f35d, 0xf3a4f381, 0xf3c2f3a4, 0xf3ddf3c2, 0xf3fcf3dd, 
0xf420f3fc, 0xf444f420, 0xf463f444, 0xf47ef463, 0xf49cf47e, 0xf4c0f49c, 0xf4e4f4c0, 0xf503f4e4, 
0xf51ef503, 0xf53cf51e, 0xf55ff53c, 0xf584f55f, 0xf5a4f584, 0xf5bff5a4, 0xf5dcf5bf, 0xf5fef5dc, 
0xf623f5fe, 0xf644f623, 0xf660f644, 0xf67cf660, 0xf69ef67c, 0xf6c3f69e, 0xf6e4f6c3, 0xf700f6e4, 
0xf71cf700, 0xf73df71c, 0xf762f73d, 0xf784f762, 0xf7a1f784, 0xf7bcf7a1, 0xf7ddf7bc, 0xf801f7dd, 
0xf824f801, 0xf842f824, 0xf85df842, 0xf87cf85d, 0xf8a1f87c, 0xf8c4f8a1, 0xf8e2f8c4, 0xf8fdf8e2, 
0xf91cf8fd, 0xf940f91c, 0xf964f940, 0xf983f964, 0xf99ef983, 0xf9bcf99e, 0xf9dff9bc, 0xfa04f9df, 
0xfa23fa04, 0xfa3ffa23, 0xfa5cfa3f, 0xfa7efa5c, 0xfaa3fa7e, 0xfac4faa3, 0xfadffac4, 0xfafcfadf, 
0xfb1efafc, 0xfb43fb1e, 0xfb64fb43, 0xfb80fb64, 0xfb9cfb80, 0xfbbdfb9c, 0xfbe2fbbd, 0xfc04fbe2, 
0xfc21fc04, 0xfc3cfc21, 0xfc5dfc3c, 0xfc81fc5d, 0xfca4fc81, 0xfcc2fca4, 0xfcddfcc2, 0xfcfcfcdd, 
0xfd21fcfc, 0xfd44fd21, 0xfd62fd44, 0xfd7dfd62, 0xfd9cfd7d, 0xfdc0fd9c, 0xfde4fdc0, 0xfe03fde4, 
0xfe1efe03, 0xfe3cfe1e, 0xfe5ffe3c, 0xfe84fe5f, 0xfea3fe84, 0xfebffea3, 0xfedcfebf, 0xfefffedc, 
0xff23feff, 0xff44ff23, 0xff5fff44, 0xff7cff5f, 0xff9eff7c, 0xffc3ff9e, 0xffe4ffc3, 0x0000ffe4, 
},
// Table 1, base frequency 20.601722
{
0x001e0000, 0x0043001e, 0x005b0043, 0x0087005b, 0x00980087, 0x00c90098, 0x00d600c9, 0x010a00d6, 
0x0115010a, 0x014b0115, 0x0156014b, 0x018a0156, 0x0197018a, 0x01c80197, 0x01d901c8, 0x020501d9, 
0x021c0205, 0x0242021c, 0x02600242, 0x027e0260, 0x02a3027e, 0x02bb02a3, 0x02e602bb, 0x02f802e6, 
0x032902f8, 0x03360329, 0x036a0336, 0x0375036a, 0x03ab0375, 0x03b503ab, 0x03ea03b5, 0x03f703ea, 
0x042803f7, 0x04390428, 0x04650439, 0x047c0465, 0x04a2047c, 0x04bf04a2, 0x04df04bf, 0x050304df, 
0x051b0503, 0x0546051b, 0x05580546, 0x05890558, 0x05960589, 0x05ca0596, 0x05d505ca, 0x060b05d5, 
0x0615060b, 0x064a0615, 0x0657064a, 0x06880657, 0x06990688, 0x06c60699, 0x06dc06c6, 0x070206dc, 
0x071f0702, 0x073f071f, 0x0763073f, 0x077c0763, 0x07a6077c, 0x07b907a6, 0x07e907b9, 0x07f607e9, 
0x082a07f6, 0x0835082a, 0x086b0835, 0x0875086b, 0x08aa0875, 0x08b608aa, 0x08e808b6, 0x08f908e8, 
0x092608f9, 0x093c0926, 0x0963093c, 0x097f0963, 0x099f097f, 0x09c2099f, 0x09dc09c2, 0x0a0609dc, 
0x0a190a06, 0x0a480a19, 0x0a560a48, 0x0a8a0a56, 0x0a950a8a, 0x0acb0a95, 0x0ad50acb, 0x0b0a0ad5, 
0x0b160b0a, 0x0b490b16, 0x0b580b49, 0x0b860b58, 0x0b9b0b86, 0x0bc30b9b, 0x0bdf0bc3, 0x0bff0bdf, 
0x0c220bff, 0x0c3c0c22, 0x0c660c3c, 0x0c790c66, 0x0ca80c79, 0x0cb70ca8, 0x0cea0cb7, 0x0cf50cea, 
0x0d2b0cf5, 0x0d350d2b, 0x0d6a0d35, 0x0d760d6a, 0x0da90d76, 0x0db80da9, 0x0de60db8, 0x0dfb0de6, 
0x0e230dfb, 0x0e3e0e23, 0x0e600e3e, 0x0e820e60, 0x0e9c0e82, 0x0ec50e9c, 0x0ed90ec5, 0x0f080ed9, 
0x0f170f08, 0x0f4a0f17, 0x0f550f4a, 0x0f8b0f55, 0x0f950f8b, 0x0fca0f95, 0x0fd60fca, 0x10090fd6, 
0x10181009, 0x10471018, 0x105b1047, 0x1083105b, 0x109e1083, 0x10c0109e, 0x10e210c0, 0x10fc10e2, 
0x112510fc, 0x11391125, 0x11681139, 0x11771168, 0x11aa1177, 0x11b511aa, 0x11eb11b5, 0x11f511eb, 
0x122b11f5, 0x1236122b, 0x12691236, 0x12781269, 0x12a71278, 0x12ba12a7, 0x12e412ba, 0x12fe12e4, 
0x132012fe, 0x13411320, 0x135c1341, 0x1385135c, 0x13991385, 0x13c81399, 0x13d713c8, 0x140a13d7, 
0x1415140a, 0x144b1415, 0x1455144b, 0x148b1455, 0x1496148b, 0x14c91496, 0x14d714c9, 0x150714d7, 
0x151a1507, 0x1544151a, 0x155e1544, 0x1580155e, 0x15a11580, 0x15bd15a1, 0x15e515bd, 0x15f915e5, 
0x162815f9, 0x16371628, 0x166a1637, 0x1675166a, 0x16ab1675, 0x16b516ab, 0x16eb16b5, 0x16f516eb, 
0x172a16f5, 0x1737172a, 0x17671737, 0x177a1767, 0x17a4177a, 0x17bd17a4, 0x17e117bd, 0x180117e1, 
0x181d1801, 0x1844181d, 0x185a1844, 0x1888185a, 0x18971888, 0x18ca1897, 0x18d518ca, 0x190b18d5, 
0x1915190b, 0x194b1915, 0x1955194b, 0x198a1955, 0x1997198a, 0x19c71997, 0x19da19c7, 0x1a0419da, 
0x1a1d1a04, 0x1a411a1d, 0x1a611a41, 0x1a7d1a61, 0x1aa41a7d, 0x1aba1aa4, 0x1ae71aba, 0x1af71ae7, 
0x1b2a1af7, 0x1b351b2a, 0x1b6b1b35, 0x1b741b6b, 0x1bab1b74, 0x1bb51bab, 0x1bea1bb5, 0x1bf71bea, 
0x1c281bf7, 0x1c391c28, 0x1c651c39, 0x1c7d1c65, 0x1ca11c7d, 0x1cc01ca1, 0x1cdd1cc0, 0x1d041cdd, 
0x1d1a1d04, 0x1d471d1a, 0x1d571d47, 0x1d8a1d57, 0x1d951d8a, 0x1dcb1d95, 0x1dd41dcb, 0x1e0b1dd4, 
0x1e151e0b, 0x1e4a1e15, 0x1e561e4a, 0x1e881e56, 0x1e991e88, 0x1ec51e99, 0x1edc1ec5, 0x1f011edc, 
0x1f201f01, 0x1f3e1f20, 0x1f641f3e, 0x1f7a1f64, 0x1fa71f7a, 0x1fb71fa7, 0x1fea1fb7, 0x1ff51fea, 
0x202b1ff5, 0x2034202b, 0x206b2034, 0x2074206b, 0x20aa2074, 0x20b620aa, 0x20e820b6, 0x20f920e8, 
0x212520f9, 0x213c2125, 0x2162213c, 0x21802162, 0x219e2180, 0x21c4219e, 0x21da21c4, 0x220721da, 
0x22172207, 0x224a2217, 0x2255224a, 0x228b2255, 0x2294228b, 0x22cb2294, 0x22d422cb, 0x230b22d4, 
0x2316230b, 0x23492316, 0x23582349, 0x23862358, 0x239c2386, 0x23c2239c, 0x23e023c2, 0x23fe23e0, 
0x242323fe, 0x243a2423, 0x2467243a, 0x24772467, 0x24aa2477, 0x24b524aa, 0x24eb24b5, 0x24f424eb, 
0x252c24f4, 0x2534252c, 0x256b2534, 0x2575256b, 0x25a92575, 0x25b825a9, 0x25e625b8, 0x25fb25e6, 
0x262225fb, 0x263f2622, 0x265e263f, 0x2683265e, 0x269a2683, 0x26c7269a, 0x26d726c7, 0x270a26d7, 
0x2715270a, 0x274b2715, 0x2754274b, 0x278c2754, 0x2794278c, 0x27cb2794, 0x27d527cb, 0x280927d5, 
0x28182809, 0x28462818, 0x285b2846, 0x2882285b, 0x289f2882, 0x28be289f, 0x28e328be, 0x28fb28e3, 
0x292728fb, 0x29372927, 0x29692937, 0x29752969, 0x29ab2975, 0x29b329ab, 0x29ec29b3, 0x29f429ec, 
0x2a2b29f4, 0x2a352a2b, 0x2a692a35, 0x2a772a69, 0x2aa62a77, 0x2abb2aa6, 0x2ae32abb, 0x2aff2ae3, 
0x2b1f2aff, 0x2b432b1f, 0x2b5b2b43, 0x2b862b5b, 0x2b972b86, 0x2bc92b97, 0x2bd52bc9, 0x2c0b2bd5, 
0x2c132c0b, 0x2c4c2c13, 0x2c532c4c, 0x2c8c2c53, 0x2c942c8c, 0x2cca2c94, 0x2cd72cca, 0x2d072cd7, 
0x2d1a2d07, 0x2d432d1a, 0x2d5e2d43, 0x2d7f2d5e, 0x2da22d7f, 0x2dbb2da2, 0x2de62dbb, 0x2df72de6, 
0x2e292df7, 0x2e352e29, 0x2e6c2e35, 0x2e732e6c, 0x2eac2e73, 0x2eb32eac, 0x2eec2eb3, 0x2ef42eec, 
0x2f2a2ef4, 0x2f372f2a, 0x2f672f37, 0x2f7a2f67, 0x2fa32f7a, 0x2fbe2fa3, 0x2fdf2fbe, 0x30022fdf, 
0x301b3002, 0x3046301b, 0x30573046, 0x30893057, 0x30953089, 0x30cc3095, 0x30d330cc, 0x310d30d3, 
0x3113310d, 0x314c3113, 0x3154314c, 0x318a3154, 0x3196318a, 0x31c83196, 0x31da31c8, 0x320431da, 
0x321e3204, 0x323f321e, 0x3262323f, 0x327b3262, 0x32a6327b, 0x32b732a6, 0x32e932b7, 0x32f432e9, 
0x332c32f4, 0x3333332c, 0x336d3333, 0x3372336d, 0x33ad3372, 0x33b333ad, 0x33eb33b3, 0x33f633eb, 
0x342833f6, 0x34393428, 0x34643439, 0x347d3464, 0x34a0347d, 0x34c234a0, 0x34db34c2, 0x350634db, 
0x35173506, 0x35493517, 0x35543549, 0x358c3554, 0x3592358c, 0x35cd3592, 0x35d235cd, 0x360d35d2, 
0x3613360d, 0x364b3613, 0x3655364b, 0x36883655, 0x36993688, 0x36c43699, 0x36dd36c4, 0x370036dd, 
0x37213700, 0x373c3721, 0x3766373c, 0x37783766, 0x37a93778, 0x37b437a9, 0x37ec37b4, 0x37f237ec, 
0x382d37f2, 0x3832382d, 0x386d3832, 0x3872386d, 0x38ac3872, 0x38b538ac, 0x38e938b5, 0x38f838e9, 
0x392538f8, 0x393c3925, 0x3960393c, 0x39813960, 0x399c3981, 0x39c5399c, 0x39d839c5, 0x3a0939d8, 
0x3a143a09, 0x3a4c3a14, 0x3a523a4c, 0x3a8e3a52, 0x3a913a8e, 0x3ace3a91, 0x3ad23ace, 0x3b0c3ad2, 
0x3b143b0c, 0x3b493b14, 0x3b583b49, 0x3b853b58, 0x3b9c3b85, 0x3bc13b9c, 0x3be13bc1, 0x3bfc3be1, 
0x3c253bfc, 0x3c383c25, 0x3c693c38, 0x3c743c69, 0x3cac3c74, 0x3cb23cac, 0x3cee3cb2, 0x3cf13cee, 
0x3d2e3cf1, 0x3d323d2e, 0x3d6d3d32, 0x3d743d6d, 0x3daa3d74, 0x3db73daa, 0x3de63db7, 0x3dfc3de6, 
0x3e213dfc, 0x3e403e21, 0x3e5c3e40, 0x3e853e5c, 0x3e983e85, 0x3ec93e98, 0x3ed43ec9, 0x3f0c3ed4, 
0x3f113f0c, 0x3f4e3f11, 0x3f503f4e, 0x3f8e3f50, 0x3f913f8e, 0x3fcd3f91, 0x3fd33fcd, 0x400a3fd3, 
0x4017400a, 0x40464017, 0x405b4046, 0x4081405b, 0x40a04081, 0x40bc40a0, 0x40e540bc, 0x40f840e5, 
0x412940f8, 0x41344129, 0x416d4134, 0x4171416d, 0x41af4171, 0x41b041af, 0x41ef41b0, 0x41f041ef, 
0x422e41f0, 0x4233422e, 0x426b4233, 0x4276426b, 0x42a74276, 0x42bb42a7, 0x42e242bb, 0x430042e2, 
0x431d4300, 0x4345431d, 0x43584345, 0x43894358, 0x43944389, 0x43cd4394, 0x43d143cd, 0x440f43d1, 
0x440f440f, 0x444f440f, 0x4450444f, 0x448e4450, 0x4492448e, 0x44cb4492, 0x44d544cb, 0x450744d5, 
0x451a4507, 0x4542451a, 0x455f4542, 0x457d455f, 0x45a5457d, 0x45b845a5, 0x45e945b8, 0x45f445e9, 
0x462d45f4, 0x4630462d, 0x466f4630, 0x466f466f, 0x46b0466f, 0x46af46b0, 0x46ef46af, 0x46f146ef, 
0x472c46f1, 0x4735472c, 0x47684735, 0x47794768, 0x47a34779, 0x47bf47a3, 0x47dd47bf, 0x480447dd, 
0x48184804, 0x48494818, 0x48534849, 0x488d4853, 0x4890488d, 0x48d04890, 0x48ce48d0, 0x491148ce, 
0x490f4911, 0x4950490f, 0x49504950, 0x498d4950, 0x4994498d, 0x49c94994, 0x49d949c9, 0x4a0349d9, 
0x4a1e4a03, 0x4a3e4a1e, 0x4a644a3e, 0x4a784a64, 0x4aa94a78, 0x4ab34aa9, 0x4aee4ab3, 0x4af04aee, 
0x4b304af0, 0x4b2e4b30, 0x4b714b2e, 0x4b6e4b71, 0x4bb04b6e, 0x4bb04bb0, 0x4bee4bb0, 0x4bf34bee, 
0x4c294bf3, 0x4c384c29, 0x4c644c38, 0x4c7e4c64, 0x4c9e4c7e, 0x4cc44c9e, 0x4cd84cc4, 0x4d094cd8, 
0x4d134d09, 0x4d4e4d13, 0x4d4f4d4e, 0x4d914d4f, 0x4d8d4d91, 0x4dd24d8d, 0x4dcd4dd2, 0x4e114dcd, 
0x4e0f4e11, 0x4e4e4e0f, 0x4e524e4e, 0x4e8a4e52, 0x4e974e8a, 0x4ec44e97, 0x4edd4ec4, 0x4efe4edd, 
0x4f244efe, 0x4f384f24, 0x4f694f38, 0x4f734f69, 0x4fae4f73, 0x4faf4fae, 0x4ff14faf, 0x4fec4ff1, 
0x50334fec, 0x502c5033, 0x5072502c, 0x506e5072, 0x50af506e, 0x50b250af, 0x50eb50b2, 0x50f750eb, 
0x512550f7, 0x513d5125, 0x515f513d, 0x5183515f, 0x51985183, 0x51c95198, 0x51d351c9, 0x520f51d3, 
0x520e520f, 0x5252520e, 0x524c5252, 0x5294524c, 0x528b5294, 0x52d3528b, 0x52cd52d3, 0x531052cd, 
0x53115310, 0x534c5311, 0x5356534c, 0x53865356, 0x539c5386, 0x53bf539c, 0x53e353bf, 0x53f853e3, 
0x542a53f8, 0x5432542a, 0x546f5432, 0x546e546f, 0x54b3546e, 0x54ab54b3, 0x54f554ab, 0x54ea54f5, 
0x553454ea, 0x552c5534, 0x5571552c, 0x556f5571, 0x55ad556f, 0x55b555ad, 0x55e755b5, 0x55fc55e7, 
0x562055fc, 0x56435620, 0x56585643, 0x568a5658, 0x5692568a, 0x56cf5692, 0x56cd56cf, 0x571456cd, 
0x570a5714, 0x5756570a, 0x57495756, 0x57955749, 0x578a5795, 0x57d3578a, 0x57ce57d3, 0x580e57ce, 
0x5814580e, 0x58475814, 0x585b5847, 0x5880585b, 0x58a25880, 0x58b958a2, 0x58ea58b9, 0x58f258ea, 
0x593058f2, 0x592c5930, 0x5974592c, 0x59695974, 0x59b75969, 0x59a859b7, 0x59f759a8, 0x59e959f7, 
0x5a3459e9, 0x5a2d5a34, 0x5a6f5a2d, 0x5a735a6f, 0x5aa85a73, 0x5aba5aa8, 0x5ae15aba, 0x5b025ae1, 
0x5b195b02, 0x5b4a5b19, 0x5b515b4a, 0x5b905b51, 0x5b8b5b90, 0x5bd55b8b, 0x5bc75bd5, 0x5c185bc7, 
0x5c065c18, 0x5c585c06, 0x5c475c58, 0x5c965c47, 0x5c8b5c96, 0x5cd05c8b, 0x5cd15cd0, 0x5d095cd1, 
0x5d195d09, 0x5d415d19, 0x5d625d41, 0x5d795d62, 0x5daa5d79, 0x5db15daa, 0x5df15db1, 0x5dea5df1, 
0x5e375dea, 0x5e265e37, 0x5e7a5e26, 0x5e645e7a, 0x5eba5e64, 0x5ea65eba, 0x5ef75ea6, 0x5eea5ef7, 
0x5f325eea, 0x5f305f32, 0x5f6b5f30, 0x5f785f6b, 0x5fa25f78, 0x5fc15fa2, 0x5fd95fc1, 0x600a5fd9, 
0x6010600a, 0x60526010, 0x60496052, 0x60986049, 0x60846098, 0x60db6084, 0x60c260db, 0x611c60c2, 
0x6103611c, 0x61596103, 0x61486159, 0x61946148, 0x618e6194, 0x61cc618e, 0x61d761cc, 0x620361d7, 
0x62206203, 0x62396220, 0x626a6239, 0x6270626a, 0x62b36270, 0x62a862b3, 0x62f962a8, 0x62e362f9, 
0x633d62e3, 0x6320633d, 0x637e6320, 0x6361637e, 0x63bc6361, 0x63a563bc, 0x63f663a5, 0x63ec63f6, 
0x642e63ec, 0x6435642e, 0x64646435, 0x64806464, 0x64996480, 0x64ca6499, 0x64cf64ca, 0x651464cf, 
0x65076514, 0x655b6507, 0x6540655b, 0x65a06540, 0x657e65a0, 0x65e1657e, 0x65be65e1, 0x661f65be, 
0x6602661f, 0x66596602, 0x664a6659, 0x6690664a, 0x66946690, 0x66c56694, 0x66df66c5, 0x66fa66df, 
0x672b66fa, 0x672e672b, 0x6775672e, 0x67656775, 0x67bd6765, 0x679e67bd, 0x6803679e, 0x67da6803, 
0x684467da, 0x681b6844, 0x6882681b, 0x685f6882, 0x68bc685f, 0x68a768bc, 0x68f268a7, 0x68f268f2, 
0x692768f2, 0x693e6927, 0x695a693e, 0x698b695a, 0x698d698b, 0x69d7698d, 0x69c369d7, 0x6a2069c3, 
0x69fb6a20, 0x6a6669fb, 0x6a376a66, 0x6aa86a37, 0x6a776aa8, 0x6ae66a77, 0x6abb6ae6, 0x6b1f6abb, 
0x6b046b1f, 0x6b556b04, 0x6b4f6b55, 0x6b886b4f, 0x6b9d6b88, 0x6bba6b9d, 0x6beb6bba, 0x6bec6beb, 
0x6c386bec, 0x6c206c38, 0x6c836c20, 0x6c576c83, 0x6ccb6c57, 0x6c926ccb, 0x6d0d6c92, 0x6cd16d0d, 
0x6d4b6cd1, 0x6d166d4b, 0x6d846d16, 0x6d5f6d84, 0x6db96d5f, 0x6dac6db9, 0x6deb6dac, 0x6dfb6deb, 
0x6e1b6dfb, 0x6e4c6e1b, 0x6e4b6e4c, 0x6e9b6e4b, 0x6e7d6e9b, 0x6ee76e7d, 0x6eb26ee7, 0x6f306eb2, 
0x6eec6f30, 0x6f746eec, 0x6f2b6f74, 0x6fb26f2b, 0x6f706fb2, 0x6fea6f70, 0x6fba6fea, 0x701e6fba, 
0x7008701e, 0x704e7008, 0x705a704e, 0x707b705a, 0x70ac707b, 0x70a970ac, 0x70fe70a9, 0x70d870fe, 
0x714d70d8, 0x710b714d, 0x7198710b, 0x71447198, 0x71dc7144, 0x718271dc, 0x721b7182, 0x71c7721b, 
0x725271c7, 0x72127252, 0x72847212, 0x72637284, 0x72b27263, 0x72b772b2, 0x72dc72b7, 0x730d72dc, 
0x7306730d, 0x73627306, 0x73327362, 0x73b47332, 0x736273b4, 0x74027362, 0x73987402, 0x74487398, 
0x73d67448, 0x748773d6, 0x741b7487, 0x74be741b, 0x746874be, 0x74ee7468, 0x74bb74ee, 0x751774bb, 
0x75137517, 0x753e7513, 0x756e753e, 0x7563756e, 0x75c87563, 0x758a75c8, 0x7620758a, 0x75b57620, 
0x767175b5, 0x75e87671, 0x76ba75e8, 0x762376ba, 0x76fa7623, 0x766876fa, 0x77307668, 0x76b77730, 
0x775c76b7, 0x770f775c, 0x7780770f, 0x776e7780, 0x77a0776e, 0x77d077a0, 0x77bd77d0, 0x783277bd, 
0x77dc7832, 0x789177dc, 0x78007891, 0x78e97800, 0x782c78e9, 0x7937782c, 0x78647937, 0x79797864, 
0x78a97979, 0x79ad78a9, 0x78fc79ad, 0x79d578fc, 0x795a79d5, 0x79f0795a, 0x79c379f0, 0x7a0479c3, 
0x7a337a04, 0x7a137a33, 0x7aa47a13, 0x7a227aa4, 0x7b137a22, 0x7a377b13, 0x7b797a37, 0x7a577b79, 
0x7bd17a57, 0x7a877bd1, 0x7c197a87, 0x7ac97c19, 0x7c4c7ac9, 0x7b207c4c, 0x7c6a7b20, 0x7b8c7c6a, 
0x7c747b8c, 0x7c0b7c74, 0x7c6d7c0b, 0x7c997c6d, 0x7c5a7c99, 0x7d307c5a, 0x7c427d30, 0x7dc87c42, 
0x7c2c7dc8, 0x7e597c2c, 0x7c237e59, 0x7ed97c23, 0x7c2e7ed9, 0x7f3f7c2e, 0x7c5a7f3f, 0x7f807c5a, 
0x7cad7f80, 0x7f947cad, 0x7d347f94, 0x7f707d34, 0x7df87f70, 0x7f087df8, 0x7f0b7f08, 0x7e447f0b, 
0x7fff7e44, 0x7cf37fff, 0x7fff7cf3, 0x7a7c7fff, 0x7fff7a7c, 0x74077fff, 0x7fff7407, 0x00007fff, 
0x80010000, 0x8bf98001, 0x80018bf9, 0x85848001, 0x80018584, 0x830d8001, 0x8001830d, 0x81bc8001, 
0x80f581bc, 0x80f880f5, 0x820880f8, 0x80908208, 0x82cc8090, 0x806c82cc, 0x8353806c, 0x80808353, 
0x83a68080, 0x80c183a6, 0x83d280c1, 0x812783d2, 0x83dd8127, 0x81a783dd, 0x83d481a7, 0x823883d4, 
0x83be8238, 0x82d083be, 0x83a682d0, 0x836783a6, 0x83938367, 0x83f58393, 0x838c83f5, 0x8474838c, 
0x83968474, 0x84e08396, 0x83b484e0, 0x853783b4, 0x83e78537, 0x857983e7, 0x842f8579, 0x85a9842f, 
0x848785a9, 0x85c98487, 0x84ed85c9, 0x85de84ed, 0x855c85de, 0x85ed855c, 0x85cd85ed, 0x85fc85cd, 
0x863d85fc, 0x8610863d, 0x86a68610, 0x862b86a6, 0x8704862b, 0x86538704, 0x87578653, 0x86878757, 
0x879c8687, 0x86c9879c, 0x87d486c9, 0x871787d4, 0x88008717, 0x876f8800, 0x8824876f, 0x87ce8824, 
0x884387ce, 0x88308843, 0x88608830, 0x88928860, 0x88808892, 0x88f18880, 0x88a488f1, 0x894988a4, 
0x88d08949, 0x899888d0, 0x89068998, 0x89dd8906, 0x894689dd, 0x8a188946, 0x898f8a18, 0x8a4b898f, 
0x89e08a4b, 0x8a7689e0, 0x8a388a76, 0x8a9d8a38, 0x8a928a9d, 0x8ac28a92, 0x8aed8ac2, 0x8ae98aed, 
0x8b458ae9, 0x8b128b45, 0x8b988b12, 0x8b428b98, 0x8be58b42, 0x8b798be5, 0x8c2a8b79, 0x8bb88c2a, 
0x8c688bb8, 0x8bfe8c68, 0x8c9e8bfe, 0x8c4c8c9e, 0x8cce8c4c, 0x8c9e8cce, 0x8cfa8c9e, 0x8cf38cfa, 
0x8d248cf3, 0x8d498d24, 0x8d4e8d49, 0x8d9d8d4e, 0x8d7c8d9d, 0x8dee8d7c, 0x8dae8dee, 0x8e398dae, 
0x8de58e39, 0x8e7e8de5, 0x8e248e7e, 0x8ebc8e24, 0x8e688ebc, 0x8ef58e68, 0x8eb38ef5, 0x8f288eb3, 
0x8f028f28, 0x8f578f02, 0x8f548f57, 0x8f858f54, 0x8fa68f85, 0x8fb28fa6, 0x8ff88fb2, 0x8fe28ff8, 
0x90468fe2, 0x90169046, 0x90909016, 0x904e9090, 0x90d5904e, 0x908c90d5, 0x9114908c, 0x90d09114, 
0x914e90d0, 0x9119914e, 0x91839119, 0x91659183, 0x91b59165, 0x91b491b5, 0x91e591b4, 0x920591e5, 
0x92159205, 0x92549215, 0x92479254, 0x92a19247, 0x927c92a1, 0x92ea927c, 0x92b592ea, 0x932f92b5, 
0x92f3932f, 0x936e92f3, 0x9335936e, 0x93a99335, 0x937d93a9, 0x93e0937d, 0x93c893e0, 0x941493c8, 
0x94159414, 0x94469415, 0x94639446, 0x94789463, 0x94b19478, 0x94ab94b1, 0x94fc94ab, 0x94e194fc, 
0x954594e1, 0x951a9545, 0x9589951a, 0x95589589, 0x95c99558, 0x959a95c9, 0x9605959a, 0x95e09605, 
0x963d95e0, 0x9629963d, 0x96739629, 0x96759673, 0x96a69675, 0x96c296a6, 0x96d996c2, 0x970e96d9, 
0x970e970e, 0x9759970e, 0x97449759, 0x97a19744, 0x977e97a1, 0x97e5977e, 0x97bc97e5, 0x982697bc, 
0x97fd9826, 0x986297fd, 0x98439862, 0x989b9843, 0x988b989b, 0x98d2988b, 0x98d598d2, 0x990698d5, 
0x99219906, 0x993b9921, 0x996c993b, 0x9970996c, 0x99b69970, 0x99a799b6, 0x99fe99a7, 0x99e199fe, 
0x9a4299e1, 0x9a1f9a42, 0x9a829a1f, 0x9a609a82, 0x9ac09a60, 0x9aa59ac0, 0x9af99aa5, 0x9aec9af9, 
0x9b319aec, 0x9b369b31, 0x9b679b36, 0x9b809b67, 0x9b9c9b80, 0x9bcb9b9c, 0x9bd29bcb, 0x9c149bd2, 
0x9c0a9c14, 0x9c5b9c0a, 0x9c449c5b, 0x9c9f9c44, 0x9c829c9f, 0x9ce09c82, 0x9cc39ce0, 0x9d1d9cc3, 
0x9d079d1d, 0x9d589d07, 0x9d4d9d58, 0x9d909d4d, 0x9d969d90, 0x9dc79d96, 0x9de09dc7, 0x9dfd9de0, 
0x9e299dfd, 0x9e349e29, 0x9e729e34, 0x9e6c9e72, 0x9eb89e6c, 0x9ea79eb8, 0x9efd9ea7, 0x9ee49efd, 
0x9f3e9ee4, 0x9f259f3e, 0x9f7c9f25, 0x9f689f7c, 0x9fb79f68, 0x9fae9fb7, 0x9ff09fae, 0x9ff69ff0, 
0xa0279ff6, 0xa03fa027, 0xa05ea03f, 0xa088a05e, 0xa095a088, 0xa0d0a095, 0xa0cea0d0, 0xa116a0ce, 
0xa109a116, 0xa15aa109, 0xa146a15a, 0xa19ca146, 0xa186a19c, 0xa1daa186, 0xa1c9a1da, 0xa216a1c9, 
0xa20fa216, 0xa24fa20f, 0xa256a24f, 0xa287a256, 0xa29ea287, 0xa2bfa29e, 0xa2e7a2bf, 0xa2f7a2e7, 
0xa32fa2f7, 0xa330a32f, 0xa375a330, 0xa36aa375, 0xa3b9a36a, 0xa3a8a3b9, 0xa3faa3a8, 0xa3e8a3fa, 
0xa439a3e8, 0xa42ba439, 0xa475a42b, 0xa470a475, 0xa4afa470, 0xa4b6a4af, 0xa4e7a4b6, 0xa4fea4e7, 
0xa51fa4fe, 0xa546a51f, 0xa558a546, 0xa58da558, 0xa591a58d, 0xa5d3a591, 0xa5cca5d3, 0xa617a5cc, 
0xa609a617, 0xa658a609, 0xa649a658, 0xa697a649, 0xa68ca697, 0xa6d4a68c, 0xa6d0a6d4, 0xa70ea6d0, 
0xa716a70e, 0xa747a716, 0xa75ea747, 0xa780a75e, 0xa7a5a780, 0xa7b9a7a5, 0xa7eca7b9, 0xa7f2a7ec, 
0xa832a7f2, 0xa82da832, 0xa876a82d, 0xa86ba876, 0xa8b7a86b, 0xa8aaa8b7, 0xa8f6a8aa, 0xa8eca8f6, 
0xa933a8ec, 0xa931a933, 0xa96ea931, 0xa976a96e, 0xa9a8a976, 0xa9bda9a8, 0xa9e0a9bd, 0xaa04a9e0, 
0xaa19aa04, 0xaa4baa19, 0xaa53aa4b, 0xaa91aa53, 0xaa8faa91, 0xaad4aa8f, 0xaaccaad4, 0xab16aacc, 
0xab0bab16, 0xab55ab0b, 0xab4dab55, 0xab92ab4d, 0xab91ab92, 0xabceab91, 0xabd6abce, 0xac08abd6, 
0xac1dac08, 0xac41ac1d, 0xac64ac41, 0xac7aac64, 0xacaaac7a, 0xacb4acaa, 0xacefacb4, 0xacf0acef, 
0xad33acf0, 0xad2dad33, 0xad75ad2d, 0xad6cad75, 0xadb4ad6c, 0xadaeadb4, 0xadf2adae, 0xadf1adf2, 
0xae2dadf1, 0xae37ae2d, 0xae68ae37, 0xae7dae68, 0xaea1ae7d, 0xaec3aea1, 0xaedbaec3, 0xaf09aedb, 
0xaf15af09, 0xaf4eaf15, 0xaf51af4e, 0xaf92af51, 0xaf8eaf92, 0xafd4af8e, 0xafcdafd4, 0xb014afcd, 
0xb00fb014, 0xb051b00f, 0xb052b051, 0xb08db052, 0xb097b08d, 0xb0c8b097, 0xb0dcb0c8, 0xb102b0dc, 
0xb123b102, 0xb13cb123, 0xb169b13c, 0xb176b169, 0xb1aeb176, 0xb1b2b1ae, 0xb1f1b1b2, 0xb1efb1f1, 
0xb233b1ef, 0xb22eb233, 0xb273b22e, 0xb26fb273, 0xb2b1b26f, 0xb2b2b2b1, 0xb2edb2b2, 0xb2f7b2ed, 
0xb328b2f7, 0xb33cb328, 0xb362b33c, 0xb382b362, 0xb39cb382, 0xb3c8b39c, 0xb3d7b3c8, 0xb40db3d7, 
0xb412b40d, 0xb450b412, 0xb450b450, 0xb492b450, 0xb48fb492, 0xb4d2b48f, 0xb4d0b4d2, 0xb510b4d0, 
0xb512b510, 0xb54db512, 0xb557b54d, 0xb588b557, 0xb59cb588, 0xb5c2b59c, 0xb5e2b5c2, 0xb5fdb5e2, 
0xb627b5fd, 0xb637b627, 0xb66cb637, 0xb673b66c, 0xb6b0b673, 0xb6b0b6b0, 0xb6f1b6b0, 0xb6efb6f1, 
0xb732b6ef, 0xb730b732, 0xb770b730, 0xb773b770, 0xb7adb773, 0xb7b7b7ad, 0xb7e8b7b7, 0xb7fcb7e8, 
0xb823b7fc, 0xb841b823, 0xb85db841, 0xb887b85d, 0xb898b887, 0xb8cbb898, 0xb8d4b8cb, 0xb90fb8d4, 
0xb911b90f, 0xb951b911, 0xb950b951, 0xb991b950, 0xb991b991, 0xb9d0b991, 0xb9d3b9d0, 0xba0cb9d3, 
0xba17ba0c, 0xba48ba17, 0xba5bba48, 0xba83ba5b, 0xbaa1ba83, 0xbabebaa1, 0xbae6babe, 0xbaf9bae6, 
0xbb2bbaf9, 0xbb35bb2b, 0xbb6ebb35, 0xbb72bb6e, 0xbbb0bb72, 0xbbb1bbb0, 0xbbf1bbb1, 0xbbf1bbf1, 
0xbc2fbbf1, 0xbc33bc2f, 0xbc6cbc33, 0xbc77bc6c, 0xbca8bc77, 0xbcbbbca8, 0xbce3bcbb, 0xbd00bce3, 
0xbd1ebd00, 0xbd45bd1e, 0xbd59bd45, 0xbd8abd59, 0xbd95bd8a, 0xbdcdbd95, 0xbdd2bdcd, 0xbe10bdd2, 
0xbe11be10, 0xbe50be11, 0xbe51be50, 0xbe8fbe51, 0xbe93be8f, 0xbeccbe93, 0xbed7becc, 0xbf08bed7, 
0xbf1bbf08, 0xbf44bf1b, 0xbf60bf44, 0xbf7fbf60, 0xbfa5bf7f, 0xbfbabfa5, 0xbfe9bfba, 0xbff6bfe9, 
0xc02dbff6, 0xc033c02d, 0xc06fc033, 0xc072c06f, 0xc0b0c072, 0xc0b2c0b0, 0xc0efc0b2, 0xc0f4c0ef, 
0xc12cc0f4, 0xc137c12c, 0xc168c137, 0xc17bc168, 0xc1a4c17b, 0xc1c0c1a4, 0xc1dfc1c0, 0xc204c1df, 
0xc21ac204, 0xc249c21a, 0xc256c249, 0xc28cc256, 0xc293c28c, 0xc2cec293, 0xc2d2c2ce, 0xc30fc2d2, 
0xc312c30f, 0xc34ec312, 0xc354c34e, 0xc38cc354, 0xc397c38c, 0xc3c8c397, 0xc3dbc3c8, 0xc404c3db, 
0xc41fc404, 0xc43fc41f, 0xc464c43f, 0xc47bc464, 0xc4a8c47b, 0xc4b7c4a8, 0xc4ecc4b7, 0xc4f4c4ec, 
0xc52ec4f4, 0xc532c52e, 0xc56fc532, 0xc572c56f, 0xc5aec572, 0xc5b4c5ae, 0xc5ecc5b4, 0xc5f7c5ec, 
0xc628c5f7, 0xc63bc628, 0xc664c63b, 0xc67fc664, 0xc6a0c67f, 0xc6c4c6a0, 0xc6dbc6c4, 0xc708c6db, 
0xc717c708, 0xc74bc717, 0xc754c74b, 0xc78ec754, 0xc793c78e, 0xc7cec793, 0xc7d3c7ce, 0xc80ec7d3, 
0xc814c80e, 0xc84cc814, 0xc857c84c, 0xc888c857, 0xc89ac888, 0xc8c4c89a, 0xc8dfc8c4, 0xc900c8df, 
0xc923c900, 0xc93cc923, 0xc967c93c, 0xc978c967, 0xc9abc978, 0xc9b5c9ab, 0xc9edc9b5, 0xc9f3c9ed, 
0xca2ec9f3, 0xca33ca2e, 0xca6eca33, 0xca74ca6e, 0xcaacca74, 0xcab7caac, 0xcae9cab7, 0xcafacae9, 
0xcb25cafa, 0xcb3ecb25, 0xcb60cb3e, 0xcb83cb60, 0xcb9ccb83, 0xcbc7cb9c, 0xcbd8cbc7, 0xcc0acbd8, 
0xcc15cc0a, 0xcc4dcc15, 0xcc53cc4d, 0xcc8ecc53, 0xcc93cc8e, 0xcccdcc93, 0xccd4cccd, 0xcd0cccd4, 
0xcd17cd0c, 0xcd49cd17, 0xcd5acd49, 0xcd85cd5a, 0xcd9ecd85, 0xcdc1cd9e, 0xcde2cdc1, 0xcdfccde2, 
0xce26cdfc, 0xce38ce26, 0xce6ace38, 0xce76ce6a, 0xceacce76, 0xceb4ceac, 0xceedceb4, 0xcef3ceed, 
0xcf2dcef3, 0xcf34cf2d, 0xcf6bcf34, 0xcf77cf6b, 0xcfa9cf77, 0xcfbacfa9, 0xcfe5cfba, 0xcffecfe5, 
0xd021cffe, 0xd042d021, 0xd05dd042, 0xd086d05d, 0xd099d086, 0xd0c9d099, 0xd0d6d0c9, 0xd10cd0d6, 
0xd114d10c, 0xd14dd114, 0xd154d14d, 0xd18dd154, 0xd194d18d, 0xd1cbd194, 0xd1d7d1cb, 0xd209d1d7, 
0xd21ad209, 0xd245d21a, 0xd25ed245, 0xd281d25e, 0xd2a2d281, 0xd2bdd2a2, 0xd2e6d2bd, 0xd2f9d2e6, 
0xd329d2f9, 0xd336d329, 0xd36cd336, 0xd374d36c, 0xd3add374, 0xd3b4d3ad, 0xd3edd3b4, 0xd3f5d3ed, 
0xd42bd3f5, 0xd437d42b, 0xd469d437, 0xd47ad469, 0xd4a5d47a, 0xd4bdd4a5, 0xd4e1d4bd, 0xd501d4e1, 
0xd51dd501, 0xd545d51d, 0xd55ad545, 0xd589d55a, 0xd597d589, 0xd5cbd597, 0xd5d5d5cb, 0xd60cd5d5, 
0xd614d60c, 0xd64dd614, 0xd655d64d, 0xd68bd655, 0xd697d68b, 0xd6c9d697, 0xd6d9d6c9, 0xd705d6d9, 
0xd71dd705, 0xd742d71d, 0xd761d742, 0xd77ed761, 0xd7a5d77e, 0xd7bad7a5, 0xd7e8d7ba, 0xd7f7d7e8, 
0xd82bd7f7, 0xd835d82b, 0xd86cd835, 0xd874d86c, 0xd8acd874, 0xd8b5d8ac, 0xd8ebd8b5, 0xd8f6d8eb, 
0xd929d8f6, 0xd939d929, 0xd966d939, 0xd97dd966, 0xd9a2d97d, 0xd9c1d9a2, 0xd9ded9c1, 0xda05d9de, 
0xda1ada05, 0xda48da1a, 0xda57da48, 0xda8bda57, 0xda95da8b, 0xdaccda95, 0xdad4dacc, 0xdb0cdad4, 
0xdb15db0c, 0xdb4bdb15, 0xdb56db4b, 0xdb89db56, 0xdb99db89, 0xdbc6db99, 0xdbdddbc6, 0xdc02dbdd, 
0xdc20dc02, 0xdc3edc20, 0xdc64dc3e, 0xdc7adc64, 0xdca8dc7a, 0xdcb7dca8, 0xdceadcb7, 0xdcf5dcea, 
0xdd2cdcf5, 0xdd35dd2c, 0xdd6cdd35, 0xdd75dd6c, 0xddabdd75, 0xddb6ddab, 0xdde9ddb6, 0xddf9dde9, 
0xde26ddf9, 0xde3cde26, 0xde62de3c, 0xde80de62, 0xde9ede80, 0xdec4de9e, 0xdedbdec4, 0xdf07dedb, 
0xdf18df07, 0xdf4adf18, 0xdf56df4a, 0xdf8cdf56, 0xdf95df8c, 0xdfccdf95, 0xdfd5dfcc, 0xe00bdfd5, 
0xe016e00b, 0xe049e016, 0xe059e049, 0xe086e059, 0xe09ce086, 0xe0c2e09c, 0xe0e0e0c2, 0xe0ffe0e0, 
0xe124e0ff, 0xe13be124, 0xe167e13b, 0xe178e167, 0xe1aae178, 0xe1b6e1aa, 0xe1ebe1b6, 0xe1f5e1eb, 
0xe22ce1f5, 0xe235e22c, 0xe26be235, 0xe276e26b, 0xe2a9e276, 0xe2b9e2a9, 0xe2e6e2b9, 0xe2fce2e6, 
0xe323e2fc, 0xe340e323, 0xe35fe340, 0xe383e35f, 0xe39be383, 0xe3c7e39b, 0xe3d8e3c7, 0xe409e3d8, 
0xe416e409, 0xe44be416, 0xe455e44b, 0xe48ce455, 0xe495e48c, 0xe4cbe495, 0xe4d6e4cb, 0xe509e4d6, 
0xe519e509, 0xe546e519, 0xe55ce546, 0xe583e55c, 0xe59fe583, 0xe5bfe59f, 0xe5e3e5bf, 0xe5fce5e3, 
0xe626e5fc, 0xe639e626, 0xe669e639, 0xe676e669, 0xe6abe676, 0xe6b5e6ab, 0xe6ebe6b5, 0xe6f5e6eb, 
0xe72be6f5, 0xe736e72b, 0xe769e736, 0xe778e769, 0xe7a6e778, 0xe7bce7a6, 0xe7e3e7bc, 0xe7ffe7e3, 
0xe81fe7ff, 0xe843e81f, 0xe85ce843, 0xe886e85c, 0xe899e886, 0xe8c9e899, 0xe8d6e8c9, 0xe90be8d6, 
0xe915e90b, 0xe94be915, 0xe955e94b, 0xe98be955, 0xe996e98b, 0xe9c9e996, 0xe9d8e9c9, 0xea07e9d8, 
0xea1bea07, 0xea43ea1b, 0xea5fea43, 0xea80ea5f, 0xeaa2ea80, 0xeabceaa2, 0xeae6eabc, 0xeaf9eae6, 
0xeb29eaf9, 0xeb37eb29, 0xeb6aeb37, 0xeb75eb6a, 0xebabeb75, 0xebb5ebab, 0xebebebb5, 0xebf6ebeb, 
0xec29ebf6, 0xec38ec29, 0xec67ec38, 0xec7bec67, 0xeca4ec7b, 0xecbfeca4, 0xece0ecbf, 0xed02ece0, 
0xed1ced02, 0xed46ed1c, 0xed59ed46, 0xed88ed59, 0xed97ed88, 0xedcaed97, 0xedd5edca, 0xee0bedd5, 
0xee15ee0b, 0xee4bee15, 0xee56ee4b, 0xee89ee56, 0xee98ee89, 0xeec7ee98, 0xeedbeec7, 0xef04eedb, 
0xef1eef04, 0xef40ef1e, 0xef62ef40, 0xef7def62, 0xefa5ef7d, 0xefb9efa5, 0xefe8efb9, 0xeff7efe8, 
0xf02aeff7, 0xf036f02a, 0xf06bf036, 0xf075f06b, 0xf0abf075, 0xf0b6f0ab, 0xf0e9f0b6, 0xf0f8f0e9, 
0xf127f0f8, 0xf13bf127, 0xf164f13b, 0xf17ef164, 0xf1a0f17e, 0xf1c2f1a0, 0xf1ddf1c2, 0xf205f1dd, 
0xf21af205, 0xf248f21a, 0xf257f248, 0xf28af257, 0xf296f28a, 0xf2cbf296, 0xf2d5f2cb, 0xf30bf2d5, 
0xf316f30b, 0xf349f316, 0xf358f349, 0xf387f358, 0xf39af387, 0xf3c4f39a, 0xf3def3c4, 0xf401f3de, 
0xf421f401, 0xf43df421, 0xf465f43d, 0xf47af465, 0xf4a8f47a, 0xf4b7f4a8, 0xf4eaf4b7, 0xf4f6f4ea, 
0xf52bf4f6, 0xf535f52b, 0xf56bf535, 0xf576f56b, 0xf5aaf576, 0xf5b8f5aa, 0xf5e7f5b8, 0xf5faf5e7, 
0xf624f5fa, 0xf63ef624, 0xf661f63e, 0xf681f661, 0xf69df681, 0xf6c4f69d, 0xf6daf6c4, 0xf707f6da, 
0xf718f707, 0xf74af718, 0xf756f74a, 0xf78bf756, 0xf795f78b, 0xf7cbf795, 0xf7d6f7cb, 0xf80af7d6, 
0xf817f80a, 0xf847f817, 0xf85af847, 0xf884f85a, 0xf89df884, 0xf8c1f89d, 0xf8e1f8c1, 0xf8fef8e1, 
0xf924f8fe, 0xf93af924, 0xf967f93a, 0xf978f967, 0xf9a9f978, 0xf9b6f9a9, 0xf9ebf9b6, 0xf9f5f9eb, 
0xfa2bf9f5, 0xfa36fa2b, 0xfa6afa36, 0xfa77fa6a, 0xfaa8fa77, 0xfabafaa8, 0xfae5faba, 0xfafdfae5, 
0xfb21fafd, 0xfb41fb21, 0xfb5efb41, 0xfb84fb5e, 0xfb9bfb84, 0xfbc7fb9b, 0xfbd8fbc7, 0xfc09fbd8, 
0xfc16fc09, 0xfc4bfc16, 0xfc55fc4b, 0xfc8bfc55, 0xfc96fc8b, 0xfccafc96, 0xfcd7fcca, 0xfd08fcd7, 
0xfd1afd08, 0xfd45fd1a, 0xfd5dfd45, 0xfd82fd5d, 0xfda0fd82, 0xfdbefda0, 0xfde4fdbe, 0xfdfbfde4, 
0xfe27fdfb, 0xfe38fe27, 0xfe69fe38, 0xfe76fe69, 0xfeaafe76, 0xfeb5feaa, 0xfeebfeb5, 0xfef6feeb, 
0xff2afef6, 0xff37ff2a, 0xff68ff37, 0xff79ff68, 0xffa5ff79, 0xffbdffa5, 0xffe2ffbd, 0x0000ffe2, 
},
// Table 2, base frequency 51.913087
{
0x00390000, 0x00530039, 0x00550053, 0x00650055, 0x00960065, 0x00d40096, 0x00f900d4, 0x00ff00f9, 
0x010700ff, 0x012e0107, 0x016c012e, 0x019b016c, 0x01a9019b, 0x01ac01a9, 0x01c801ac, 0x020201c8, 
0x023a0202, 0x0251023a, 0x02530251, 0x02650253, 0x02980265, 0x02d50298, 0x02f802d5, 0x02fd02f8, 
0x030602fd, 0x032f0306, 0x036d032f, 0x039b036d, 0x03a7039b, 0x03aa03a7, 0x03c903aa, 0x040403c9, 
0x043a0404, 0x0450043a, 0x04520450, 0x04650452, 0x049a0465, 0x04d6049a, 0x04f704d6, 0x04fb04f7, 
0x050504fb, 0x05310505, 0x056f0531, 0x059b056f, 0x05a5059b, 0x05a905a5, 0x05ca05a9, 0x060605ca, 
0x063b0606, 0x064e063b, 0x0650064e, 0x06660650, 0x069c0666, 0x06d7069c, 0x06f606d7, 0x06f906f6, 
0x070506f9, 0x07320705, 0x07710732, 0x079a0771, 0x07a3079a, 0x07a807a3, 0x07cb07a8, 0x080807cb, 
0x083b0808, 0x084d083b, 0x084e084d, 0x0866084e, 0x089e0866, 0x08d8089e, 0x08f408d8, 0x08f708f4, 
0x090508f7, 0x09340905, 0x09720934, 0x099a0972, 0x09a1099a, 0x09a709a1, 0x09cc09a7, 0x0a0a09cc, 
0x0a3b0a0a, 0x0a4b0a3b, 0x0a4d0a4b, 0x0a670a4d, 0x0aa00a67, 0x0ad90aa0, 0x0af30ad9, 0x0af50af3, 
0x0b050af5, 0x0b360b05, 0x0b740b36, 0x0b990b74, 0x0b9f0b99, 0x0ba60b9f, 0x0bcd0ba6, 0x0c0c0bcd, 
0x0c3b0c0c, 0x0c490c3b, 0x0c4b0c49, 0x0c670c4b, 0x0ca20c67, 0x0cda0ca2, 0x0cf20cda, 0x0cf30cf2, 
0x0d050cf3, 0x0d380d05, 0x0d750d38, 0x0d980d75, 0x0d9d0d98, 0x0da60d9d, 0x0dcf0da6, 0x0e0d0dcf, 
0x0e3b0e0d, 0x0e470e3b, 0x0e4a0e47, 0x0e680e4a, 0x0ea40e68, 0x0edb0ea4, 0x0ef00edb, 0x0ef10ef0, 
0x0f050ef1, 0x0f3a0f05, 0x0f760f3a, 0x0f970f76, 0x0f9b0f97, 0x0fa50f9b, 0x0fd00fa5, 0x100f0fd0, 
0x103b100f, 0x1045103b, 0x10491045, 0x10691049, 0x10a61069, 0x10db10a6, 0x10ee10db, 0x10f010ee, 
0x110510f0, 0x113c1105, 0x1178113c, 0x11961178, 0x11991196, 0x11a41199, 0x11d211a4, 0x121111d2, 
0x123b1211, 0x1243123b, 0x12481243, 0x126a1248, 0x12a8126a, 0x12dc12a8, 0x12ed12dc, 0x12ee12ed, 
0x130512ee, 0x133e1305, 0x1379133e, 0x13951379, 0x13971395, 0x13a41397, 0x13d413a4, 0x141313d4, 
0x143a1413, 0x1441143a, 0x14461441, 0x146b1446, 0x14aa146b, 0x14dc14aa, 0x14eb14dc, 0x14ec14eb, 
0x150614ec, 0x15401506, 0x157a1540, 0x1594157a, 0x15951594, 0x15a41595, 0x15d615a4, 0x161415d6, 
0x16391614, 0x163f1639, 0x1645163f, 0x166d1645, 0x16ac166d, 0x16dc16ac, 0x16e916dc, 0x16eb16e9, 
0x170716eb, 0x17421707, 0x177b1742, 0x1792177b, 0x17931792, 0x17a41793, 0x17d717a4, 0x181617d7, 
0x18391816, 0x183d1839, 0x1845183d, 0x186e1845, 0x18ae186e, 0x18dc18ae, 0x18e718dc, 0x18e918e7, 
0x190718e9, 0x19441907, 0x197b1944, 0x1991197b, 0x19911991, 0x19a41991, 0x19d919a4, 0x1a1719d9, 
0x1a381a17, 0x1a3b1a38, 0x1a441a3b, 0x1a701a44, 0x1ab01a70, 0x1adc1ab0, 0x1ae51adc, 0x1ae81ae5, 
0x1b081ae8, 0x1b461b08, 0x1b7c1b46, 0x1b8f1b7c, 0x1b8f1b8f, 0x1ba41b8f, 0x1bdb1ba4, 0x1c181bdb, 
0x1c371c18, 0x1c391c37, 0x1c431c39, 0x1c711c43, 0x1cb11c71, 0x1cdc1cb1, 0x1ce31cdc, 0x1ce61ce3, 
0x1d091ce6, 0x1d481d09, 0x1d7d1d48, 0x1d8d1d7d, 0x1d8d1d8d, 0x1da41d8d, 0x1dde1da4, 0x1e1a1dde, 
0x1e361e1a, 0x1e361e36, 0x1e431e36, 0x1e731e43, 0x1eb31e73, 0x1edb1eb3, 0x1ee11edb, 0x1ee51ee1, 
0x1f0a1ee5, 0x1f4a1f0a, 0x1f7d1f4a, 0x1f8b1f7d, 0x1f8b1f8b, 0x1fa51f8b, 0x1fe01fa5, 0x201b1fe0, 
0x2034201b, 0x20342034, 0x20422034, 0x20752042, 0x20b52075, 0x20db20b5, 0x20df20db, 0x20e420df, 
0x210c20e4, 0x214c210c, 0x217d214c, 0x2189217d, 0x218a2189, 0x21a5218a, 0x21e221a5, 0x221c21e2, 
0x2233221c, 0x22322233, 0x22422232, 0x22772242, 0x22b72277, 0x22da22b7, 0x22dd22da, 0x22e322dd, 
0x230d22e3, 0x234e230d, 0x237d234e, 0x2387237d, 0x23882387, 0x23a62388, 0x23e423a6, 0x241d23e4, 
0x2431241d, 0x24302431, 0x24422430, 0x24792442, 0x24b82479, 0x24d924b8, 0x24da24d9, 0x24e224da, 
0x250f24e2, 0x2550250f, 0x257d2550, 0x2585257d, 0x25862585, 0x25a72586, 0x25e625a7, 0x261e25e6, 
0x2630261e, 0x262e2630, 0x2642262e, 0x267b2642, 0x26ba267b, 0x26d826ba, 0x26d826d8, 0x26e126d8, 
0x271026e1, 0x27522710, 0x277d2752, 0x2783277d, 0x27852783, 0x27a82785, 0x27e827a8, 0x281e27e8, 
0x282e281e, 0x282c282e, 0x2842282c, 0x287d2842, 0x28bb287d, 0x28d728bb, 0x28d628d7, 0x28e128d6, 
0x291228e1, 0x29542912, 0x297d2954, 0x2981297d, 0x29832981, 0x29a92983, 0x29eb29a9, 0x2a1f29eb, 
0x2a2c2a1f, 0x2a2a2a2c, 0x2a432a2a, 0x2a7f2a43, 0x2abd2a7f, 0x2ad62abd, 0x2ad32ad6, 0x2ae02ad3, 
0x2b142ae0, 0x2b562b14, 0x2b7c2b56, 0x2b7f2b7c, 0x2b822b7f, 0x2baa2b82, 0x2bed2baa, 0x2c1f2bed, 
0x2c2a2c1f, 0x2c282c2a, 0x2c432c28, 0x2c822c43, 0x2cbe2c82, 0x2cd42cbe, 0x2cd12cd4, 0x2ce02cd1, 
0x2d162ce0, 0x2d582d16, 0x2d7c2d58, 0x2d7c2d7c, 0x2d812d7c, 0x2dac2d81, 0x2def2dac, 0x2e1f2def, 
0x2e282e1f, 0x2e262e28, 0x2e442e26, 0x2e842e44, 0x2ebf2e84, 0x2ed32ebf, 0x2ecf2ed3, 0x2ee02ecf, 
0x2f182ee0, 0x2f5a2f18, 0x2f7b2f5a, 0x2f7a2f7b, 0x2f802f7a, 0x2fad2f80, 0x2ff22fad, 0x30202ff2, 
0x30263020, 0x30243026, 0x30453024, 0x30873045, 0x30c03087, 0x30d130c0, 0x30cd30d1, 0x30e030cd, 
0x311b30e0, 0x315c311b, 0x317a315c, 0x3177317a, 0x317f3177, 0x31af317f, 0x31f431af, 0x321f31f4, 
0x3223321f, 0x32233223, 0x32463223, 0x32893246, 0x32c13289, 0x32cf32c1, 0x32ca32cf, 0x32e032ca, 
0x331d32e0, 0x335d331d, 0x3379335d, 0x33753379, 0x337e3375, 0x33b1337e, 0x33f633b1, 0x341f33f6, 
0x3421341f, 0x34213421, 0x34473421, 0x348c3447, 0x34c1348c, 0x34cd34c1, 0x34c834cd, 0x34e034c8, 
0x351f34e0, 0x355f351f, 0x3578355f, 0x35723578, 0x357d3572, 0x35b3357d, 0x35f835b3, 0x361f35f8, 
0x361f361f, 0x361f361f, 0x3648361f, 0x368e3648, 0x36c2368e, 0x36cb36c2, 0x36c636cb, 0x36e036c6, 
0x372236e0, 0x37613722, 0x37763761, 0x37703776, 0x377d3770, 0x37b5377d, 0x37fb37b5, 0x381e37fb, 
0x381c381e, 0x381e381c, 0x384a381e, 0x3891384a, 0x38c33891, 0x38c938c3, 0x38c438c9, 0x38e138c4, 
0x392538e1, 0x39623925, 0x39753962, 0x396d3975, 0x397c396d, 0x39b7397c, 0x39fd39b7, 0x3a1e39fd, 
0x3a193a1e, 0x3a1d3a19, 0x3a4b3a1d, 0x3a933a4b, 0x3ac33a93, 0x3ac63ac3, 0x3ac13ac6, 0x3ae23ac1, 
0x3b273ae2, 0x3b633b27, 0x3b733b63, 0x3b6a3b73, 0x3b7c3b6a, 0x3bba3b7c, 0x3bff3bba, 0x3c1d3bff, 
0x3c163c1d, 0x3c1b3c16, 0x3c4d3c1b, 0x3c963c4d, 0x3cc33c96, 0x3cc43cc3, 0x3cbf3cc4, 0x3ce33cbf, 
0x3d2a3ce3, 0x3d643d2a, 0x3d713d64, 0x3d683d71, 0x3d7c3d68, 0x3dbc3d7c, 0x3e013dbc, 0x3e1c3e01, 
0x3e143e1c, 0x3e1a3e14, 0x3e4f3e1a, 0x3e993e4f, 0x3ec33e99, 0x3ec13ec3, 0x3ebd3ec1, 0x3ee43ebd, 
0x3f2d3ee4, 0x3f653f2d, 0x3f6f3f65, 0x3f653f6f, 0x3f7c3f65, 0x3fbf3f7c, 0x40033fbf, 0x401b4003, 
0x4011401b, 0x40194011, 0x40514019, 0x409b4051, 0x40c3409b, 0x40be40c3, 0x40bb40be, 0x40e540bb, 
0x413040e5, 0x41664130, 0x416c4166, 0x4162416c, 0x417c4162, 0x41c2417c, 0x420541c2, 0x42194205, 
0x420e4219, 0x4218420e, 0x42544218, 0x429e4254, 0x42c2429e, 0x42bb42c2, 0x42b942bb, 0x42e742b9, 
0x433342e7, 0x43674333, 0x436a4367, 0x4360436a, 0x437d4360, 0x43c5437d, 0x440643c5, 0x44174406, 
0x440b4417, 0x4418440b, 0x44564418, 0x44a14456, 0x44c244a1, 0x44b844c2, 0x44b844b8, 0x44e844b8, 
0x453644e8, 0x45684536, 0x45674568, 0x455d4567, 0x457d455d, 0x45c8457d, 0x460845c8, 0x46164608, 
0x46074616, 0x46174607, 0x46594617, 0x46a34659, 0x46c146a3, 0x46b546c1, 0x46b646b5, 0x46ea46b6, 
0x473946ea, 0x47684739, 0x47644768, 0x475a4764, 0x477e475a, 0x47cb477e, 0x480a47cb, 0x4813480a, 
0x48044813, 0x48174804, 0x485c4817, 0x48a6485c, 0x48c048a6, 0x48b248c0, 0x48b448b2, 0x48ed48b4, 
0x493c48ed, 0x4968493c, 0x49614968, 0x49584961, 0x497f4958, 0x49cf497f, 0x4a0b49cf, 0x4a114a0b, 
0x4a014a11, 0x4a164a01, 0x4a5f4a16, 0x4aa84a5f, 0x4abf4aa8, 0x4aae4abf, 0x4ab34aae, 0x4aef4ab3, 
0x4b404aef, 0x4b684b40, 0x4b5e4b68, 0x4b554b5e, 0x4b814b55, 0x4bd24b81, 0x4c0d4bd2, 0x4c0f4c0d, 
0x4bfd4c0f, 0x4c164bfd, 0x4c624c16, 0x4cab4c62, 0x4cbd4cab, 0x4cab4cbd, 0x4cb14cab, 0x4cf24cb1, 
0x4d434cf2, 0x4d684d43, 0x4d5b4d68, 0x4d534d5b, 0x4d824d53, 0x4dd64d82, 0x4e0e4dd6, 0x4e0c4e0e, 
0x4dfa4e0c, 0x4e174dfa, 0x4e664e17, 0x4ead4e66, 0x4ebc4ead, 0x4ea74ebc, 0x4eb04ea7, 0x4ef44eb0, 
0x4f464ef4, 0x4f684f46, 0x4f574f68, 0x4f504f57, 0x4f844f50, 0x4fda4f84, 0x500f4fda, 0x5009500f, 
0x4ff75009, 0x50174ff7, 0x506a5017, 0x50b0506a, 0x50ba50b0, 0x50a350ba, 0x50af50a3, 0x50f850af, 
0x514a50f8, 0x5167514a, 0x51535167, 0x514e5153, 0x5186514e, 0x51de5186, 0x521051de, 0x52055210, 
0x51f35205, 0x521851f3, 0x526e5218, 0x52b2526e, 0x52b752b2, 0x529f52b7, 0x52ae529f, 0x52fb52ae, 
0x534d52fb, 0x5367534d, 0x534f5367, 0x534b534f, 0x5388534b, 0x53e25388, 0x541153e2, 0x54025411, 
0x53ef5402, 0x541953ef, 0x54725419, 0x54b45472, 0x54b554b4, 0x549a54b5, 0x54ae549a, 0x54ff54ae, 
0x555154ff, 0x55665551, 0x554a5566, 0x5549554a, 0x558b5549, 0x55e7558b, 0x561155e7, 0x55fe5611, 
0x55ec55fe, 0x561a55ec, 0x5677561a, 0x56b75677, 0x56b256b7, 0x569656b2, 0x56ad5696, 0x570356ad, 
0x57555703, 0x57645755, 0x57465764, 0x57475746, 0x578e5747, 0x57eb578e, 0x581257eb, 0x57fa5812, 
0x57e857fa, 0x581b57e8, 0x587b581b, 0x58b9587b, 0x58af58b9, 0x589158af, 0x58ad5891, 0x590758ad, 
0x59585907, 0x59635958, 0x59415963, 0x59455941, 0x59925945, 0x59f05992, 0x5a1259f0, 0x59f55a12, 
0x59e459f5, 0x5a1d59e4, 0x5a815a1d, 0x5abb5a81, 0x5aab5abb, 0x5a8c5aab, 0x5aad5a8c, 0x5b0c5aad, 
0x5b5c5b0c, 0x5b615b5c, 0x5b3b5b61, 0x5b425b3b, 0x5b955b42, 0x5bf55b95, 0x5c125bf5, 0x5bf05c12, 
0x5be05bf0, 0x5c1f5be0, 0x5c865c1f, 0x5cbd5c86, 0x5ca75cbd, 0x5c875ca7, 0x5cad5c87, 0x5d125cad, 
0x5d605d12, 0x5d5e5d60, 0x5d355d5e, 0x5d405d35, 0x5d9a5d40, 0x5dfa5d9a, 0x5e125dfa, 0x5dea5e12, 
0x5ddc5dea, 0x5e225ddc, 0x5e8c5e22, 0x5ebf5e8c, 0x5ea25ebf, 0x5e815ea2, 0x5ead5e81, 0x5f175ead, 
0x5f645f17, 0x5f5b5f64, 0x5f2f5f5b, 0x5f3e5f2f, 0x5f9f5f3e, 0x60005f9f, 0x60116000, 0x5fe46011, 
0x5fd85fe4, 0x60255fd8, 0x60936025, 0x60c16093, 0x609d60c1, 0x607c609d, 0x60ae607c, 0x611e60ae, 
0x6168611e, 0x61586168, 0x61286158, 0x613d6128, 0x61a4613d, 0x620661a4, 0x62106206, 0x61dd6210, 
0x61d461dd, 0x622861d4, 0x629a6228, 0x62c3629a, 0x629862c3, 0x62756298, 0x62af6275, 0x632562af, 
0x636d6325, 0x6354636d, 0x63216354, 0x633b6321, 0x63aa633b, 0x640c63aa, 0x640f640c, 0x63d6640f, 
0x63d063d6, 0x642d63d0, 0x64a1642d, 0x64c464a1, 0x649164c4, 0x646f6491, 0x64b0646f, 0x652d64b0, 
0x6571652d, 0x65506571, 0x65196550, 0x65396519, 0x65b16539, 0x661365b1, 0x660d6613, 0x65cd660d, 
0x65cb65cd, 0x663165cb, 0x66aa6631, 0x66c666aa, 0x668a66c6, 0x6667668a, 0x66b26667, 0x673666b2, 
0x67766736, 0x674a6776, 0x6710674a, 0x67386710, 0x67b96738, 0x681b67b9, 0x680b681b, 0x67c4680b, 
0x67c667c4, 0x683767c6, 0x68b36837, 0x68c768b3, 0x688168c7, 0x685f6881, 0x68b5685f, 0x694068b5, 
0x697b6940, 0x6944697b, 0x69066944, 0x69366906, 0x69c26936, 0x6a2369c2, 0x6a086a23, 0x69b96a08, 
0x69c069b9, 0x6a3e69c0, 0x6abe6a3e, 0x6ac96abe, 0x6a776ac9, 0x6a566a77, 0x6ab86a56, 0x6b4c6ab8, 
0x6b816b4c, 0x6b3c6b81, 0x6afa6b3c, 0x6b356afa, 0x6bcd6b35, 0x6c2d6bcd, 0x6c046c2d, 0x6bac6c04, 
0x6bba6bac, 0x6c466bba, 0x6ccb6c46, 0x6cca6ccb, 0x6c6b6cca, 0x6c4c6c6b, 0x6cbc6c4c, 0x6d596cbc, 
0x6d876d59, 0x6d336d87, 0x6ced6d33, 0x6d346ced, 0x6dda6d34, 0x6e386dda, 0x6e006e38, 0x6d9d6e00, 
0x6db46d9d, 0x6e506db4, 0x6ed96e50, 0x6ecb6ed9, 0x6e5d6ecb, 0x6e406e5d, 0x6ec16e40, 0x6f696ec1, 
0x6f8e6f69, 0x6f286f8e, 0x6edd6f28, 0x6f336edd, 0x6fea6f33, 0x70456fea, 0x6ffa7045, 0x6f8b6ffa, 
0x6fac6f8b, 0x705d6fac, 0x70eb705d, 0x70cc70eb, 0x704b70cc, 0x7032704b, 0x70c87032, 0x717d70c8, 
0x7197717d, 0x711a7197, 0x70c9711a, 0x713270c9, 0x71fd7132, 0x725571fd, 0x71f27255, 0x717571f2, 
0x71a27175, 0x726d71a2, 0x7301726d, 0x72cc7301, 0x723572cc, 0x72207235, 0x72d17220, 0x739772d1, 
0x73a17397, 0x730873a1, 0x72b07308, 0x733272b0, 0x74167332, 0x74697416, 0x73e77469, 0x735873e7, 
0x73977358, 0x74827397, 0x751d7482, 0x74cd751d, 0x741874cd, 0x74097418, 0x74de7409, 0x75b974de, 
0x75af75b9, 0x74ef75af, 0x748f74ef, 0x7532748f, 0x76397532, 0x76847639, 0x75d87684, 0x753075d8, 
0x75877530, 0x769f7587, 0x7744769f, 0x76cc7744, 0x75ef76cc, 0x75e975ef, 0x76f075e9, 0x77e876f0, 
0x77c177e8, 0x76cc77c1, 0x766076cc, 0x77327660, 0x786b7732, 0x78ab786b, 0x77c278ab, 0x76f677c2, 
0x777176f6, 0x78cb7771, 0x797e78cb, 0x78cb797e, 0x77b178cb, 0x77b977b1, 0x790c77b9, 0x7a31790c, 
0x79dc7a31, 0x789479dc, 0x78177894, 0x79347817, 0x7abb7934, 0x7ae87abb, 0x799d7ae8, 0x7897799d, 
0x794e7897, 0x7b15794e, 0x7bdf7b15, 0x7ac87bdf, 0x79467ac8, 0x79677946, 0x7b3f7967, 0x7cb27b3f, 
0x7c0c7cb2, 0x7a2d7c0c, 0x79917a2d, 0x7b3a7991, 0x7d527b3a, 0x7d5b7d52, 0x7b527d5b, 0x79dc7b52, 
0x7b0a79dc, 0x7dae7b0a, 0x7ea67dae, 0x7cbd7ea6, 0x7a5e7cbd, 0x7ab87a5e, 0x7db77ab8, 0x7fdb7db7, 
0x7e747fdb, 0x7b2e7e74, 0x7a487b2e, 0x7d537a48, 0x7fff7d53, 0x7fff7fff, 0x7c6f7fff, 0x79b57c6f, 
0x7c5179b5, 0x7fff7c51, 0x7fff7fff, 0x7e6b7fff, 0x78d37e6b, 0x7a1a78d3, 0x7fff7a1a, 0x7fff7fff, 
0x7fff7fff, 0x768c7fff, 0x73d8768c, 0x7fff73d8, 0x7fff7fff, 0x7fff7fff, 0x59117fff, 0x00005911, 
0xa6ef0000, 0x8001a6ef, 0x80018001, 0x80018001, 0x8c288001, 0x89748c28, 0x80018974, 0x80018001, 
0x80018001, 0x85e68001, 0x872d85e6, 0x8195872d, 0x80018195, 0x80018001, 0x83af8001, 0x864b83af, 
0x8391864b, 0x80018391, 0x80018001, 0x82ad8001, 0x85b882ad, 0x84d285b8, 0x818c84d2, 0x8025818c, 
0x82498025, 0x85488249, 0x85a28548, 0x834385a2, 0x815a8343, 0x8252815a, 0x84f68252, 0x862484f6, 
0x84ae8624, 0x82a584ae, 0x82ae82a5, 0x84c682ae, 0x866f84c6, 0x85d3866f, 0x83f485d3, 0x834e83f4, 
0x84c1834e, 0x869984c1, 0x86ba8699, 0x853886ba, 0x84218538, 0x84eb8421, 0x86b284eb, 0x876986b2, 
0x86638769, 0x85188663, 0x85458518, 0x86cc8545, 0x87e986cc, 0x876c87e9, 0x8624876c, 0x85cf8624, 
0x86f485cf, 0x884786f4, 0x884f8847, 0x8735884f, 0x86828735, 0x87358682, 0x888f8735, 0x890a888f, 
0x883e890a, 0x8755883e, 0x87958755, 0x88ce8795, 0x89a088ce, 0x893489a0, 0x883f8934, 0x8818883f, 
0x89108818, 0x8a178910, 0x8a118a17, 0x89348a11, 0x88bc8934, 0x896188bc, 0x8a798961, 0x8ad08a79, 
0x8a288ad0, 0x897c8a28, 0x89c7897c, 0x8ace89c7, 0x8b718ace, 0x8b118b71, 0x8a518b11, 0x8a478a51, 
0x8b228a47, 0x8bf78b22, 0x8be88bf7, 0x8b338be8, 0x8ae38b33, 0x8b7e8ae3, 0x8c698b7e, 0x8ca88c69, 
0x8c198ca8, 0x8b978c19, 0x8bea8b97, 0x8cce8bea, 0x8d508cce, 0x8cf88d50, 0x8c5f8cf8, 0x8c698c5f, 
0x8d2f8c69, 0x8de08d2f, 0x8dcb8de0, 0x8d348dcb, 0x8cff8d34, 0x8d938cff, 0x8e5e8d93, 0x8e8b8e5e, 
0x8e0e8e8b, 0x8dab8e0e, 0x8e038dab, 0x8ece8e03, 0x8f378ece, 0x8ee68f37, 0x8e698ee6, 0x8e838e69, 
0x8f388e83, 0x8fce8f38, 0x8fb58fce, 0x8f348fb5, 0x8f158f34, 0x8fa38f15, 0x90548fa3, 0x90759054, 
0x90069075, 0x8fbb9006, 0x90168fbb, 0x90cd9016, 0x912390cd, 0x90d89123, 0x907290d8, 0x90979072, 
0x913f9097, 0x91c0913f, 0x91a391c0, 0x913591a3, 0x91279135, 0x91b09127, 0x924c91b0, 0x9263924c, 
0x92009263, 0x91c89200, 0x922691c8, 0x92cc9226, 0x931392cc, 0x92cd9313, 0x927992cd, 0x92a79279, 
0x934492a7, 0x93b49344, 0x939593b4, 0x93369395, 0x93359336, 0x93ba9335, 0x944693ba, 0x94549446, 
0x93fc9454, 0x93d393fc, 0x943393d3, 0x94cb9433, 0x950694cb, 0x94c49506, 0x947f94c4, 0x94b4947f, 
0x954894b4, 0x95aa9548, 0x958995aa, 0x95379589, 0x95429537, 0x95c29542, 0x964095c2, 0x96479640, 
0x95f89647, 0x95dd95f8, 0x963e95dd, 0x96ca963e, 0x96fa96ca, 0x96bc96fa, 0x968596bc, 0x96c09685, 
0x974b96c0, 0x97a1974b, 0x977f97a1, 0x9739977f, 0x974d9739, 0x97c9974d, 0x983a97c9, 0x983c983a, 
0x97f5983c, 0x97e597f5, 0x984797e5, 0x98c89847, 0x98f098c8, 0x98b698f0, 0x988a98b6, 0x98ca988a, 
0x994e98ca, 0x9999994e, 0x99769999, 0x993a9976, 0x9956993a, 0x99cf9956, 0x9a3599cf, 0x9a339a35, 
0x99f39a33, 0x99ed99f3, 0x9a4f99ed, 0x9ac79a4f, 0x9ae79ac7, 0x9ab09ae7, 0x9a8f9ab0, 0x9ad39a8f, 
0x9b509ad3, 0x9b919b50, 0x9b6f9b91, 0x9b3c9b6f, 0x9b5f9b3c, 0x9bd39b5f, 0x9c309bd3, 0x9c2a9c30, 
0x9bf19c2a, 0x9bf49bf1, 0x9c569bf4, 0x9cc59c56, 0x9cdf9cc5, 0x9cac9cdf, 0x9c939cac, 0x9cdb9c93, 
0x9d519cdb, 0x9d8b9d51, 0x9d689d8b, 0x9d3d9d68, 0x9d669d3d, 0x9dd89d66, 0x9e2c9dd8, 0x9e239e2c, 
0x9df09e23, 0x9dfa9df0, 0x9e5c9dfa, 0x9ec39e5c, 0x9ed89ec3, 0x9ea89ed8, 0x9e989ea8, 0x9ee29e98, 
0x9f529ee2, 0x9f849f52, 0x9f639f84, 0x9f3f9f63, 0x9f6d9f3f, 0x9fdb9f6d, 0xa0289fdb, 0xa01ca028, 
0x9fefa01c, 0xa0009fef, 0xa061a000, 0xa0c2a061, 0xa0d1a0c2, 0xa0a5a0d1, 0xa09ca0a5, 0xa0e9a09c, 
0xa153a0e9, 0xa17fa153, 0xa15ea17f, 0xa141a15e, 0xa174a141, 0xa1dea174, 0xa224a1de, 0xa216a224, 
0xa1eea216, 0xa206a1ee, 0xa266a206, 0xa2c0a266, 0xa2cba2c0, 0xa2a2a2cb, 0xa2a0a2a2, 0xa2eea2a0, 
0xa353a2ee, 0xa379a353, 0xa359a379, 0xa343a359, 0xa37aa343, 0xa3e1a37a, 0xa420a3e1, 0xa410a420, 
0xa3eea410, 0xa40ba3ee, 0xa46ba40b, 0xa4bea46b, 0xa4c5a4be, 0xa49fa4c5, 0xa4a4a49f, 0xa4f4a4a4, 
0xa553a4f4, 0xa574a553, 0xa555a574, 0xa545a555, 0xa57fa545, 0xa5e3a57f, 0xa61ca5e3, 0xa60ba61c, 
0xa5eea60b, 0xa610a5ee, 0xa66ea610, 0xa6bba66e, 0xa6bfa6bb, 0xa69da6bf, 0xa6a8a69d, 0xa6f9a6a8, 
0xa753a6f9, 0xa76fa753, 0xa751a76f, 0xa747a751, 0xa785a747, 0xa7e5a785, 0xa818a7e5, 0xa806a818, 
0xa7eea806, 0xa815a7ee, 0xa872a815, 0xa8b9a872, 0xa8baa8b9, 0xa89ca8ba, 0xa8aba89c, 0xa8fda8ab, 
0xa953a8fd, 0xa96aa953, 0xa94ea96a, 0xa949a94e, 0xa989a949, 0xa9e6a989, 0xaa14a9e6, 0xaa02aa14, 
0xa9efaa02, 0xaa19a9ef, 0xaa75aa19, 0xaab7aa75, 0xaab6aab7, 0xaa9aaab6, 0xaaafaa9a, 0xab01aaaf, 
0xab52ab01, 0xab66ab52, 0xab4bab66, 0xab4cab4b, 0xab8eab4c, 0xabe7ab8e, 0xac11abe7, 0xabfeac11, 
0xabefabfe, 0xac1eabef, 0xac78ac1e, 0xacb5ac78, 0xacb1acb5, 0xac99acb1, 0xacb3ac99, 0xad05acb3, 
0xad52ad05, 0xad61ad52, 0xad49ad61, 0xad4ead49, 0xad92ad4e, 0xade8ad92, 0xae0dade8, 0xadfbae0d, 
0xadf0adfb, 0xae22adf0, 0xae7aae22, 0xaeb2ae7a, 0xaeadaeb2, 0xae99aead, 0xaeb6ae99, 0xaf08aeb6, 
0xaf51af08, 0xaf5daf51, 0xaf46af5d, 0xaf50af46, 0xaf96af50, 0xafe9af96, 0xb009afe9, 0xaff7b009, 
0xaff1aff7, 0xb026aff1, 0xb07cb026, 0xb0b0b07c, 0xb0a9b0b0, 0xb098b0a9, 0xb0bab098, 0xb10cb0ba, 
0xb150b10c, 0xb159b150, 0xb144b159, 0xb153b144, 0xb19ab153, 0xb1e9b19a, 0xb206b1e9, 0xb1f4b206, 
0xb1f2b1f4, 0xb22ab1f2, 0xb27eb22a, 0xb2adb27e, 0xb2a5b2ad, 0xb298b2a5, 0xb2bdb298, 0xb30eb2bd, 
0xb34fb30e, 0xb355b34f, 0xb343b355, 0xb355b343, 0xb39eb355, 0xb3eab39e, 0xb403b3ea, 0xb3f1b403, 
0xb3f3b3f1, 0xb42eb3f3, 0xb47fb42e, 0xb4abb47f, 0xb4a2b4ab, 0xb498b4a2, 0xb4c0b498, 0xb511b4c0, 
0xb54db511, 0xb552b54d, 0xb541b552, 0xb558b541, 0xb5a1b558, 0xb5eab5a1, 0xb5ffb5ea, 0xb5efb5ff, 
0xb5f5b5ef, 0xb631b5f5, 0xb681b631, 0xb6a8b681, 0xb69fb6a8, 0xb698b69f, 0xb6c4b698, 0xb713b6c4, 
0xb74cb713, 0xb74eb74c, 0xb740b74e, 0xb75ab740, 0xb7a4b75a, 0xb7e9b7a4, 0xb7fcb7e9, 0xb7edb7fc, 
0xb7f6b7ed, 0xb835b7f6, 0xb882b835, 0xb8a6b882, 0xb89cb8a6, 0xb898b89c, 0xb8c7b898, 0xb916b8c7, 
0xb94ab916, 0xb94bb94a, 0xb93fb94b, 0xb95db93f, 0xb9a7b95d, 0xb9e9b9a7, 0xb9f9b9e9, 0xb9eab9f9, 
0xb9f8b9ea, 0xba38b9f8, 0xba83ba38, 0xbaa3ba83, 0xba99baa3, 0xba98ba99, 0xbacaba98, 0xbb18baca, 
0xbb48bb18, 0xbb48bb48, 0xbb3ebb48, 0xbb5fbb3e, 0xbbaabb5f, 0xbbe8bbaa, 0xbbf5bbe8, 0xbbe9bbf5, 
0xbbfabbe9, 0xbc3bbbfa, 0xbc83bc3b, 0xbca0bc83, 0xbc96bca0, 0xbc99bc96, 0xbccdbc99, 0xbd19bccd, 
0xbd47bd19, 0xbd45bd47, 0xbd3ebd45, 0xbd62bd3e, 0xbdacbd62, 0xbde8bdac, 0xbdf2bde8, 0xbde7bdf2, 
0xbdfbbde7, 0xbe3ebdfb, 0xbe84be3e, 0xbe9ebe84, 0xbe94be9e, 0xbe9abe94, 0xbed0be9a, 0xbf1bbed0, 
0xbf45bf1b, 0xbf42bf45, 0xbf3dbf42, 0xbf65bf3d, 0xbfafbf65, 0xbfe7bfaf, 0xbfefbfe7, 0xbfe5bfef, 
0xbffdbfe5, 0xc041bffd, 0xc084c041, 0xc09bc084, 0xc091c09b, 0xc09bc091, 0xc0d3c09b, 0xc11cc0d3, 
0xc143c11c, 0xc13fc143, 0xc13dc13f, 0xc167c13d, 0xc1b1c167, 0xc1e6c1b1, 0xc1ecc1e6, 0xc1e4c1ec, 
0xc1ffc1e4, 0xc244c1ff, 0xc284c244, 0xc298c284, 0xc28fc298, 0xc29cc28f, 0xc2d6c29c, 0xc31dc2d6, 
0xc341c31d, 0xc33cc341, 0xc33dc33c, 0xc36ac33d, 0xc3b3c36a, 0xc3e5c3b3, 0xc3eac3e5, 0xc3e3c3ea, 
0xc401c3e3, 0xc446c401, 0xc484c446, 0xc496c484, 0xc48dc496, 0xc49dc48d, 0xc4d9c49d, 0xc51ec4d9, 
0xc53fc51e, 0xc53ac53f, 0xc53dc53a, 0xc56dc53d, 0xc5b5c56d, 0xc5e3c5b5, 0xc5e7c5e3, 0xc5e2c5e7, 
0xc603c5e2, 0xc649c603, 0xc684c649, 0xc693c684, 0xc68bc693, 0xc69ec68b, 0xc6dbc69e, 0xc71fc6db, 
0xc73cc71f, 0xc737c73c, 0xc73dc737, 0xc76fc73d, 0xc7b6c76f, 0xc7e2c7b6, 0xc7e4c7e2, 0xc7e2c7e4, 
0xc805c7e2, 0xc84bc805, 0xc883c84b, 0xc890c883, 0xc88ac890, 0xc89fc88a, 0xc8dec89f, 0xc920c8de, 
0xc93ac920, 0xc935c93a, 0xc93ec935, 0xc972c93e, 0xc9b8c972, 0xc9e1c9b8, 0xc9e1c9e1, 0xc9e1c9e1, 
0xca08c9e1, 0xca4dca08, 0xca83ca4d, 0xca8eca83, 0xca88ca8e, 0xcaa1ca88, 0xcae1caa1, 0xcb20cae1, 
0xcb38cb20, 0xcb33cb38, 0xcb3fcb33, 0xcb74cb3f, 0xcbb9cb74, 0xcbdfcbb9, 0xcbdfcbdf, 0xcbe1cbdf, 
0xcc0acbe1, 0xcc4fcc0a, 0xcc82cc4f, 0xcc8bcc82, 0xcc87cc8b, 0xcca3cc87, 0xcce3cca3, 0xcd20cce3, 
0xcd36cd20, 0xcd31cd36, 0xcd3fcd31, 0xcd77cd3f, 0xcdbacd77, 0xcdddcdba, 0xcdddcddd, 0xcde1cddd, 
0xce0ccde1, 0xce51ce0c, 0xce81ce51, 0xce89ce81, 0xce86ce89, 0xcea4ce86, 0xcee5cea4, 0xcf20cee5, 
0xcf33cf20, 0xcf2fcf33, 0xcf40cf2f, 0xcf79cf40, 0xcfbbcf79, 0xcfdccfbb, 0xcfdacfdc, 0xcfe0cfda, 
0xd00ecfe0, 0xd053d00e, 0xd080d053, 0xd086d080, 0xd085d086, 0xd0a6d085, 0xd0e8d0a6, 0xd120d0e8, 
0xd131d120, 0xd12dd131, 0xd141d12d, 0xd17cd141, 0xd1bcd17c, 0xd1dad1bc, 0xd1d8d1da, 0xd1e1d1d8, 
0xd211d1e1, 0xd254d211, 0xd27fd254, 0xd284d27f, 0xd284d284, 0xd2a8d284, 0xd2ead2a8, 0xd320d2ea, 
0xd32fd320, 0xd32cd32f, 0xd342d32c, 0xd37ed342, 0xd3bdd37e, 0xd3d8d3bd, 0xd3d6d3d8, 0xd3e1d3d6, 
0xd413d3e1, 0xd456d413, 0xd47ed456, 0xd481d47e, 0xd484d481, 0xd4aad484, 0xd4ecd4aa, 0xd520d4ec, 
0xd52dd520, 0xd52ad52d, 0xd543d52a, 0xd581d543, 0xd5bdd581, 0xd5d6d5bd, 0xd5d4d5d6, 0xd5e1d5d4, 
0xd615d5e1, 0xd657d615, 0xd67dd657, 0xd67fd67d, 0xd683d67f, 0xd6acd683, 0xd6eed6ac, 0xd71fd6ee, 
0xd72ad71f, 0xd729d72a, 0xd745d729, 0xd783d745, 0xd7bed783, 0xd7d4d7be, 0xd7d2d7d4, 0xd7e2d7d2, 
0xd818d7e2, 0xd858d818, 0xd87bd858, 0xd87dd87b, 0xd883d87d, 0xd8aed883, 0xd8f0d8ae, 0xd91fd8f0, 
0xd928d91f, 0xd928d928, 0xd946d928, 0xd985d946, 0xd9bed985, 0xd9d2d9be, 0xd9d0d9d2, 0xd9e2d9d0, 
0xda1ad9e2, 0xda59da1a, 0xda7ada59, 0xda7bda7a, 0xda83da7b, 0xdab0da83, 0xdaf1dab0, 0xdb1edaf1, 
0xdb26db1e, 0xdb27db26, 0xdb48db27, 0xdb87db48, 0xdbbedb87, 0xdbd0dbbe, 0xdbcfdbd0, 0xdbe3dbcf, 
0xdc1cdbe3, 0xdc5adc1c, 0xdc78dc5a, 0xdc79dc78, 0xdc83dc79, 0xdcb2dc83, 0xdcf3dcb2, 0xdd1ddcf3, 
0xdd23dd1d, 0xdd26dd23, 0xdd49dd26, 0xdd89dd49, 0xddbedd89, 0xddceddbe, 0xddcdddce, 0xdde4ddcd, 
0xde1edde4, 0xde5bde1e, 0xde76de5b, 0xde77de76, 0xde83de77, 0xdeb4de83, 0xdef4deb4, 0xdf1cdef4, 
0xdf21df1c, 0xdf25df21, 0xdf4bdf25, 0xdf8bdf4b, 0xdfbedf8b, 0xdfccdfbe, 0xdfccdfcc, 0xdfe5dfcc, 
0xe020dfe5, 0xe05be020, 0xe075e05b, 0xe075e075, 0xe083e075, 0xe0b6e083, 0xe0f6e0b6, 0xe11be0f6, 
0xe11fe11b, 0xe125e11f, 0xe14de125, 0xe18de14d, 0xe1bde18d, 0xe1cae1bd, 0xe1cae1ca, 0xe1e6e1ca, 
0xe222e1e6, 0xe25ce222, 0xe273e25c, 0xe273e273, 0xe283e273, 0xe2b8e283, 0xe2f7e2b8, 0xe31ae2f7, 
0xe31de31a, 0xe324e31d, 0xe34fe324, 0xe38fe34f, 0xe3bde38f, 0xe3c7e3bd, 0xe3c9e3c7, 0xe3e8e3c9, 
0xe425e3e8, 0xe45ce425, 0xe471e45c, 0xe471e471, 0xe484e471, 0xe4bae484, 0xe4f8e4ba, 0xe518e4f8, 
0xe51be518, 0xe524e51b, 0xe550e524, 0xe590e550, 0xe5bce590, 0xe5c5e5bc, 0xe5c8e5c5, 0xe5e9e5c8, 
0xe627e5e9, 0xe65ce627, 0xe66fe65c, 0xe66fe66f, 0xe685e66f, 0xe6bce685, 0xe6f9e6bc, 0xe717e6f9, 
0xe719e717, 0xe724e719, 0xe752e724, 0xe792e752, 0xe7bbe792, 0xe7c3e7bb, 0xe7c7e7c3, 0xe7eae7c7, 
0xe829e7ea, 0xe85ce829, 0xe86de85c, 0xe86ee86d, 0xe885e86e, 0xe8bee885, 0xe8f9e8be, 0xe915e8f9, 
0xe917e915, 0xe924e917, 0xe954e924, 0xe993e954, 0xe9bbe993, 0xe9c1e9bb, 0xe9c7e9c1, 0xe9ece9c7, 
0xea2ae9ec, 0xea5cea2a, 0xea6bea5c, 0xea6cea6b, 0xea86ea6c, 0xeac0ea86, 0xeafaeac0, 0xeb14eafa, 
0xeb15eb14, 0xeb24eb15, 0xeb56eb24, 0xeb95eb56, 0xebbaeb95, 0xebbfebba, 0xebc6ebbf, 0xebedebc6, 
0xec2cebed, 0xec5cec2c, 0xec69ec5c, 0xec6bec69, 0xec87ec6b, 0xecc2ec87, 0xecfbecc2, 0xed12ecfb, 
0xed13ed12, 0xed24ed13, 0xed58ed24, 0xed96ed58, 0xedb8ed96, 0xedbdedb8, 0xedc5edbd, 0xedefedc5, 
0xee2eedef, 0xee5cee2e, 0xee67ee5c, 0xee6aee67, 0xee88ee6a, 0xeec4ee88, 0xeefbeec4, 0xef10eefb, 
0xef12ef10, 0xef25ef12, 0xef5aef25, 0xef97ef5a, 0xefb7ef97, 0xefbbefb7, 0xefc5efbb, 0xeff1efc5, 
0xf030eff1, 0xf05bf030, 0xf065f05b, 0xf069f065, 0xf08af069, 0xf0c6f08a, 0xf0fbf0c6, 0xf10ff0fb, 
0xf110f10f, 0xf125f110, 0xf15cf125, 0xf198f15c, 0xf1b6f198, 0xf1b9f1b6, 0xf1c5f1b9, 0xf1f3f1c5, 
0xf231f1f3, 0xf25af231, 0xf263f25a, 0xf268f263, 0xf28bf268, 0xf2c8f28b, 0xf2fbf2c8, 0xf30df2fb, 
0xf30ef30d, 0xf326f30e, 0xf35ef326, 0xf399f35e, 0xf3b5f399, 0xf3b7f3b5, 0xf3c5f3b7, 0xf3f4f3c5, 
0xf433f3f4, 0xf45af433, 0xf461f45a, 0xf467f461, 0xf48cf467, 0xf4caf48c, 0xf4fbf4ca, 0xf50bf4fb, 
0xf50df50b, 0xf527f50d, 0xf560f527, 0xf599f560, 0xf5b3f599, 0xf5b5f5b3, 0xf5c5f5b5, 0xf5f6f5c5, 
0xf634f5f6, 0xf659f634, 0xf65ff659, 0xf666f65f, 0xf68ef666, 0xf6ccf68e, 0xf6fbf6cc, 0xf709f6fb, 
0xf70cf709, 0xf728f70c, 0xf762f728, 0xf79af762, 0xf7b2f79a, 0xf7b3f7b2, 0xf7c5f7b3, 0xf7f8f7c5, 
0xf835f7f8, 0xf858f835, 0xf85df858, 0xf866f85d, 0xf88ff866, 0xf8cef88f, 0xf8fbf8ce, 0xf907f8fb, 
0xf90af907, 0xf929f90a, 0xf964f929, 0xf99af964, 0xf9b0f99a, 0xf9b2f9b0, 0xf9c5f9b2, 0xf9faf9c5, 
0xfa36f9fa, 0xfa57fa36, 0xfa5bfa57, 0xfa65fa5b, 0xfa91fa65, 0xfacffa91, 0xfafbfacf, 0xfb05fafb, 
0xfb09fb05, 0xfb2afb09, 0xfb66fb2a, 0xfb9bfb66, 0xfbaefb9b, 0xfbb0fbae, 0xfbc6fbb0, 0xfbfcfbc6, 
0xfc37fbfc, 0xfc56fc37, 0xfc59fc56, 0xfc65fc59, 0xfc93fc65, 0xfcd1fc93, 0xfcfafcd1, 0xfd03fcfa, 
0xfd08fd03, 0xfd2bfd08, 0xfd68fd2b, 0xfd9bfd68, 0xfdadfd9b, 0xfdaffdad, 0xfdc6fdaf, 0xfdfefdc6, 
0xfe38fdfe, 0xfe54fe38, 0xfe57fe54, 0xfe65fe57, 0xfe94fe65, 0xfed2fe94, 0xfef9fed2, 0xff01fef9, 
0xff07ff01, 0xff2cff07, 0xff6aff2c, 0xff9bff6a, 0xffabff9b, 0xffadffab, 0xffc7ffad, 0x0000ffc7, 
},
// Table 3, base frequency 130.812783
{
0x00010000, 0x00090001, 0x001d0009, 0x003f001d, 0x006f003f, 0x00aa006f, 0x00e900aa, 0x012700e9, 
0x015c0127, 0x0184015c, 0x019e0184, 0x01aa019e, 0x01ae01aa, 0x01ae01ae, 0x01b201ae, 0x01c001b2, 
0x01dc01c0, 0x020601dc, 0x023d0206, 0x027b023d, 0x02bb027b, 0x02f402bb, 0x032302f4, 0x03430323, 
0x03540343, 0x035b0354, 0x035b035b, 0x035d035b, 0x0366035d, 0x037c0366, 0x03a0037c, 0x03d203a0, 
0x040e03d2, 0x044e040e, 0x048a044e, 0x04be048a, 0x04e404be, 0x04fc04e4, 0x050704fc, 0x05090507, 
0x050a0509, 0x050f050a, 0x051f050f, 0x053c051f, 0x0569053c, 0x05a10569, 0x05e005a1, 0x061f05e0, 
0x0657061f, 0x06840657, 0x06a20684, 0x06b106a2, 0x06b706b1, 0x06b706b7, 0x06b906b7, 0x06c406b9, 
0x06db06c4, 0x070206db, 0x07350702, 0x07720735, 0x07b20772, 0x07ee07b2, 0x082007ee, 0x08440820, 
0x085a0844, 0x0863085a, 0x08650863, 0x08650865, 0x086b0865, 0x087d086b, 0x089d087d, 0x08cb089d, 
0x090508cb, 0x09440905, 0x09830944, 0x09ba0983, 0x09e409ba, 0x0a0009e4, 0x0a0e0a00, 0x0a120a0e, 
0x0a120a12, 0x0a150a12, 0x0a210a15, 0x0a3b0a21, 0x0a630a3b, 0x0a990a63, 0x0ad70a99, 0x0b160ad7, 
0x0b510b16, 0x0b820b51, 0x0ba40b82, 0x0bb80ba4, 0x0bbf0bb8, 0x0bc00bbf, 0x0bc10bc0, 0x0bc80bc1, 
0x0bdc0bc8, 0x0bfe0bdc, 0x0c2e0bfe, 0x0c690c2e, 0x0ca90c69, 0x0ce70ca9, 0x0d1d0ce7, 0x0d450d1d, 
0x0d5f0d45, 0x0d6b0d5f, 0x0d6e0d6b, 0x0d6e0d6e, 0x0d720d6e, 0x0d7f0d72, 0x0d9b0d7f, 0x0dc50d9b, 
0x0dfc0dc5, 0x0e3b0dfc, 0x0e7b0e3b, 0x0eb50e7b, 0x0ee30eb5, 0x0f040ee3, 0x0f150f04, 0x0f1b0f15, 
0x0f1b0f1b, 0x0f1d0f1b, 0x0f250f1d, 0x0f3b0f25, 0x0f5f0f3b, 0x0f910f5f, 0x0fcd0f91, 0x100e0fcd, 
0x104b100e, 0x107f104b, 0x10a6107f, 0x10bd10a6, 0x10c810bd, 0x10c910c8, 0x10c910c9, 0x10ce10c9, 
0x10dd10ce, 0x10fb10dd, 0x112710fb, 0x11601127, 0x11a01160, 0x11df11a0, 0x121811df, 0x12451218, 
0x12631245, 0x12721263, 0x12771272, 0x12771277, 0x12781277, 0x12821278, 0x129a1282, 0x12c0129a, 
0x12f412c0, 0x133212f4, 0x13721332, 0x13af1372, 0x13e113af, 0x140613e1, 0x141b1406, 0x1424141b, 
0x14251424, 0x14251425, 0x142a1425, 0x143b142a, 0x145b143b, 0x148a145b, 0x14c4148a, 0x150414c4, 
0x15441504, 0x157b1544, 0x15a6157b, 0x15c215a6, 0x15d015c2, 0x15d315d0, 0x15d215d3, 0x15d415d2, 
0x15e015d4, 0x15f915e0, 0x162115f9, 0x16571621, 0x16961657, 0x16d71696, 0x171316d7, 0x17441713, 
0x17661744, 0x17791766, 0x17801779, 0x17801780, 0x17801780, 0x17871780, 0x17991787, 0x17bb1799, 
0x17ec17bb, 0x182817ec, 0x18691828, 0x18a81869, 0x18de18a8, 0x190718de, 0x19211907, 0x192d1921, 
0x192e192d, 0x192d192e, 0x1930192d, 0x193d1930, 0x1958193d, 0x19831958, 0x19bb1983, 0x19fb19bb, 
0x1a3c19fb, 0x1a771a3c, 0x1aa61a77, 0x1ac61aa6, 0x1ad71ac6, 0x1adc1ad7, 0x1adb1adc, 0x1adb1adb, 
0x1ae31adb, 0x1af81ae3, 0x1b1c1af8, 0x1b4f1b1c, 0x1b8c1b4f, 0x1bce1b8c, 0x1c0c1bce, 0x1c411c0c, 
0x1c681c41, 0x1c801c68, 0x1c891c80, 0x1c8a1c89, 0x1c881c8a, 0x1c8c1c88, 0x1c9a1c8c, 0x1cb81c9a, 
0x1ce51cb8, 0x1d1e1ce5, 0x1d5f1d1e, 0x1da01d5f, 0x1dda1da0, 0x1e081dda, 0x1e261e08, 0x1e351e26, 
0x1e381e35, 0x1e361e38, 0x1e371e36, 0x1e401e37, 0x1e561e40, 0x1e7d1e56, 0x1eb21e7d, 0x1ef11eb2, 
0x1f331ef1, 0x1f711f33, 0x1fa41f71, 0x1fc91fa4, 0x1fde1fc9, 0x1fe61fde, 0x1fe51fe6, 0x1fe31fe5, 
0x1fe81fe3, 0x1ff81fe8, 0x20171ff8, 0x20472017, 0x20822047, 0x20c42082, 0x210520c4, 0x213e2105, 
0x216a213e, 0x2185216a, 0x21922185, 0x21942192, 0x21912194, 0x21922191, 0x219c2192, 0x21b5219c, 
0x21de21b5, 0x221521de, 0x22552215, 0x22982255, 0x22d52298, 0x230722d5, 0x232a2307, 0x233d232a, 
0x2342233d, 0x23402342, 0x233e2340, 0x2343233e, 0x23552343, 0x23772355, 0x23a92377, 0x23e623a9, 
0x242923e6, 0x246a2429, 0x24a2246a, 0x24cc24a2, 0x24e524cc, 0x24ef24e5, 0x24ef24ef, 0x24ec24ef, 
0x24ed24ec, 0x24f924ed, 0x251424f9, 0x253f2514, 0x2578253f, 0x25ba2578, 0x25fd25ba, 0x263a25fd, 
0x266a263a, 0x268a266a, 0x269b268a, 0x269e269b, 0x269b269e, 0x2699269b, 0x269f2699, 0x26b3269f, 
0x26d826b3, 0x270b26d8, 0x274b270b, 0x278e274b, 0x27cf278e, 0x280627cf, 0x282d2806, 0x2844282d, 
0x284c2844, 0x284b284c, 0x2847284b, 0x28482847, 0x28562848, 0x28732856, 0x28a02873, 0x28dc28a0, 
0x291f28dc, 0x2962291f, 0x299e2962, 0x29cd299e, 0x29eb29cd, 0x29f929eb, 0x29fa29f9, 0x29f629fa, 
0x29f429f6, 0x29fb29f4, 0x2a1129fb, 0x2a382a11, 0x2a6e2a38, 0x2aaf2a6e, 0x2af42aaf, 0x2b342af4, 
0x2b692b34, 0x2b8f2b69, 0x2ba32b8f, 0x2ba92ba3, 0x2ba62ba9, 0x2ba12ba6, 0x2ba32ba1, 0x2bb22ba3, 
0x2bd22bb2, 0x2c022bd2, 0x2c402c02, 0x2c842c40, 0x2cc82c84, 0x2d032cc8, 0x2d2f2d03, 0x2d4b2d2f, 
0x2d562d4b, 0x2d562d56, 0x2d502d56, 0x2d4e2d50, 0x2d572d4e, 0x2d6f2d57, 0x2d982d6f, 0x2dd12d98, 
0x2e142dd1, 0x2e592e14, 0x2e992e59, 0x2ecd2e99, 0x2ef02ecd, 0x2f022ef0, 0x2f052f02, 0x2f002f05, 
0x2efc2f00, 0x2efe2efc, 0x2f0f2efe, 0x2f312f0f, 0x2f642f31, 0x2fa42f64, 0x2fea2fa4, 0x302d2fea, 
0x3067302d, 0x30923067, 0x30ab3092, 0x30b330ab, 0x30b130b3, 0x30ab30b1, 0x30a930ab, 0x30b330a9, 
0x30cd30b3, 0x30f930cd, 0x313430f9, 0x31793134, 0x31bf3179, 0x31ff31bf, 0x323131ff, 0x32513231, 
0x32603251, 0x32613260, 0x325b3261, 0x3256325b, 0x32593256, 0x326c3259, 0x3291326c, 0x32c63291, 
0x330832c6, 0x33503308, 0x33933350, 0x33cc3393, 0x33f433cc, 0x340b33f4, 0x3411340b, 0x340c3411, 
0x3405340c, 0x34033405, 0x340e3403, 0x342b340e, 0x345a342b, 0x3498345a, 0x34df3498, 0x352534df, 
0x35643525, 0x35943564, 0x35b23594, 0x35be35b2, 0x35bd35be, 0x35b535bd, 0x35af35b5, 0x35b435af, 
0x35c935b4, 0x35f035c9, 0x362935f0, 0x366d3629, 0x36b6366d, 0x36f936b6, 0x373136f9, 0x37573731, 
0x376a3757, 0x376d376a, 0x3766376d, 0x375e3766, 0x375d375e, 0x376a375d, 0x3789376a, 0x37bb3789, 
0x37fc37bb, 0x384437fc, 0x388c3844, 0x38ca388c, 0x38f838ca, 0x391338f8, 0x391c3913, 0x3918391c, 
0x390f3918, 0x3909390f, 0x390f3909, 0x3926390f, 0x39503926, 0x398c3950, 0x39d2398c, 0x3a1c39d2, 
0x3a603a1c, 0x3a963a60, 0x3ab93a96, 0x3ac93ab9, 0x3aca3ac9, 0x3ac13aca, 0x3ab73ac1, 0x3ab73ab7, 
0x3ac63ab7, 0x3ae83ac6, 0x3b1d3ae8, 0x3b603b1d, 0x3bab3b60, 0x3bf33bab, 0x3c303bf3, 0x3c5c3c30, 
0x3c743c5c, 0x3c7a3c74, 0x3c733c7a, 0x3c683c73, 0x3c623c68, 0x3c693c62, 0x3c833c69, 0x3cb03c83, 
0x3cef3cb0, 0x3d383cef, 0x3d833d38, 0x3dc63d83, 0x3dfb3dc6, 0x3e1b3dfb, 0x3e283e1b, 0x3e263e28, 
0x3e1a3e26, 0x3e103e1a, 0x3e103e10, 0x3e213e10, 0x3e463e21, 0x3e7f3e46, 0x3ec53e7f, 0x3f113ec5, 
0x3f5a3f11, 0x3f963f5a, 0x3fbf3f96, 0x3fd43fbf, 0x3fd73fd4, 0x3fce3fd7, 0x3fc13fce, 0x3fbb3fc1, 
0x3fc33fbb, 0x3fe03fc3, 0x40103fe0, 0x40524010, 0x409e4052, 0x40ea409e, 0x412d40ea, 0x4160412d, 
0x417e4160, 0x4187417e, 0x41814187, 0x41744181, 0x41694174, 0x41694169, 0x417d4169, 0x41a5417d, 
0x41e141a5, 0x422a41e1, 0x4278422a, 0x42c14278, 0x42fc42c1, 0x432342fc, 0x43354323, 0x43344335, 
0x43284334, 0x43194328, 0x43134319, 0x431d4313, 0x433d431d, 0x4371433d, 0x43b64371, 0x440543b6, 
0x44524405, 0x44954452, 0x44c54495, 0x44e044c5, 0x44e544e0, 0x44dc44e5, 0x44cc44dc, 0x44c144cc, 
0x44c244c1, 0x44d844c2, 0x450444d8, 0x45434504, 0x45904543, 0x45e04590, 0x462a45e0, 0x4663462a, 
0x46874663, 0x46954687, 0x46904695, 0x46814690, 0x46714681, 0x466b4671, 0x4677466b, 0x469a4677, 
0x46d2469a, 0x471b46d2, 0x476c471b, 0x47bb476c, 0x47fd47bb, 0x482b47fd, 0x4842482b, 0x48434842, 
0x48374843, 0x48244837, 0x48184824, 0x481b4818, 0x4833481b, 0x48634833, 0x48a64863, 0x48f648a6, 
0x494948f6, 0x49924949, 0x49ca4992, 0x49eb49ca, 0x49f549eb, 0x49ec49f5, 0x49da49ec, 0x49c849da, 
0x49c249c8, 0x49d149c2, 0x49f649d1, 0x4a3349f6, 0x4a804a33, 0x4ad44a80, 0x4b244ad4, 0x4b654b24, 
0x4b914b65, 0x4ba44b91, 0x4ba14ba4, 0x4b904ba1, 0x4b7c4b90, 0x4b6e4b7c, 0x4b734b6e, 0x4b8e4b73, 
0x4bc24b8e, 0x4c0a4bc2, 0x4c5e4c0a, 0x4cb24c5e, 0x4cfc4cb2, 0x4d324cfc, 0x4d4f4d32, 0x4d554d4f, 
0x4d474d55, 0x4d324d47, 0x4d1e4d32, 0x4d194d1e, 0x4d2a4d19, 0x4d534d2a, 0x4d944d53, 0x4de64d94, 
0x4e3d4de6, 0x4e8e4e3d, 0x4ece4e8e, 0x4ef74ece, 0x4f064ef7, 0x4efe4f06, 0x4ee94efe, 0x4ed24ee9, 
0x4ec44ed2, 0x4eca4ec4, 0x4ee94eca, 0x4f214ee9, 0x4f6e4f21, 0x4fc64f6e, 0x501c4fc6, 0x5066501c, 
0x509a5066, 0x50b3509a, 0x50b450b3, 0x50a250b4, 0x508950a2, 0x50745089, 0x506f5074, 0x5082506f, 
0x50b05082, 0x50f650b0, 0x514d50f6, 0x51a7514d, 0x51f951a7, 0x523851f9, 0x525d5238, 0x5267525d, 
0x525b5267, 0x5241525b, 0x52275241, 0x52195227, 0x52205219, 0x52435220, 0x52805243, 0x52d35280, 
0x532f52d3, 0x5388532f, 0x53d15388, 0x540353d1, 0x54185403, 0x54135418, 0x53fc5413, 0x53de53fc, 
0x53c853de, 0x53c353c8, 0x53da53c3, 0x540d53da, 0x5459540d, 0x54b45459, 0x551254b4, 0x55665512, 
0x55a35566, 0x55c555a3, 0x55c955c5, 0x55b755c9, 0x559855b7, 0x557b5598, 0x556c557b, 0x5576556c, 
0x559d5576, 0x55e0559d, 0x563855e0, 0x56995638, 0x56f55699, 0x573e56f5, 0x576d573e, 0x577d576d, 
0x5772577d, 0x57555772, 0x57335755, 0x571a5733, 0x5717571a, 0x57315717, 0x57695731, 0x57bc5769, 
0x581d57bc, 0x587f581d, 0x58d4587f, 0x591058d4, 0x592d5910, 0x592b592d, 0x5912592b, 0x58ee5912, 
0x58cd58ee, 0x58be58cd, 0x58ca58be, 0x58f658ca, 0x594058f6, 0x599f5940, 0x5a05599f, 0x5a635a05, 
0x5aad5a63, 0x5ad85aad, 0x5ae25ad8, 0x5ad05ae2, 0x5aac5ad0, 0x5a855aac, 0x5a6a5a85, 0x5a685a6a, 
0x5a875a68, 0x5ac65a87, 0x5b1f5ac6, 0x5b875b1f, 0x5bee5b87, 0x5c445bee, 0x5c7e5c44, 0x5c965c7e, 
0x5c8d5c96, 0x5c6c5c8d, 0x5c425c6c, 0x5c1d5c42, 0x5c0d5c1d, 0x5c1c5c0d, 0x5c4e5c1c, 0x5ca05c4e, 
0x5d075ca0, 0x5d735d07, 0x5dd55d73, 0x5e1d5dd5, 0x5e445e1d, 0x5e485e44, 0x5e2e5e48, 0x5e025e2e, 
0x5dd55e02, 0x5db85dd5, 0x5db85db8, 0x5ddb5db8, 0x5e225ddb, 0x5e845e22, 0x5ef35e84, 0x5f5f5ef3, 
0x5fb75f5f, 0x5fee5fb7, 0x60005fee, 0x5fef6000, 0x5fc55fef, 0x5f935fc5, 0x5f6a5f93, 0x5f5a5f6a, 
0x5f6d5f5a, 0x5fa65f6d, 0x60015fa6, 0x60706001, 0x60e36070, 0x614960e3, 0x61916149, 0x61b36191, 
0x61ae61b3, 0x618b61ae, 0x6156618b, 0x61236156, 0x61036123, 0x61046103, 0x612d6104, 0x617d612d, 
0x61ea617d, 0x626261ea, 0x62d46262, 0x632d62d4, 0x6361632d, 0x636c6361, 0x6351636c, 0x631d6351, 
0x62e2631d, 0x62b362e2, 0x62a262b3, 0x62ba62a2, 0x62fc62ba, 0x636162fc, 0x63dc6361, 0x645863dc, 
0x64c16458, 0x650964c1, 0x65256509, 0x65166525, 0x64e76516, 0x64a764e7, 0x646c64a7, 0x6449646c, 
0x644c6449, 0x647d644c, 0x64d8647d, 0x655164d8, 0x65d56551, 0x664d65d5, 0x66a8664d, 0x66d866a8, 
0x66da66d8, 0x66b266da, 0x667266b2, 0x662c6672, 0x65f7662c, 0x65e665f7, 0x660365e6, 0x66506603, 
0x66c36650, 0x674b66c3, 0x67d1674b, 0x684067d1, 0x68866840, 0x689a6886, 0x687f689a, 0x6841687f, 
0x67f46841, 0x67af67f4, 0x678867af, 0x678f6788, 0x67c9678f, 0x683267c9, 0x68bb6832, 0x694c68bb, 
0x69ce694c, 0x6a2b69ce, 0x6a566a2b, 0x6a4b6a56, 0x6a146a4b, 0x69c36a14, 0x697069c3, 0x69336970, 
0x69226933, 0x69466922, 0x69a16946, 0x6a2569a1, 0x6abe6a25, 0x6b526abe, 0x6bc76b52, 0x6c0b6bc7, 
0x6c166c0b, 0x6beb6c16, 0x6b9a6beb, 0x6b3b6b9a, 0x6ae96b3b, 0x6abd6ae9, 0x6ac86abd, 0x6b106ac8, 
0x6b8b6b10, 0x6c286b8b, 0x6ccb6c28, 0x6d596ccb, 0x6db96d59, 0x6ddc6db9, 0x6dc26ddc, 0x6d776dc2, 
0x6d106d77, 0x6caa6d10, 0x6c636caa, 0x6c516c63, 0x6c806c51, 0x6ced6c80, 0x6d896ced, 0x6e396d89, 
0x6ede6e39, 0x6f5c6ede, 0x6f9e6f5c, 0x6f9b6f9e, 0x6f5a6f9b, 0x6eef6f5a, 0x6e786eef, 0x6e156e78, 
0x6de36e15, 0x6df46de3, 0x6e4d6df4, 0x6ee26e4d, 0x6f9b6ee2, 0x70576f9b, 0x70f47057, 0x715870f4, 
0x71727158, 0x71427172, 0x70d97142, 0x705370d9, 0x6fd57053, 0x6f7f6fd5, 0x6f6d6f7f, 0x6faa6f6d, 
0x70326faa, 0x70ef7032, 0x71c070ef, 0x727f71c0, 0x7309727f, 0x73467309, 0x73307346, 0x72cf7330, 
0x723e72cf, 0x71a4723e, 0x712871a4, 0x70ed7128, 0x710770ed, 0x717a7107, 0x7235717a, 0x73187235, 
0x73f97318, 0x74af73f9, 0x751774af, 0x75227517, 0x74d17522, 0x743b74d1, 0x7387743b, 0x72e17387, 
0x727672e1, 0x72647276, 0x72b87264, 0x736972b8, 0x745a7369, 0x755f745a, 0x7646755f, 0x76e37646, 
0x771a76e3, 0x76e3771a, 0x764f76e3, 0x7582764f, 0x74af7582, 0x740a74af, 0x73c0740a, 0x73e973c0, 
0x748773e9, 0x75817487, 0x76aa7581, 0x77ca76aa, 0x78a877ca, 0x791a78a8, 0x790a791a, 0x7880790a, 
0x779d7880, 0x7697779d, 0x75ae7697, 0x751b75ae, 0x7509751b, 0x75867509, 0x76827586, 0x77d27682, 
0x793577d2, 0x7a657935, 0x7b267a65, 0x7b517b26, 0x7ade7b51, 0x79e77ade, 0x78a679e7, 0x776578a6, 
0x76717765, 0x760a7671, 0x7652760a, 0x77467652, 0x78c17746, 0x7a7a78c1, 0x7c1a7a7a, 0x7d4d7c1a, 
0x7dd17d4d, 0x7d887dd1, 0x7c827d88, 0x7af67c82, 0x793b7af6, 0x77b9793b, 0x76ce77b9, 0x76bc76ce, 
0x779976bc, 0x79487799, 0x7b7d7948, 0x7dc87b7d, 0x7fb07dc8, 0x7fff7fb0, 0x7fff7fff, 0x7fc27fff, 
0x7dc47fc2, 0x7b447dc4, 0x78ce7b44, 0x76f778ce, 0x763a76f7, 0x76dd763a, 0x78e076dd, 0x7bf278e0, 
0x7f827bf2, 0x7fff7f82, 0x7fff7fff, 0x7fff7fff, 0x7fff7fff, 0x7fff7fff, 0x7dae7fff, 0x78f47dae, 
0x74ca78f4, 0x724174ca, 0x72337241, 0x75117233, 0x7ab87511, 0x7fff7ab8, 0x7fff7fff, 0x7fff7fff, 
0x7fff7fff, 0x7fff7fff, 0x7fff7fff, 0x7d437fff, 0x66327d43, 0x48626632, 0x258a4862, 0x0000258a, 
0xda760000, 0xb79eda76, 0x99ceb79e, 0x82bd99ce, 0x800182bd, 0x80018001, 0x80018001, 0x80018001, 
0x80018001, 0x80018001, 0x85488001, 0x8aef8548, 0x8dcd8aef, 0x8dbf8dcd, 0x8b368dbf, 0x870c8b36, 
0x8252870c, 0x80018252, 0x80018001, 0x80018001, 0x80018001, 0x80018001, 0x807e8001, 0x840e807e, 
0x8720840e, 0x89238720, 0x89c68923, 0x890989c6, 0x87328909, 0x84bc8732, 0x823c84bc, 0x803e823c, 
0x8001803e, 0x80018001, 0x80508001, 0x82388050, 0x84838238, 0x86b88483, 0x886786b8, 0x89448867, 
0x89328944, 0x88478932, 0x86c58847, 0x850a86c5, 0x837e850a, 0x8278837e, 0x822f8278, 0x82b3822f, 
0x83e682b3, 0x858683e6, 0x873f8586, 0x88ba873f, 0x89ae88ba, 0x89f689ae, 0x898f89f6, 0x889b898f, 
0x875a889b, 0x8619875a, 0x85228619, 0x84af8522, 0x84da84af, 0x859b84da, 0x86cb859b, 0x882e86cb, 
0x897e882e, 0x8a7a897e, 0x8af78a7a, 0x8ae58af7, 0x8a528ae5, 0x89698a52, 0x88638969, 0x87808863, 
0x86f68780, 0x86e686f6, 0x875886e6, 0x88368758, 0x89568836, 0x8a7f8956, 0x8b798a7f, 0x8c178b79, 
0x8c408c17, 0x8bf68c40, 0x8b518bf6, 0x8a7e8b51, 0x89b18a7e, 0x891d89b1, 0x88e6891d, 0x891d88e6, 
0x89ba891d, 0x8aa189ba, 0x8ba68aa1, 0x8c978ba6, 0x8d488c97, 0x8d9c8d48, 0x8d8a8d9c, 0x8d1f8d8a, 
0x8c798d1f, 0x8bc58c79, 0x8b2f8bc5, 0x8ade8b2f, 0x8ae98ade, 0x8b518ae9, 0x8c078b51, 0x8ce88c07, 
0x8dcb8ce8, 0x8e868dcb, 0x8ef98e86, 0x8f138ef9, 0x8ed88f13, 0x8e5c8ed8, 0x8dc28e5c, 0x8d318dc2, 
0x8cd08d31, 0x8cba8cd0, 0x8cf78cba, 0x8d818cf7, 0x8e408d81, 0x8f118e40, 0x8fce8f11, 0x90568fce, 
0x90939056, 0x90819093, 0x902b9081, 0x8fad902b, 0x8f278fad, 0x8ebe8f27, 0x8e8e8ebe, 0x8ea88e8e, 
0x8f0c8ea8, 0x8fa98f0c, 0x90658fa9, 0x911e9065, 0x91b3911e, 0x920c91b3, 0x921d920c, 0x91eb921d, 
0x918891eb, 0x91119188, 0x90a69111, 0x906590a6, 0x90629065, 0x90a49062, 0x912290a4, 0x91c79122, 
0x927791c7, 0x93139277, 0x93809313, 0x93af9380, 0x939d93af, 0x9356939d, 0x92f09356, 0x928992f0, 
0x923e9289, 0x9224923e, 0x92479224, 0x92a79247, 0x933592a7, 0x93d89335, 0x947593d8, 0x94f09475, 
0x953894f0, 0x95439538, 0x95179543, 0x94c59517, 0x946694c5, 0x94159466, 0x93ea9415, 0x93f593ea, 
0x943993f5, 0x94ae9439, 0x954294ae, 0x95db9542, 0x965f95db, 0x96ba965f, 0x96de96ba, 0x96cd96de, 
0x969096cd, 0x963d9690, 0x95ec963d, 0x95b595ec, 0x95aa95b5, 0x95d595aa, 0x963295d5, 0x96b49632, 
0x974596b4, 0x97ce9745, 0x983797ce, 0x98719837, 0x98789871, 0x98519878, 0x980c9851, 0x97bf980c, 
0x978197bf, 0x97669781, 0x977a9766, 0x97c0977a, 0x982f97c0, 0x98b5982f, 0x993d98b5, 0x99b0993d, 
0x99fd99b0, 0x9a1a99fd, 0x9a099a1a, 0x99d49a09, 0x998e99d4, 0x994e998e, 0x9926994e, 0x99289926, 
0x99589928, 0x99b39958, 0x9a2b99b3, 0x9aaf9a2b, 0x9b289aaf, 0x9b839b28, 0x9bb49b83, 0x9bb79bb4, 
0x9b949bb7, 0x9b599b94, 0x9b199b59, 0x9aea9b19, 0x9adb9aea, 0x9af79adb, 0x9b3f9af7, 0x9ba89b3f, 
0x9c249ba8, 0x9c9f9c24, 0x9d049c9f, 0x9d469d04, 0x9d5e9d46, 0x9d4d9d5e, 0x9d1e9d4d, 0x9ce39d1e, 
0x9caf9ce3, 0x9c949caf, 0x9c9f9c94, 0x9cd39c9f, 0x9d2c9cd3, 0x9d9e9d2c, 0x9e169d9e, 0x9e839e16, 
0x9ed39e83, 0x9efc9ed3, 0x9efd9efc, 0x9edd9efd, 0x9eaa9edd, 0x9e759eaa, 0x9e529e75, 0x9e4d9e52, 
0x9e6f9e4d, 0x9eb79e6f, 0x9f1d9eb7, 0x9f909f1d, 0x9fff9f90, 0xa05a9fff, 0xa093a05a, 0xa0a6a093, 
0xa096a0a6, 0xa06da096, 0xa03ba06d, 0xa011a03b, 0xa000a011, 0xa012a000, 0xa049a012, 0xa0a1a049, 
0xa10da0a1, 0xa17ca10d, 0xa1dea17c, 0xa225a1de, 0xa248a225, 0xa248a248, 0xa22ba248, 0xa1fea22b, 
0xa1d2a1fe, 0xa1b8a1d2, 0xa1bca1b8, 0xa1e3a1bc, 0xa22ba1e3, 0xa28da22b, 0xa2f9a28d, 0xa360a2f9, 
0xa3b2a360, 0xa3e4a3b2, 0xa3f3a3e4, 0xa3e3a3f3, 0xa3bea3e3, 0xa394a3be, 0xa373a394, 0xa36aa373, 
0xa382a36a, 0xa3bca382, 0xa412a3bc, 0xa479a412, 0xa4e1a479, 0xa53aa4e1, 0xa579a53a, 0xa598a579, 
0xa596a598, 0xa57ba596, 0xa554a57b, 0xa530a554, 0xa51ea530, 0xa528a51e, 0xa553a528, 0xa59da553, 
0xa5fba59d, 0xa661a5fb, 0xa6c0a661, 0xa70aa6c0, 0xa736a70a, 0xa742a736, 0xa733a742, 0xa712a733, 
0xa6eea712, 0xa6d5a6ee, 0xa6d3a6d5, 0xa6f0a6d3, 0xa72ca6f0, 0xa781a72c, 0xa7e3a781, 0xa844a7e3, 
0xa897a844, 0xa8cfa897, 0xa8e9a8cf, 0xa8e6a8e9, 0xa8cda8e6, 0xa8aba8cd, 0xa88ea8ab, 0xa883a88e, 
0xa893a883, 0xa8c2a893, 0xa90ba8c2, 0xa967a90b, 0xa9c8a967, 0xaa20a9c8, 0xaa63aa20, 0xaa8aaa63, 
0xaa94aa8a, 0xaa85aa94, 0xaa68aa85, 0xaa49aa68, 0xaa37aa49, 0xaa3baa37, 0xaa5daa3b, 0xaa9aaa5d, 
0xaaeeaa9a, 0xab4caaee, 0xaba7ab4c, 0xabf3aba7, 0xac26abf3, 0xac3dac26, 0xac38ac3d, 0xac22ac38, 
0xac04ac22, 0xabedac04, 0xabe8abed, 0xabfdabe8, 0xac2fabfd, 0xac78ac2f, 0xacd1ac78, 0xad2dacd1, 
0xad80ad2d, 0xadbdad80, 0xade0adbd, 0xade7ade0, 0xadd9ade7, 0xadbfadd9, 0xada5adbf, 0xad99ada5, 
0xada3ad99, 0xadc8ada3, 0xae07adc8, 0xae59ae07, 0xaeb3ae59, 0xaf0aaeb3, 0xaf50af0a, 0xaf7eaf50, 
0xaf91af7e, 0xaf8caf91, 0xaf77af8c, 0xaf5eaf77, 0xaf4caf5e, 0xaf4daf4c, 0xaf66af4d, 0xaf9aaf66, 
0xafe4af9a, 0xb03aafe4, 0xb092b03a, 0xb0dfb092, 0xb117b0df, 0xb136b117, 0xb13cb136, 0xb12eb13c, 
0xb117b12e, 0xb102b117, 0xb0fab102, 0xb109b0fa, 0xb132b109, 0xb172b132, 0xb1c3b172, 0xb21ab1c3, 
0xb26cb21a, 0xb2adb26c, 0xb2d6b2ad, 0xb2e7b2d6, 0xb2e2b2e7, 0xb2ceb2e2, 0xb2b9b2ce, 0xb2abb2b9, 
0xb2b1b2ab, 0xb2ceb2b1, 0xb304b2ce, 0xb34eb304, 0xb3a2b34e, 0xb3f6b3a2, 0xb43eb3f6, 0xb472b43e, 
0xb48db472, 0xb492b48d, 0xb484b492, 0xb470b484, 0xb45fb470, 0xb45cb45f, 0xb46fb45c, 0xb49bb46f, 
0xb4dcb49b, 0xb52cb4dc, 0xb580b52c, 0xb5cdb580, 0xb60ab5cd, 0xb62fb60a, 0xb63eb62f, 0xb638b63e, 
0xb626b638, 0xb614b626, 0xb60bb614, 0xb615b60b, 0xb636b615, 0xb66eb636, 0xb6b7b66e, 0xb70ab6b7, 
0xb75ab70a, 0xb79db75a, 0xb7cdb79d, 0xb7e5b7cd, 0xb7e8b7e5, 0xb7dcb7e8, 0xb7c9b7dc, 0xb7bdb7c9, 
0xb7beb7bd, 0xb7d5b7be, 0xb803b7d5, 0xb845b803, 0xb894b845, 0xb8e5b894, 0xb92eb8e5, 0xb966b92e, 
0xb989b966, 0xb995b989, 0xb98fb995, 0xb97fb98f, 0xb970b97f, 0xb96bb970, 0xb979b96b, 0xb99db979, 
0xb9d6b99d, 0xba20b9d6, 0xba70ba20, 0xbabdba70, 0xbafcbabd, 0xbb28bafc, 0xbb3ebb28, 0xbb3fbb3e, 
0xbb34bb3f, 0xbb24bb34, 0xbb1bbb24, 0xbb20bb1b, 0xbb3bbb20, 0xbb6bbb3b, 0xbbaebb6b, 0xbbfbbbae, 
0xbc4abbfb, 0xbc8fbc4a, 0xbcc3bc8f, 0xbce3bcc3, 0xbcedbce3, 0xbce7bced, 0xbcd8bce7, 0xbcccbcd8, 
0xbccbbccc, 0xbcddbccb, 0xbd04bcdd, 0xbd3fbd04, 0xbd88bd3f, 0xbdd6bd88, 0xbe1fbdd6, 0xbe5bbe1f, 
0xbe83be5b, 0xbe97be83, 0xbe97be97, 0xbe8cbe97, 0xbe7fbe8c, 0xbe79be7f, 0xbe82be79, 0xbea0be82, 
0xbed3bea0, 0xbf16bed3, 0xbf62bf16, 0xbfaebf62, 0xbff0bfae, 0xc020bff0, 0xc03dc020, 0xc045c03d, 
0xc03fc045, 0xc032c03f, 0xc029c032, 0xc02cc029, 0xc041c02c, 0xc06ac041, 0xc0a6c06a, 0xc0efc0a6, 
0xc13bc0ef, 0xc181c13b, 0xc1bac181, 0xc1dfc1ba, 0xc1f0c1df, 0xc1f0c1f0, 0xc1e6c1f0, 0xc1dac1e6, 
0xc1d8c1da, 0xc1e5c1d8, 0xc205c1e5, 0xc23ac205, 0xc27dc23a, 0xc2c8c27d, 0xc311c2c8, 0xc350c311, 
0xc37dc350, 0xc397c37d, 0xc39ec397, 0xc398c39e, 0xc38dc398, 0xc386c38d, 0xc38cc386, 0xc3a4c38c, 
0xc3d0c3a4, 0xc40dc3d0, 0xc455c40d, 0xc4a0c455, 0xc4e3c4a0, 0xc518c4e3, 0xc53ac518, 0xc549c53a, 
0xc549c549, 0xc53fc549, 0xc536c53f, 0xc537c536, 0xc547c537, 0xc56ac547, 0xc5a0c56a, 0xc5e4c5a0, 
0xc62ec5e4, 0xc674c62e, 0xc6b0c674, 0xc6dac6b0, 0xc6f1c6da, 0xc6f7c6f1, 0xc6f1c6f7, 0xc6e8c6f1, 
0xc6e4c6e8, 0xc6edc6e4, 0xc708c6ed, 0xc736c708, 0xc774c736, 0xc7bcc774, 0xc804c7bc, 0xc845c804, 
0xc877c845, 0xc896c877, 0xc8a3c896, 0xc8a2c8a3, 0xc89ac8a2, 0xc893c89a, 0xc896c893, 0xc8a9c896, 
0xc8cfc8a9, 0xc907c8cf, 0xc94ac907, 0xc993c94a, 0xc9d7c993, 0xca10c9d7, 0xca37ca10, 0xca4cca37, 
0xca51ca4c, 0xca4bca51, 0xca43ca4b, 0xca42ca43, 0xca4eca42, 0xca6cca4e, 0xca9cca6c, 0xcadbca9c, 
0xcb21cadb, 0xcb68cb21, 0xcba6cb68, 0xcbd5cba6, 0xcbf2cbd5, 0xcbfdcbf2, 0xcbfbcbfd, 0xcbf4cbfb, 
0xcbefcbf4, 0xcbf5cbef, 0xcc0ccbf5, 0xcc34cc0c, 0xcc6dcc34, 0xccb0cc6d, 0xccf8ccb0, 0xcd3accf8, 
0xcd6fcd3a, 0xcd94cd6f, 0xcda7cd94, 0xcdaacda7, 0xcda5cdaa, 0xcd9fcda5, 0xcda0cd9f, 0xcdafcda0, 
0xcdcfcdaf, 0xce01cdcf, 0xce41ce01, 0xce87ce41, 0xceccce87, 0xcf07cecc, 0xcf33cf07, 0xcf4dcf33, 
0xcf57cf4d, 0xcf55cf57, 0xcf4fcf55, 0xcf4dcf4f, 0xcf55cf4d, 0xcf6ecf55, 0xcf99cf6e, 0xcfd3cf99, 
0xd016cfd3, 0xd05cd016, 0xd09cd05c, 0xd0cfd09c, 0xd0f1d0cf, 0xd102d0f1, 0xd104d102, 0xd100d104, 
0xd0fbd100, 0xd0fed0fb, 0xd110d0fe, 0xd133d110, 0xd167d133, 0xd1a7d167, 0xd1ecd1a7, 0xd22fd1ec, 
0xd268d22f, 0xd291d268, 0xd2a9d291, 0xd2b2d2a9, 0xd2b0d2b2, 0xd2aad2b0, 0xd2aad2aa, 0xd2b5d2aa, 
0xd2d1d2b5, 0xd2fdd2d1, 0xd338d2fd, 0xd37cd338, 0xd3c0d37c, 0xd3fed3c0, 0xd42ed3fe, 0xd44ed42e, 
0xd45dd44e, 0xd45fd45d, 0xd45ad45f, 0xd457d45a, 0xd45dd457, 0xd471d45d, 0xd497d471, 0xd4ccd497, 
0xd50cd4cc, 0xd551d50c, 0xd592d551, 0xd5c8d592, 0xd5efd5c8, 0xd605d5ef, 0xd60cd605, 0xd60ad60c, 
0xd606d60a, 0xd607d606, 0xd615d607, 0xd633d615, 0xd662d633, 0xd69ed662, 0xd6e1d69e, 0xd724d6e1, 
0xd760d724, 0xd78dd760, 0xd7aad78d, 0xd7b8d7aa, 0xd7b9d7b8, 0xd7b5d7b9, 0xd7b4d7b5, 0xd7bcd7b4, 
0xd7d3d7bc, 0xd7fad7d3, 0xd831d7fa, 0xd872d831, 0xd8b5d872, 0xd8f5d8b5, 0xd928d8f5, 0xd94dd928, 
0xd961d94d, 0xd967d961, 0xd965d967, 0xd962d965, 0xd965d962, 0xd976d965, 0xd996d976, 0xd9c6d996, 
0xda03d9c6, 0xda46da03, 0xda88da46, 0xdac1da88, 0xdaecdac1, 0xdb07daec, 0xdb13db07, 0xdb14db13, 
0xdb11db14, 0xdb11db11, 0xdb1bdb11, 0xdb34db1b, 0xdb5edb34, 0xdb96db5e, 0xdbd7db96, 0xdc1adbd7, 
0xdc57dc1a, 0xdc89dc57, 0xdcabdc89, 0xdcbddcab, 0xdcc2dcbd, 0xdcc0dcc2, 0xdcbedcc0, 0xdcc3dcbe, 
0xdcd6dcc3, 0xdcf9dcd6, 0xdd2bdcf9, 0xdd68dd2b, 0xddabdd68, 0xddebddab, 0xde22ddeb, 0xde4bde22, 
0xde64de4b, 0xde6ede64, 0xde6fde6e, 0xde6cde6f, 0xde6ede6c, 0xde7bde6e, 0xde96de7b, 0xdec2de96, 
0xdefbdec2, 0xdf3cdefb, 0xdf7edf3c, 0xdfb9df7e, 0xdfe9dfb9, 0xe008dfe9, 0xe018e008, 0xe01de018, 
0xe01be01d, 0xe01ae01b, 0xe022e01a, 0xe037e022, 0xe05ce037, 0xe08fe05c, 0xe0cde08f, 0xe10fe0cd, 
0xe14ee10f, 0xe183e14e, 0xe1aae183, 0xe1c0e1aa, 0xe1c9e1c0, 0xe1cae1c9, 0xe1c8e1ca, 0xe1cbe1c8, 
0xe1dae1cb, 0xe1f8e1da, 0xe226e1f8, 0xe260e226, 0xe2a1e260, 0xe2e2e2a1, 0xe31be2e2, 0xe348e31b, 
0xe366e348, 0xe374e366, 0xe378e374, 0xe376e378, 0xe377e376, 0xe380e377, 0xe398e380, 0xe3bfe398, 
0xe3f4e3bf, 0xe432e3f4, 0xe474e432, 0xe4b1e474, 0xe4e4e4b1, 0xe508e4e4, 0xe51de508, 0xe525e51d, 
0xe525e525, 0xe524e525, 0xe529e524, 0xe53ae529, 0xe55ae53a, 0xe589e55a, 0xe5c4e589, 0xe605e5c4, 
0xe645e605, 0xe67de645, 0xe6a8e67d, 0xe6c3e6a8, 0xe6d0e6c3, 0xe6d3e6d0, 0xe6d2e6d3, 0xe6d3e6d2, 
0xe6dfe6d3, 0xe6f9e6df, 0xe722e6f9, 0xe758e722, 0xe797e758, 0xe7d8e797, 0xe814e7d8, 0xe845e814, 
0xe867e845, 0xe879e867, 0xe880e879, 0xe880e880, 0xe880e880, 0xe887e880, 0xe89ae887, 0xe8bce89a, 
0xe8ede8bc, 0xe929e8ed, 0xe96ae929, 0xe9a9e96a, 0xe9dfe9a9, 0xea07e9df, 0xea20ea07, 0xea2cea20, 
0xea2eea2c, 0xea2dea2e, 0xea30ea2d, 0xea3eea30, 0xea5aea3e, 0xea85ea5a, 0xeabcea85, 0xeafceabc, 
0xeb3ceafc, 0xeb76eb3c, 0xeba5eb76, 0xebc5eba5, 0xebd6ebc5, 0xebdbebd6, 0xebdbebdb, 0xebdcebdb, 
0xebe5ebdc, 0xebfaebe5, 0xec1febfa, 0xec51ec1f, 0xec8eec51, 0xecceec8e, 0xed0cecce, 0xed40ed0c, 
0xed66ed40, 0xed7eed66, 0xed88ed7e, 0xed89ed88, 0xed89ed89, 0xed8eed89, 0xed9ded8e, 0xedbbed9d, 
0xede8edbb, 0xee21ede8, 0xee60ee21, 0xeea0ee60, 0xeed9eea0, 0xef05eed9, 0xef23ef05, 0xef32ef23, 
0xef37ef32, 0xef37ef37, 0xef38ef37, 0xef43ef38, 0xef5aef43, 0xef81ef5a, 0xefb5ef81, 0xeff2efb5, 
0xf033eff2, 0xf06ff033, 0xf0a1f06f, 0xf0c5f0a1, 0xf0dbf0c5, 0xf0e3f0db, 0xf0e5f0e3, 0xf0e5f0e5, 
0xf0ebf0e5, 0xf0fcf0eb, 0xf11df0fc, 0xf14bf11d, 0xf185f14b, 0xf1c5f185, 0xf204f1c5, 0xf23bf204, 
0xf265f23b, 0xf281f265, 0xf28ef281, 0xf292f28e, 0xf292f292, 0xf295f292, 0xf2a1f295, 0xf2bbf2a1, 
0xf2e3f2bb, 0xf319f2e3, 0xf357f319, 0xf397f357, 0xf3d2f397, 0xf402f3d2, 0xf424f402, 0xf438f424, 
0xf43ff438, 0xf440f43f, 0xf441f440, 0xf448f441, 0xf45cf448, 0xf47ef45c, 0xf4aff47e, 0xf4eaf4af, 
0xf529f4ea, 0xf567f529, 0xf59df567, 0xf5c5f59d, 0xf5dff5c5, 0xf5ebf5df, 0xf5eef5eb, 0xf5eef5ee, 
0xf5f2f5ee, 0xf600f5f2, 0xf61cf600, 0xf646f61c, 0xf67df646, 0xf6bcf67d, 0xf6fbf6bc, 0xf735f6fb, 
0xf763f735, 0xf783f763, 0xf795f783, 0xf79bf795, 0xf79bf79b, 0xf79df79b, 0xf7a6f79d, 0xf7bcf7a6, 
0xf7e0f7bc, 0xf812f7e0, 0xf84ef812, 0xf88ef84e, 0xf8cbf88e, 0xf8fef8cb, 0xf925f8fe, 0xf93cf925, 
0xf947f93c, 0xf949f947, 0xf949f949, 0xf94ff949, 0xf95ef94f, 0xf97cf95e, 0xf9a9f97c, 0xf9e1f9a9, 
0xfa20f9e1, 0xfa5ffa20, 0xfa97fa5f, 0xfac4fa97, 0xfae1fac4, 0xfaf1fae1, 0xfaf6faf1, 0xfaf7faf6, 
0xfaf9faf7, 0xfb04faf9, 0xfb1cfb04, 0xfb42fb1c, 0xfb76fb42, 0xfbb2fb76, 0xfbf2fbb2, 0xfc2efbf2, 
0xfc60fc2e, 0xfc84fc60, 0xfc9afc84, 0xfca3fc9a, 0xfca5fca3, 0xfca5fca5, 0xfcacfca5, 0xfcbdfcac, 
0xfcddfcbd, 0xfd0cfcdd, 0xfd45fd0c, 0xfd85fd45, 0xfdc3fd85, 0xfdfafdc3, 0xfe24fdfa, 0xfe40fe24, 
0xfe4efe40, 0xfe52fe4e, 0xfe52fe52, 0xfe56fe52, 0xfe62fe56, 0xfe7cfe62, 0xfea4fe7c, 0xfed9fea4, 
0xff17fed9, 0xff56ff17, 0xff91ff56, 0xffc1ff91, 0xffe3ffc1, 0xfff7ffe3, 0xfffffff7, 0x0000ffff, 
},
// Table 4, base frequency 329.627557
{
0x00000000, 0x00010000, 0x00050001, 0x000b0005, 0x0016000b, 0x00250016, 0x003a0025, 0x0054003a, 
0x00740054, 0x009b0074, 0x00c6009b, 0x00f700c6, 0x012d00f7, 0x0167012d, 0x01a40167, 0x01e301a4, 
0x022201e3, 0x02620222, 0x02a10262, 0x02dd02a1, 0x031602dd, 0x034b0316, 0x037c034b, 0x03a7037c, 
0x03cc03a7, 0x03eb03cc, 0x040503eb, 0x04190405, 0x04270419, 0x04310427, 0x04370431, 0x043a0437, 
0x043b043a, 0x043b043b, 0x043b043b, 0x043d043b, 0x0441043d, 0x04480441, 0x04530448, 0x04630453, 
0x04780463, 0x04940478, 0x04b50494, 0x04dc04b5, 0x050804dc, 0x053a0508, 0x0571053a, 0x05ab0571, 
0x05e805ab, 0x062705e8, 0x06670627, 0x06a70667, 0x06e506a7, 0x072106e5, 0x075a0721, 0x078f075a, 
0x07be078f, 0x07e807be, 0x080d07e8, 0x082b080d, 0x0844082b, 0x08570844, 0x08650857, 0x086e0865, 
0x0873086e, 0x08760873, 0x08760876, 0x08760876, 0x08760876, 0x08780876, 0x087c0878, 0x0884087c, 
0x088f0884, 0x08a0088f, 0x08b608a0, 0x08d208b6, 0x08f408d2, 0x091c08f4, 0x094a091c, 0x097d094a, 
0x09b4097d, 0x09ef09b4, 0x0a2c09ef, 0x0a6c0a2c, 0x0aac0a6c, 0x0aec0aac, 0x0b2a0aec, 0x0b660b2a, 
0x0b9e0b66, 0x0bd20b9e, 0x0c010bd2, 0x0c2b0c01, 0x0c4e0c2b, 0x0c6c0c4e, 0x0c830c6c, 0x0c950c83, 
0x0ca20c95, 0x0cab0ca2, 0x0caf0cab, 0x0cb10caf, 0x0cb20cb1, 0x0cb10cb2, 0x0cb10cb1, 0x0cb30cb1, 
0x0cb70cb3, 0x0cbf0cb7, 0x0ccc0cbf, 0x0cdd0ccc, 0x0cf40cdd, 0x0d110cf4, 0x0d340d11, 0x0d5d0d34, 
0x0d8b0d5d, 0x0dbf0d8b, 0x0df70dbf, 0x0e320df7, 0x0e710e32, 0x0eb10e71, 0x0ef10eb1, 0x0f310ef1, 
0x0f6f0f31, 0x0fab0f6f, 0x0fe30fab, 0x10160fe3, 0x10441016, 0x106d1044, 0x1090106d, 0x10ac1090, 
0x10c310ac, 0x10d410c3, 0x10e010d4, 0x10e810e0, 0x10ec10e8, 0x10ed10ec, 0x10ed10ed, 0x10ec10ed, 
0x10ec10ec, 0x10ee10ec, 0x10f210ee, 0x10fb10f2, 0x110810fb, 0x111a1108, 0x1131111a, 0x114f1131, 
0x1173114f, 0x119d1173, 0x11cc119d, 0x120111cc, 0x123a1201, 0x1276123a, 0x12b51276, 0x12f512b5, 
0x133612f5, 0x13761336, 0x13b41376, 0x13f013b4, 0x142713f0, 0x145a1427, 0x1488145a, 0x14b01488, 
0x14d114b0, 0x14ed14d1, 0x150314ed, 0x15131503, 0x151e1513, 0x1525151e, 0x15281525, 0x15291528, 
0x15281529, 0x15271528, 0x15271527, 0x15281527, 0x152d1528, 0x1536152d, 0x15431536, 0x15561543, 
0x156e1556, 0x158d156e, 0x15b2158d, 0x15dd15b2, 0x160d15dd, 0x1642160d, 0x167c1642, 0x16b9167c, 
0x16f916b9, 0x173a16f9, 0x177b173a, 0x17bc177b, 0x17fa17bc, 0x183517fa, 0x186c1835, 0x189f186c, 
0x18cc189f, 0x18f318cc, 0x191418f3, 0x192e1914, 0x1943192e, 0x19521943, 0x195c1952, 0x1962195c, 
0x19641962, 0x19641964, 0x19631964, 0x19611963, 0x19611961, 0x19631961, 0x19671963, 0x19701967, 
0x197e1970, 0x1992197e, 0x19ab1992, 0x19ca19ab, 0x19f019ca, 0x1a1c19f0, 0x1a4e1a1c, 0x1a841a4e, 
0x1abf1a84, 0x1afd1abf, 0x1b3e1afd, 0x1b7f1b3e, 0x1bc11b7f, 0x1c021bc1, 0x1c401c02, 0x1c7b1c40, 
0x1cb21c7b, 0x1ce41cb2, 0x1d101ce4, 0x1d371d10, 0x1d571d37, 0x1d701d57, 0x1d841d70, 0x1d921d84, 
0x1d9b1d92, 0x1d9f1d9b, 0x1da11d9f, 0x1da01da1, 0x1d9e1da0, 0x1d9c1d9e, 0x1d9b1d9c, 0x1d9c1d9b, 
0x1da11d9c, 0x1daa1da1, 0x1db91daa, 0x1dcd1db9, 0x1de71dcd, 0x1e071de7, 0x1e2e1e07, 0x1e5b1e2e, 
0x1e8e1e5b, 0x1ec61e8e, 0x1f011ec6, 0x1f411f01, 0x1f821f41, 0x1fc41f82, 0x20071fc4, 0x20482007, 
0x20862048, 0x20c12086, 0x20f820c1, 0x212a20f8, 0x2155212a, 0x217b2155, 0x219a217b, 0x21b2219a, 
0x21c521b2, 0x21d221c5, 0x21d921d2, 0x21dd21d9, 0x21dd21dd, 0x21db21dd, 0x21d821db, 0x21d621d8, 
0x21d421d6, 0x21d621d4, 0x21db21d6, 0x21e421db, 0x21f321e4, 0x220721f3, 0x22222207, 0x22442222, 
0x226c2244, 0x229a226c, 0x22ce229a, 0x230722ce, 0x23442307, 0x23842344, 0x23c72384, 0x240a23c7, 
0x244d240a, 0x248e244d, 0x24cd248e, 0x250824cd, 0x253f2508, 0x2570253f, 0x259b2570, 0x25bf259b, 
0x25dd25bf, 0x25f525dd, 0x260625f5, 0x26122606, 0x26182612, 0x261a2618, 0x2619261a, 0x26172619, 
0x26132617, 0x260f2613, 0x260e260f, 0x260f260e, 0x2613260f, 0x261d2613, 0x262c261d, 0x2642262c, 
0x265d2642, 0x2680265d, 0x26a92680, 0x26d826a9, 0x270e26d8, 0x2748270e, 0x27862748, 0x27c82786, 
0x280b27c8, 0x2850280b, 0x28932850, 0x28d52893, 0x291528d5, 0x29502915, 0x29862950, 0x29b72986, 
0x29e129b7, 0x2a0529e1, 0x2a222a05, 0x2a382a22, 0x2a482a38, 0x2a522a48, 0x2a572a52, 0x2a582a57, 
0x2a562a58, 0x2a522a56, 0x2a4d2a52, 0x2a492a4d, 0x2a462a49, 0x2a472a46, 0x2a4c2a47, 0x2a552a4c, 
0x2a652a55, 0x2a7b2a65, 0x2a982a7b, 0x2abb2a98, 0x2ae62abb, 0x2b162ae6, 0x2b4d2b16, 0x2b892b4d, 
0x2bc92b89, 0x2c0c2bc9, 0x2c502c0c, 0x2c962c50, 0x2cda2c96, 0x2d1d2cda, 0x2d5d2d1d, 0x2d982d5d, 
0x2dce2d98, 0x2dfe2dce, 0x2e282dfe, 0x2e4b2e28, 0x2e672e4b, 0x2e7c2e67, 0x2e8a2e7c, 0x2e932e8a, 
0x2e962e93, 0x2e962e96, 0x2e922e96, 0x2e8c2e92, 0x2e862e8c, 0x2e812e86, 0x2e7e2e81, 0x2e7e2e7e, 
0x2e832e7e, 0x2e8d2e83, 0x2e9d2e8d, 0x2eb32e9d, 0x2ed12eb3, 0x2ef62ed1, 0x2f222ef6, 0x2f542f22, 
0x2f8c2f54, 0x2fc92f8c, 0x300b2fc9, 0x304f300b, 0x3096304f, 0x30dc3096, 0x312230dc, 0x31653122, 
0x31a63165, 0x31e131a6, 0x321731e1, 0x32473217, 0x32703247, 0x32923270, 0x32ac3292, 0x32c032ac, 
0x32cd32c0, 0x32d432cd, 0x32d532d4, 0x32d332d5, 0x32ce32d3, 0x32c732ce, 0x32c032c7, 0x32b932c0, 
0x32b532b9, 0x32b532b5, 0x32b932b5, 0x32c332b9, 0x32d432c3, 0x32eb32d4, 0x330a32eb, 0x3330330a, 
0x335d3330, 0x3391335d, 0x33cb3391, 0x340a33cb, 0x344d340a, 0x3494344d, 0x34db3494, 0x352334db, 
0x356a3523, 0x35af356a, 0x35ef35af, 0x362b35ef, 0x3661362b, 0x36913661, 0x36b93691, 0x36da36b9, 
0x36f336da, 0x370536f3, 0x37103705, 0x37153710, 0x37153715, 0x37113715, 0x37093711, 0x37013709, 
0x36f83701, 0x36f036f8, 0x36ec36f0, 0x36ea36ec, 0x36ee36ea, 0x36f936ee, 0x370936f9, 0x37223709, 
0x37413722, 0x37693741, 0x37983769, 0x37cd3798, 0x380937cd, 0x384a3809, 0x3890384a, 0x38d83890, 
0x392138d8, 0x396b3921, 0x39b3396b, 0x39f939b3, 0x3a3a39f9, 0x3a763a3a, 0x3aac3a76, 0x3adb3aac, 
0x3b033adb, 0x3b223b03, 0x3b3a3b22, 0x3b4b3b3a, 0x3b543b4b, 0x3b573b54, 0x3b553b57, 0x3b4e3b55, 
0x3b453b4e, 0x3b3a3b45, 0x3b303b3a, 0x3b273b30, 0x3b213b27, 0x3b1f3b21, 0x3b223b1f, 0x3b2c3b22, 
0x3b3e3b2c, 0x3b573b3e, 0x3b783b57, 0x3ba13b78, 0x3bd13ba1, 0x3c093bd1, 0x3c473c09, 0x3c8b3c47, 
0x3cd23c8b, 0x3d1d3cd2, 0x3d683d1d, 0x3db43d68, 0x3dfe3db4, 0x3e443dfe, 0x3e873e44, 0x3ec33e87, 
0x3ef93ec3, 0x3f283ef9, 0x3f4e3f28, 0x3f6d3f4e, 0x3f833f6d, 0x3f913f83, 0x3f983f91, 0x3f993f98, 
0x3f943f99, 0x3f8c3f94, 0x3f803f8c, 0x3f733f80, 0x3f673f73, 0x3f5c3f67, 0x3f543f5c, 0x3f523f54, 
0x3f553f52, 0x3f5f3f55, 0x3f713f5f, 0x3f8a3f71, 0x3fad3f8a, 0x3fd73fad, 0x400a3fd7, 0x4044400a, 
0x40854044, 0x40cb4085, 0x411540cb, 0x41624115, 0x41b04162, 0x41fd41b0, 0x424941fd, 0x42914249, 
0x42d44291, 0x431242d4, 0x43484312, 0x43764348, 0x439b4376, 0x43b8439b, 0x43cd43b8, 0x43d943cd, 
0x43de43d9, 0x43dc43de, 0x43d443dc, 0x43c943d4, 0x43ba43c9, 0x43ab43ba, 0x439c43ab, 0x4390439c, 
0x43874390, 0x43834387, 0x43854383, 0x438f4385, 0x43a1438f, 0x43bc43a1, 0x43e043bc, 0x440c43e0, 
0x4441440c, 0x447e4441, 0x44c1447e, 0x450a44c1, 0x4558450a, 0x45a74558, 0x45f845a7, 0x464845f8, 
0x46964648, 0x46e04696, 0x472446e0, 0x47624724, 0x47984762, 0x47c64798, 0x47eb47c6, 0x480647eb, 
0x48194806, 0x48224819, 0x48244822, 0x481f4824, 0x4815481f, 0x48064815, 0x47f44806, 0x47e247f4, 
0x47d147e2, 0x47c247d1, 0x47b747c2, 0x47b247b7, 0x47b347b2, 0x47bd47b3, 0x47d047bd, 0x47ec47d0, 
0x481147ec, 0x48404811, 0x48774840, 0x48b74877, 0x48fe48b7, 0x494a48fe, 0x499b494a, 0x49ee499b, 
0x4a4249ee, 0x4a954a42, 0x4ae54a95, 0x4b314ae5, 0x4b774b31, 0x4bb54b77, 0x4bec4bb5, 0x4c194bec, 
0x4c3c4c19, 0x4c564c3c, 0x4c664c56, 0x4c6d4c66, 0x4c6c4c6d, 0x4c634c6c, 0x4c554c63, 0x4c434c55, 
0x4c2e4c43, 0x4c184c2e, 0x4c034c18, 0x4bf14c03, 0x4be44bf1, 0x4bde4be4, 0x4bdf4bde, 0x4be84bdf, 
0x4bfb4be8, 0x4c184bfb, 0x4c404c18, 0x4c714c40, 0x4cab4c71, 0x4cee4cab, 0x4d394cee, 0x4d894d39, 
0x4dde4d89, 0x4e354dde, 0x4e8d4e35, 0x4ee34e8d, 0x4f364ee3, 0x4f854f36, 0x4fcc4f85, 0x500c4fcc, 
0x5043500c, 0x506f5043, 0x5091506f, 0x50a95091, 0x50b750a9, 0x50ba50b7, 0x50b550ba, 0x50a950b5, 
0x509650a9, 0x507f5096, 0x5066507f, 0x504c5066, 0x5033504c, 0x501e5033, 0x500f501e, 0x5006500f, 
0x50065006, 0x500f5006, 0x5023500f, 0x50415023, 0x506b5041, 0x509f506b, 0x50dd509f, 0x512450dd, 
0x51735124, 0x51c85173, 0x522251c8, 0x527e5222, 0x52da527e, 0x533452da, 0x538b5334, 0x53dc538b, 
0x542653dc, 0x54675426, 0x549e5467, 0x54ca549e, 0x54eb54ca, 0x550054eb, 0x550a5500, 0x550a550a, 
0x5500550a, 0x54ef5500, 0x54d754ef, 0x54bb54d7, 0x549c54bb, 0x547d549c, 0x5460547d, 0x54485460, 
0x54355448, 0x542a5435, 0x5428542a, 0x54315428, 0x54465431, 0x54665446, 0x54925466, 0x54c95492, 
0x550c54c9, 0x5558550c, 0x55ac5558, 0x560755ac, 0x56665607, 0x56c85666, 0x572a56c8, 0x5789572a, 
0x57e45789, 0x583957e4, 0x58855839, 0x58c75885, 0x58ff58c7, 0x592a58ff, 0x5949592a, 0x595b5949, 
0x5962595b, 0x595d5962, 0x594e595d, 0x5936594e, 0x59185936, 0x58f65918, 0x58d158f6, 0x58ac58d1, 
0x588a58ac, 0x586c588a, 0x5855586c, 0x58485855, 0x58445848, 0x584d5844, 0x5862584d, 0x58845862, 
0x58b35884, 0x58ef58b3, 0x593658ef, 0x59895936, 0x59e45989, 0x5a4559e4, 0x5aac5a45, 0x5b145aac, 
0x5b7d5b14, 0x5be25b7d, 0x5c435be2, 0x5c9c5c43, 0x5ceb5c9c, 0x5d305ceb, 0x5d685d30, 0x5d925d68, 
0x5daf5d92, 0x5dbe5daf, 0x5dbf5dbe, 0x5db55dbf, 0x5d9f5db5, 0x5d805d9f, 0x5d5a5d80, 0x5d305d5a, 
0x5d035d30, 0x5cd65d03, 0x5cad5cd6, 0x5c8a5cad, 0x5c6e5c8a, 0x5c5d5c6e, 0x5c575c5d, 0x5c5f5c57, 
0x5c755c5f, 0x5c995c75, 0x5ccc5c99, 0x5d0e5ccc, 0x5d5c5d0e, 0x5db55d5c, 0x5e195db5, 0x5e835e19, 
0x5ef35e83, 0x5f645ef3, 0x5fd55f64, 0x60425fd5, 0x60a96042, 0x610860a9, 0x615c6108, 0x61a3615c, 
0x61db61a3, 0x620561db, 0x621f6205, 0x6229621f, 0x62256229, 0x62136225, 0x61f56213, 0x61cc61f5, 
0x619c61cc, 0x6168619c, 0x61316168, 0x60fb6131, 0x60c960fb, 0x609d60c9, 0x607c609d, 0x6065607c, 
0x605d6065, 0x6064605d, 0x607b6064, 0x60a3607b, 0x60db60a3, 0x612360db, 0x61796123, 0x61dd6179, 
0x624b61dd, 0x62c1624b, 0x633c62c1, 0x63b9633c, 0x643563b9, 0x64ac6435, 0x651c64ac, 0x6582651c, 
0x65db6582, 0x662565db, 0x665f6625, 0x6687665f, 0x669e6687, 0x66a2669e, 0x669666a2, 0x667a6696, 
0x6651667a, 0x661c6651, 0x65df661c, 0x659d65df, 0x6559659d, 0x65166559, 0x64d86516, 0x64a364d8, 
0x647864a3, 0x645c6478, 0x6450645c, 0x64556450, 0x646e6455, 0x6499646e, 0x64d86499, 0x652964d8, 
0x658b6529, 0x65fc658b, 0x667865fc, 0x66fd6678, 0x678866fd, 0x68156788, 0x68a06815, 0x692568a0, 
0x69a16925, 0x6a1169a1, 0x6a716a11, 0x6ac06a71, 0x6afb6ac0, 0x6b226afb, 0x6b336b22, 0x6b306b33, 
0x6b196b30, 0x6af06b19, 0x6ab76af0, 0x6a726ab7, 0x6a236a72, 0x69ce6a23, 0x697769ce, 0x69236977, 
0x68d46923, 0x689168d4, 0x685b6891, 0x6835685b, 0x68246835, 0x68276824, 0x68426827, 0x68736842, 
0x68bc6873, 0x691968bc, 0x698b6919, 0x6a0e698b, 0x6a9f6a0e, 0x6b3a6a9f, 0x6bdb6b3a, 0x6c7e6bdb, 
0x6d1e6c7e, 0x6db76d1e, 0x6e446db7, 0x6ec26e44, 0x6f2d6ec2, 0x6f836f2d, 0x6fc06f83, 0x6fe46fc0, 
0x6fef6fe4, 0x6fe16fef, 0x6fba6fe1, 0x6f7e6fba, 0x6f2e6f7e, 0x6ed06f2e, 0x6e666ed0, 0x6df66e66, 
0x6d846df6, 0x6d156d84, 0x6caf6d15, 0x6c566caf, 0x6c0e6c56, 0x6bdc6c0e, 0x6bc26bdc, 0x6bc36bc2, 
0x6be06bc3, 0x6c1a6be0, 0x6c716c1a, 0x6ce26c71, 0x6d6c6ce2, 0x6e0b6d6c, 0x6ebb6e0b, 0x6f776ebb, 
0x703b6f77, 0x7100703b, 0x71c17100, 0x727871c1, 0x73207278, 0x73b47320, 0x743073b4, 0x74907430, 
0x74d17490, 0x74f174d1, 0x74f174f1, 0x74d074f1, 0x749174d0, 0x74367491, 0x73c37436, 0x733c73c3, 
0x72a8733c, 0x720b72a8, 0x716d720b, 0x70d3716d, 0x704670d3, 0x6fc97046, 0x6f656fc9, 0x6f1d6f65, 
0x6ef56f1d, 0x6ef26ef5, 0x6f146ef2, 0x6f5c6f14, 0x6fcb6f5c, 0x705d6fcb, 0x710f705d, 0x71de710f, 
0x72c371de, 0x73b972c3, 0x74b873b9, 0x75b874b8, 0x76b375b8, 0x77a076b3, 0x787777a0, 0x79337877, 
0x79cc7933, 0x7a3e79cc, 0x7a857a3e, 0x7a9f7a85, 0x7a8b7a9f, 0x7a4a7a8b, 0x79dd7a4a, 0x794979dd, 
0x78937949, 0x77c27893, 0x76dd77c2, 0x75ec76dd, 0x74fa75ec, 0x740f74fa, 0x7335740f, 0x72757335, 
0x71d87275, 0x716571d8, 0x71237165, 0x71167123, 0x71427116, 0x71a77142, 0x724671a7, 0x731b7246, 
0x7423731b, 0x75557423, 0x76ab7555, 0x781a76ab, 0x7999781a, 0x7b1a7999, 0x7c927b1a, 0x7df47c92, 
0x7f357df4, 0x7fff7f35, 0x7fff7fff, 0x7fff7fff, 0x7fff7fff, 0x7fff7fff, 0x7fff7fff, 0x7fff7fff, 
0x7fff7fff, 0x7f557fff, 0x7df87f55, 0x7c6a7df8, 0x7ab67c6a, 0x78ec7ab6, 0x771b78ec, 0x7555771b, 
0x73ac7555, 0x723173ac, 0x70f57231, 0x700870f5, 0x6f777008, 0x6f4f6f77, 0x6f976f4f, 0x70576f97, 
0x718f7057, 0x733d718f, 0x755c733d, 0x77e1755c, 0x7abd77e1, 0x7ddf7abd, 0x7fff7ddf, 0x7fff7fff, 
0x7fff7fff, 0x7fff7fff, 0x7fff7fff, 0x7fff7fff, 0x7fff7fff, 0x7fff7fff, 0x7fff7fff, 0x7fff7fff, 
0x7fff7fff, 0x7fff7fff, 0x7fff7fff, 0x7fff7fff, 0x7fff7fff, 0x7bdf7fff, 0x73947bdf, 0x6a1f7394, 
0x5f8f6a1f, 0x53f95f8f, 0x477953f9, 0x3a2d4779, 0x2c393a2d, 0x1dc52c39, 0x0ef81dc5, 0x00000ef8, 
0xf1080000, 0xe23bf108, 0xd3c7e23b, 0xc5d3d3c7, 0xb887c5d3, 0xac07b887, 0xa071ac07, 0x95e1a071, 
0x8c6c95e1, 0x84218c6c, 0x80018421, 0x80018001, 0x80018001, 0x80018001, 0x80018001, 0x80018001, 
0x80018001, 0x80018001, 0x80018001, 0x80018001, 0x80018001, 0x80018001, 0x80018001, 0x80018001, 
0x80018001, 0x82218001, 0x85438221, 0x881f8543, 0x8aa4881f, 0x8cc38aa4, 0x8e718cc3, 0x8fa98e71, 
0x90698fa9, 0x90b19069, 0x908990b1, 0x8ff89089, 0x8f0b8ff8, 0x8dcf8f0b, 0x8c548dcf, 0x8aab8c54, 
0x88e58aab, 0x871488e5, 0x854a8714, 0x8396854a, 0x82088396, 0x80ab8208, 0x800180ab, 0x80018001, 
0x80018001, 0x80018001, 0x80018001, 0x80018001, 0x80018001, 0x80018001, 0x80cb8001, 0x820c80cb, 
0x836e820c, 0x84e6836e, 0x866784e6, 0x87e68667, 0x895587e6, 0x8aab8955, 0x8bdd8aab, 0x8ce58bdd, 
0x8dba8ce5, 0x8e598dba, 0x8ebe8e59, 0x8eea8ebe, 0x8edd8eea, 0x8e9b8edd, 0x8e288e9b, 0x8d8b8e28, 
0x8ccb8d8b, 0x8bf18ccb, 0x8b068bf1, 0x8a148b06, 0x89238a14, 0x883e8923, 0x876d883e, 0x86b7876d, 
0x862386b7, 0x85b68623, 0x857585b6, 0x85618575, 0x857b8561, 0x85c2857b, 0x863485c2, 0x86cd8634, 
0x878986cd, 0x88608789, 0x894d8860, 0x8a48894d, 0x8b488a48, 0x8c478b48, 0x8d3d8c47, 0x8e228d3d, 
0x8ef18e22, 0x8fa38ef1, 0x90358fa3, 0x90a49035, 0x90ec90a4, 0x910e90ec, 0x910b910e, 0x90e3910b, 
0x909b90e3, 0x9037909b, 0x8fba9037, 0x8f2d8fba, 0x8e938f2d, 0x8df58e93, 0x8d588df5, 0x8cc48d58, 
0x8c3d8cc4, 0x8bca8c3d, 0x8b6f8bca, 0x8b308b6f, 0x8b0f8b30, 0x8b0f8b0f, 0x8b2f8b0f, 0x8b708b2f, 
0x8bd08b70, 0x8c4c8bd0, 0x8ce08c4c, 0x8d888ce0, 0x8e3f8d88, 0x8f008e3f, 0x8fc58f00, 0x90898fc5, 
0x91459089, 0x91f59145, 0x929491f5, 0x931e9294, 0x938f931e, 0x93e6938f, 0x942093e6, 0x943d9420, 
0x943e943d, 0x9424943e, 0x93f29424, 0x93aa93f2, 0x935193aa, 0x92eb9351, 0x927c92eb, 0x920a927c, 
0x919a920a, 0x9130919a, 0x90d29130, 0x908290d2, 0x90469082, 0x901f9046, 0x9011901f, 0x901c9011, 
0x9040901c, 0x907d9040, 0x90d3907d, 0x913e90d3, 0x91bc913e, 0x924991bc, 0x92e29249, 0x938292e2, 
0x94259382, 0x94c69425, 0x956194c6, 0x95f29561, 0x967595f2, 0x96e79675, 0x974496e7, 0x978d9744, 
0x97be978d, 0x97d997be, 0x97dc97d9, 0x97cb97dc, 0x97a597cb, 0x976f97a5, 0x972c976f, 0x96dd972c, 
0x968996dd, 0x96329689, 0x95dd9632, 0x958e95dd, 0x9549958e, 0x95109549, 0x94e79510, 0x94d094e7, 
0x94cd94d0, 0x94de94cd, 0x950594de, 0x95409505, 0x958f9540, 0x95ef958f, 0x965f95ef, 0x96db965f, 
0x976096db, 0x97eb9760, 0x987897eb, 0x99039878, 0x99889903, 0x9a049988, 0x9a759a04, 0x9ad79a75, 
0x9b289ad7, 0x9b679b28, 0x9b929b67, 0x9bab9b92, 0x9bb09bab, 0x9ba49bb0, 0x9b889ba4, 0x9b5d9b88, 
0x9b289b5d, 0x9aea9b28, 0x9aa79aea, 0x9a639aa7, 0x9a219a63, 0x99e49a21, 0x99af99e4, 0x998699af, 
0x996a9986, 0x995e996a, 0x9962995e, 0x99799962, 0x99a19979, 0x99db99a1, 0x9a2599db, 0x9a7e9a25, 
0x9ae49a7e, 0x9b549ae4, 0x9bcb9b54, 0x9c479bcb, 0x9cc49c47, 0x9d3f9cc4, 0x9db59d3f, 0x9e239db5, 
0x9e879e23, 0x9edd9e87, 0x9f259edd, 0x9f5d9f25, 0x9f859f5d, 0x9f9c9f85, 0x9fa39f9c, 0x9f9b9fa3, 
0x9f849f9b, 0x9f639f84, 0x9f379f63, 0x9f059f37, 0x9ecf9f05, 0x9e989ecf, 0x9e649e98, 0x9e349e64, 
0x9e0b9e34, 0x9ded9e0b, 0x9ddb9ded, 0x9dd79ddb, 0x9de19dd7, 0x9dfb9de1, 0x9e259dfb, 0x9e5d9e25, 
0x9ea49e5d, 0x9ef89ea4, 0x9f579ef8, 0x9fbe9f57, 0xa02b9fbe, 0xa09ca02b, 0xa10da09c, 0xa17da10d, 
0xa1e7a17d, 0xa24ba1e7, 0xa2a4a24b, 0xa2f2a2a4, 0xa334a2f2, 0xa367a334, 0xa38ba367, 0xa3a1a38b, 
0xa3a9a3a1, 0xa3a3a3a9, 0xa392a3a3, 0xa376a392, 0xa353a376, 0xa32aa353, 0xa2fda32a, 0xa2d0a2fd, 
0xa2a6a2d0, 0xa280a2a6, 0xa261a280, 0xa24ba261, 0xa241a24b, 0xa242a241, 0xa251a242, 0xa26ea251, 
0xa298a26e, 0xa2d0a298, 0xa315a2d0, 0xa364a315, 0xa3bda364, 0xa41ea3bd, 0xa483a41e, 0xa4eca483, 
0xa554a4ec, 0xa5bba554, 0xa61ca5bb, 0xa677a61c, 0xa6caa677, 0xa711a6ca, 0xa74da711, 0xa77ca74d, 
0xa79ea77c, 0xa7b3a79e, 0xa7bca7b3, 0xa7b8a7bc, 0xa7aba7b8, 0xa794a7ab, 0xa776a794, 0xa754a776, 
0xa72fa754, 0xa70aa72f, 0xa6e8a70a, 0xa6caa6e8, 0xa6b2a6ca, 0xa6a3a6b2, 0xa69ea6a3, 0xa6a5a69e, 
0xa6b7a6a5, 0xa6d6a6b7, 0xa701a6d6, 0xa739a701, 0xa77ba739, 0xa7c7a77b, 0xa81ca7c7, 0xa877a81c, 
0xa8d6a877, 0xa938a8d6, 0xa99aa938, 0xa9f9a99a, 0xaa54a9f9, 0xaaa8aa54, 0xaaf4aaa8, 0xab37aaf4, 
0xab6eab37, 0xab9aab6e, 0xabbaab9a, 0xabcfabba, 0xabd8abcf, 0xabd6abd8, 0xabcbabd6, 0xabb8abcb, 
0xaba0abb8, 0xab83aba0, 0xab64ab83, 0xab45ab64, 0xab29ab45, 0xab11ab29, 0xab00ab11, 0xaaf6ab00, 
0xaaf6aaf6, 0xab00aaf6, 0xab15ab00, 0xab36ab15, 0xab62ab36, 0xab99ab62, 0xabdaab99, 0xac24abda, 
0xac75ac24, 0xacccac75, 0xad26accc, 0xad82ad26, 0xaddead82, 0xae38adde, 0xae8dae38, 0xaedcae8d, 
0xaf23aedc, 0xaf61af23, 0xaf95af61, 0xafbfaf95, 0xafddafbf, 0xaff1afdd, 0xaffaaff1, 0xaffaaffa, 
0xaff1affa, 0xafe2aff1, 0xafcdafe2, 0xafb4afcd, 0xaf9aafb4, 0xaf81af9a, 0xaf6aaf81, 0xaf57af6a, 
0xaf4baf57, 0xaf46af4b, 0xaf49af46, 0xaf57af49, 0xaf6faf57, 0xaf91af6f, 0xafbdaf91, 0xaff4afbd, 
0xb034aff4, 0xb07bb034, 0xb0cab07b, 0xb11db0ca, 0xb173b11d, 0xb1cbb173, 0xb222b1cb, 0xb277b222, 
0xb2c7b277, 0xb312b2c7, 0xb355b312, 0xb38fb355, 0xb3c0b38f, 0xb3e8b3c0, 0xb405b3e8, 0xb418b405, 
0xb421b418, 0xb422b421, 0xb41cb422, 0xb40fb41c, 0xb3fdb40f, 0xb3e8b3fd, 0xb3d2b3e8, 0xb3bdb3d2, 
0xb3abb3bd, 0xb39db3ab, 0xb394b39d, 0xb393b394, 0xb39ab393, 0xb3aab39a, 0xb3c4b3aa, 0xb3e7b3c4, 
0xb414b3e7, 0xb44bb414, 0xb489b44b, 0xb4cfb489, 0xb51bb4cf, 0xb56bb51b, 0xb5beb56b, 0xb612b5be, 
0xb665b612, 0xb6b6b665, 0xb702b6b6, 0xb749b702, 0xb789b749, 0xb7c0b789, 0xb7efb7c0, 0xb814b7ef, 
0xb830b814, 0xb843b830, 0xb84db843, 0xb84eb84d, 0xb849b84e, 0xb83eb849, 0xb82fb83e, 0xb81eb82f, 
0xb80cb81e, 0xb7fab80c, 0xb7ebb7fa, 0xb7e1b7eb, 0xb7dcb7e1, 0xb7deb7dc, 0xb7e7b7de, 0xb7fab7e7, 
0xb815b7fa, 0xb83ab815, 0xb868b83a, 0xb89eb868, 0xb8dcb89e, 0xb920b8dc, 0xb96ab920, 0xb9b8b96a, 
0xba08b9b8, 0xba59ba08, 0xbaa8ba59, 0xbaf6baa8, 0xbb3fbaf6, 0xbb82bb3f, 0xbbbfbb82, 0xbbf4bbbf, 
0xbc20bbf4, 0xbc44bc20, 0xbc5fbc44, 0xbc71bc5f, 0xbc7bbc71, 0xbc7dbc7b, 0xbc79bc7d, 0xbc70bc79, 
0xbc64bc70, 0xbc55bc64, 0xbc46bc55, 0xbc37bc46, 0xbc2cbc37, 0xbc24bc2c, 0xbc22bc24, 0xbc27bc22, 
0xbc33bc27, 0xbc48bc33, 0xbc65bc48, 0xbc8abc65, 0xbcb8bc8a, 0xbceebcb8, 0xbd2cbcee, 0xbd6fbd2c, 
0xbdb7bd6f, 0xbe03bdb7, 0xbe50be03, 0xbe9ebe50, 0xbeebbe9e, 0xbf35beeb, 0xbf7bbf35, 0xbfbcbf7b, 
0xbff6bfbc, 0xc029bff6, 0xc053c029, 0xc076c053, 0xc08fc076, 0xc0a1c08f, 0xc0abc0a1, 0xc0aec0ab, 
0xc0acc0ae, 0xc0a4c0ac, 0xc099c0a4, 0xc08dc099, 0xc080c08d, 0xc074c080, 0xc06cc074, 0xc067c06c, 
0xc068c067, 0xc06fc068, 0xc07dc06f, 0xc093c07d, 0xc0b2c093, 0xc0d8c0b2, 0xc107c0d8, 0xc13dc107, 
0xc179c13d, 0xc1bcc179, 0xc202c1bc, 0xc24cc202, 0xc298c24c, 0xc2e3c298, 0xc32ec2e3, 0xc375c32e, 
0xc3b9c375, 0xc3f7c3b9, 0xc42fc3f7, 0xc45fc42f, 0xc488c45f, 0xc4a9c488, 0xc4c2c4a9, 0xc4d4c4c2, 
0xc4dec4d4, 0xc4e1c4de, 0xc4dfc4e1, 0xc4d9c4df, 0xc4d0c4d9, 0xc4c6c4d0, 0xc4bbc4c6, 0xc4b2c4bb, 
0xc4abc4b2, 0xc4a9c4ab, 0xc4acc4a9, 0xc4b5c4ac, 0xc4c6c4b5, 0xc4dec4c6, 0xc4fdc4de, 0xc525c4fd, 
0xc554c525, 0xc58ac554, 0xc5c6c58a, 0xc607c5c6, 0xc64dc607, 0xc695c64d, 0xc6dfc695, 0xc728c6df, 
0xc770c728, 0xc7b6c770, 0xc7f7c7b6, 0xc833c7f7, 0xc868c833, 0xc897c868, 0xc8bfc897, 0xc8dec8bf, 
0xc8f7c8de, 0xc907c8f7, 0xc912c907, 0xc916c912, 0xc914c916, 0xc910c914, 0xc908c910, 0xc8ffc908, 
0xc8f7c8ff, 0xc8efc8f7, 0xc8ebc8ef, 0xc8ebc8eb, 0xc8f0c8eb, 0xc8fbc8f0, 0xc90dc8fb, 0xc926c90d, 
0xc947c926, 0xc96fc947, 0xc99fc96f, 0xc9d5c99f, 0xca11c9d5, 0xca51ca11, 0xca96ca51, 0xcaddca96, 
0xcb25cadd, 0xcb6ccb25, 0xcbb3cb6c, 0xcbf6cbb3, 0xcc35cbf6, 0xcc6fcc35, 0xcca3cc6f, 0xccd0cca3, 
0xccf6ccd0, 0xcd15ccf6, 0xcd2ccd15, 0xcd3dcd2c, 0xcd47cd3d, 0xcd4bcd47, 0xcd4bcd4b, 0xcd47cd4b, 
0xcd40cd47, 0xcd39cd40, 0xcd32cd39, 0xcd2dcd32, 0xcd2bcd2d, 0xcd2ccd2b, 0xcd33cd2c, 0xcd40cd33, 
0xcd54cd40, 0xcd6ecd54, 0xcd90cd6e, 0xcdb9cd90, 0xcde9cdb9, 0xce1fcde9, 0xce5ace1f, 0xce9bce5a, 
0xcedece9b, 0xcf24cede, 0xcf6acf24, 0xcfb1cf6a, 0xcff5cfb1, 0xd037cff5, 0xd074d037, 0xd0acd074, 
0xd0ded0ac, 0xd10ad0de, 0xd12fd10a, 0xd14dd12f, 0xd163d14d, 0xd173d163, 0xd17dd173, 0xd182d17d, 
0xd182d182, 0xd17fd182, 0xd17ad17f, 0xd174d17a, 0xd16ed174, 0xd16ad16e, 0xd16ad16a, 0xd16dd16a, 
0xd176d16d, 0xd184d176, 0xd199d184, 0xd1b5d199, 0xd1d8d1b5, 0xd202d1d8, 0xd232d202, 0xd268d232, 
0xd2a3d268, 0xd2e3d2a3, 0xd326d2e3, 0xd36ad326, 0xd3b0d36a, 0xd3f4d3b0, 0xd437d3f4, 0xd477d437, 
0xd4b3d477, 0xd4ead4b3, 0xd51ad4ea, 0xd545d51a, 0xd568d545, 0xd585d568, 0xd59bd585, 0xd5abd59b, 
0xd5b4d5ab, 0xd5b9d5b4, 0xd5bad5b9, 0xd5b7d5ba, 0xd5b3d5b7, 0xd5aed5b3, 0xd5aad5ae, 0xd5a8d5aa, 
0xd5a9d5a8, 0xd5aed5a9, 0xd5b8d5ae, 0xd5c8d5b8, 0xd5ded5c8, 0xd5fbd5de, 0xd61fd5fb, 0xd649d61f, 
0xd67ad649, 0xd6b0d67a, 0xd6ebd6b0, 0xd72bd6eb, 0xd76dd72b, 0xd7b0d76d, 0xd7f5d7b0, 0xd838d7f5, 
0xd87ad838, 0xd8b8d87a, 0xd8f2d8b8, 0xd928d8f2, 0xd957d928, 0xd980d957, 0xd9a3d980, 0xd9bed9a3, 
0xd9d4d9be, 0xd9e3d9d4, 0xd9edd9e3, 0xd9f1d9ed, 0xd9f2d9f1, 0xd9f1d9f2, 0xd9edd9f1, 0xd9e9d9ed, 
0xd9e7d9e9, 0xd9e6d9e7, 0xd9e8d9e6, 0xd9eed9e8, 0xd9fad9ee, 0xda0bd9fa, 0xda23da0b, 0xda41da23, 
0xda65da41, 0xda90da65, 0xdac1da90, 0xdaf8dac1, 0xdb33daf8, 0xdb72db33, 0xdbb3db72, 0xdbf6dbb3, 
0xdc39dbf6, 0xdc7cdc39, 0xdcbcdc7c, 0xdcf9dcbc, 0xdd32dcf9, 0xdd66dd32, 0xdd94dd66, 0xddbcdd94, 
0xdddeddbc, 0xddf9ddde, 0xde0dddf9, 0xde1cde0d, 0xde25de1c, 0xde2ade25, 0xde2cde2a, 0xde2ade2c, 
0xde28de2a, 0xde25de28, 0xde23de25, 0xde23de23, 0xde27de23, 0xde2ede27, 0xde3bde2e, 0xde4ede3b, 
0xde66de4e, 0xde85de66, 0xdeabde85, 0xded6deab, 0xdf08ded6, 0xdf3fdf08, 0xdf7adf3f, 0xdfb8df7a, 
0xdff9dfb8, 0xe03cdff9, 0xe07ee03c, 0xe0bfe07e, 0xe0ffe0bf, 0xe13ae0ff, 0xe172e13a, 0xe1a5e172, 
0xe1d2e1a5, 0xe1f9e1d2, 0xe219e1f9, 0xe233e219, 0xe247e233, 0xe256e247, 0xe25fe256, 0xe264e25f, 
0xe265e264, 0xe264e265, 0xe262e264, 0xe260e262, 0xe25fe260, 0xe261e25f, 0xe265e261, 0xe26ee265, 
0xe27ce26e, 0xe290e27c, 0xe2a9e290, 0xe2c9e2a9, 0xe2f0e2c9, 0xe31ce2f0, 0xe34ee31c, 0xe385e34e, 
0xe3c0e385, 0xe3fee3c0, 0xe43fe3fe, 0xe481e43f, 0xe4c2e481, 0xe503e4c2, 0xe541e503, 0xe57ce541, 
0xe5b2e57c, 0xe5e4e5b2, 0xe610e5e4, 0xe636e610, 0xe655e636, 0xe66ee655, 0xe682e66e, 0xe690e682, 
0xe699e690, 0xe69de699, 0xe69fe69d, 0xe69fe69f, 0xe69de69f, 0xe69ce69d, 0xe69ce69c, 0xe69ee69c, 
0xe6a4e69e, 0xe6aee6a4, 0xe6bde6ae, 0xe6d2e6bd, 0xe6ece6d2, 0xe70de6ec, 0xe734e70d, 0xe761e734, 
0xe794e761, 0xe7cbe794, 0xe806e7cb, 0xe844e806, 0xe885e844, 0xe8c6e885, 0xe907e8c6, 0xe947e907, 
0xe984e947, 0xe9bee984, 0xe9f3e9be, 0xea23e9f3, 0xea4eea23, 0xea73ea4e, 0xea92ea73, 0xeaaaea92, 
0xeabdeaaa, 0xeacaeabd, 0xead3eaca, 0xead8ead3, 0xead9ead8, 0xead9ead9, 0xead8ead9, 0xead7ead8, 
0xead8ead7, 0xeadbead8, 0xeae2eadb, 0xeaedeae2, 0xeafdeaed, 0xeb13eafd, 0xeb2feb13, 0xeb50eb2f, 
0xeb78eb50, 0xeba6eb78, 0xebd9eba6, 0xec10ebd9, 0xec4cec10, 0xec8aec4c, 0xeccaec8a, 0xed0becca, 
0xed4bed0b, 0xed8aed4b, 0xedc6ed8a, 0xedffedc6, 0xee34edff, 0xee63ee34, 0xee8dee63, 0xeeb1ee8d, 
0xeecfeeb1, 0xeee6eecf, 0xeef8eee6, 0xef05eef8, 0xef0eef05, 0xef12ef0e, 0xef14ef12, 0xef14ef14, 
0xef13ef14, 0xef13ef13, 0xef14ef13, 0xef18ef14, 0xef20ef18, 0xef2cef20, 0xef3def2c, 0xef54ef3d, 
0xef70ef54, 0xef93ef70, 0xefbcef93, 0xefeaefbc, 0xf01defea, 0xf055f01d, 0xf091f055, 0xf0cff091, 
0xf10ff0cf, 0xf14ff10f, 0xf18ff14f, 0xf1cef18f, 0xf209f1ce, 0xf241f209, 0xf275f241, 0xf2a3f275, 
0xf2ccf2a3, 0xf2eff2cc, 0xf30cf2ef, 0xf323f30c, 0xf334f323, 0xf341f334, 0xf349f341, 0xf34df349, 
0xf34ff34d, 0xf34ff34f, 0xf34ef34f, 0xf34ff34e, 0xf351f34f, 0xf355f351, 0xf35ef355, 0xf36bf35e, 
0xf37df36b, 0xf394f37d, 0xf3b2f394, 0xf3d5f3b2, 0xf3fff3d5, 0xf42ef3ff, 0xf462f42e, 0xf49af462, 
0xf4d6f49a, 0xf514f4d6, 0xf554f514, 0xf594f554, 0xf5d4f594, 0xf611f5d4, 0xf64cf611, 0xf683f64c, 
0xf6b6f683, 0xf6e4f6b6, 0xf70cf6e4, 0xf72ef70c, 0xf74af72e, 0xf760f74a, 0xf771f760, 0xf77cf771, 
0xf784f77c, 0xf788f784, 0xf78af788, 0xf78af78a, 0xf78af78a, 0xf78af78a, 0xf78df78a, 0xf792f78d, 
0xf79bf792, 0xf7a9f79b, 0xf7bcf7a9, 0xf7d5f7bc, 0xf7f3f7d5, 0xf818f7f3, 0xf842f818, 0xf871f842, 
0xf8a6f871, 0xf8dff8a6, 0xf91bf8df, 0xf959f91b, 0xf999f959, 0xf9d9f999, 0xfa18f9d9, 0xfa55fa18, 
0xfa8ffa55, 0xfac6fa8f, 0xfaf8fac6, 0xfb24faf8, 0xfb4bfb24, 0xfb6cfb4b, 0xfb88fb6c, 0xfb9dfb88, 
0xfbadfb9d, 0xfbb8fbad, 0xfbbffbb8, 0xfbc3fbbf, 0xfbc5fbc3, 0xfbc5fbc5, 0xfbc5fbc5, 0xfbc6fbc5, 
0xfbc9fbc6, 0xfbcffbc9, 0xfbd9fbcf, 0xfbe7fbd9, 0xfbfbfbe7, 0xfc15fbfb, 0xfc34fc15, 0xfc59fc34, 
0xfc84fc59, 0xfcb5fc84, 0xfceafcb5, 0xfd23fcea, 0xfd5ffd23, 0xfd9efd5f, 0xfddefd9e, 0xfe1dfdde, 
0xfe5cfe1d, 0xfe99fe5c, 0xfed3fe99, 0xff09fed3, 0xff3aff09, 0xff65ff3a, 0xff8cff65, 0xffacff8c, 
0xffc6ffac, 0xffdbffc6, 0xffeaffdb, 0xfff5ffea, 0xfffbfff5, 0xfffffffb, 0x0000ffff, 0x00000000, 
},
// Table 5, base frequency 830.609395
{
0x00000000, 0x00000000, 0x00010000, 0x00020001, 0x00040002, 0x00060004, 0x000a0006, 0x000f000a, 
0x0015000f, 0x001d0015, 0x0027001d, 0x00320027, 0x003f0032, 0x004e003f, 0x005f004e, 0x0073005f, 
0x00880073, 0x00a00088, 0x00bb00a0, 0x00d700bb, 0x00f600d7, 0x011800f6, 0x013c0118, 0x0162013c, 
0x018a0162, 0x01b5018a, 0x01e201b5, 0x021101e2, 0x02430211, 0x02760243, 0x02ab0276, 0x02e202ab, 
0x031b02e2, 0x0355031b, 0x03900355, 0x03cd0390, 0x040a03cd, 0x0448040a, 0x04880448, 0x04c70488, 
0x050704c7, 0x05470507, 0x05870547, 0x05c70587, 0x060605c7, 0x06450606, 0x06830645, 0x06c00683, 
0x06fc06c0, 0x073706fc, 0x07710737, 0x07a90771, 0x07df07a9, 0x081307df, 0x08460813, 0x08760846, 
0x08a50876, 0x08d108a5, 0x08fb08d1, 0x092308fb, 0x09480923, 0x096b0948, 0x098b096b, 0x09a9098b, 
0x09c509a9, 0x09de09c5, 0x09f509de, 0x0a0a09f5, 0x0a1c0a0a, 0x0a2d0a1c, 0x0a3b0a2d, 0x0a470a3b, 
0x0a510a47, 0x0a5a0a51, 0x0a610a5a, 0x0a660a61, 0x0a6b0a66, 0x0a6e0a6b, 0x0a700a6e, 0x0a710a70, 
0x0a720a71, 0x0a720a72, 0x0a720a72, 0x0a720a72, 0x0a710a72, 0x0a710a71, 0x0a720a71, 0x0a730a72, 
0x0a750a73, 0x0a780a75, 0x0a7c0a78, 0x0a810a7c, 0x0a880a81, 0x0a900a88, 0x0a9a0a90, 0x0aa60a9a, 
0x0ab30aa6, 0x0ac30ab3, 0x0ad50ac3, 0x0ae90ad5, 0x0b000ae9, 0x0b180b00, 0x0b340b18, 0x0b510b34, 
0x0b710b51, 0x0b940b71, 0x0bb80b94, 0x0be00bb8, 0x0c090be0, 0x0c350c09, 0x0c640c35, 0x0c940c64, 
0x0cc60c94, 0x0cfb0cc6, 0x0d310cfb, 0x0d690d31, 0x0da20d69, 0x0ddd0da2, 0x0e190ddd, 0x0e570e19, 
0x0e950e57, 0x0ed40e95, 0x0f140ed4, 0x0f540f14, 0x0f950f54, 0x0fd60f95, 0x10160fd6, 0x10561016, 
0x10961056, 0x10d51096, 0x111310d5, 0x11511113, 0x118d1151, 0x11c7118d, 0x120111c7, 0x12381201, 
0x126e1238, 0x12a3126e, 0x12d512a3, 0x130512d5, 0x13321305, 0x135e1332, 0x1387135e, 0x13ae1387, 
0x13d213ae, 0x13f413d2, 0x141413f4, 0x14311414, 0x144b1431, 0x1463144b, 0x14791463, 0x148d1479, 
0x149e148d, 0x14ad149e, 0x14ba14ad, 0x14c514ba, 0x14ce14c5, 0x14d514ce, 0x14db14d5, 0x14df14db, 
0x14e314df, 0x14e414e3, 0x14e614e4, 0x14e614e6, 0x14e514e6, 0x14e514e5, 0x14e414e5, 0x14e214e4, 
0x14e214e2, 0x14e114e2, 0x14e114e1, 0x14e114e1, 0x14e314e1, 0x14e514e3, 0x14e914e5, 0x14ee14e9, 
0x14f514ee, 0x14fd14f5, 0x150714fd, 0x15131507, 0x15211513, 0x15311521, 0x15441531, 0x15591544, 
0x15701559, 0x15891570, 0x15a51589, 0x15c415a5, 0x15e515c4, 0x160915e5, 0x162f1609, 0x1657162f, 
0x16821657, 0x16af1682, 0x16df16af, 0x171116df, 0x17441711, 0x177a1744, 0x17b2177a, 0x17eb17b2, 
0x182617eb, 0x18631826, 0x18a01863, 0x18df18a0, 0x191f18df, 0x195f191f, 0x19a0195f, 0x19e219a0, 
0x1a2419e2, 0x1a651a24, 0x1aa71a65, 0x1ae81aa7, 0x1b281ae8, 0x1b681b28, 0x1ba71b68, 0x1be51ba7, 
0x1c221be5, 0x1c5d1c22, 0x1c961c5d, 0x1cce1c96, 0x1d041cce, 0x1d381d04, 0x1d6a1d38, 0x1d9a1d6a, 
0x1dc71d9a, 0x1df21dc7, 0x1e1b1df2, 0x1e411e1b, 0x1e641e41, 0x1e851e64, 0x1ea41e85, 0x1ebf1ea4, 
0x1ed91ebf, 0x1ef01ed9, 0x1f041ef0, 0x1f161f04, 0x1f261f16, 0x1f331f26, 0x1f3e1f33, 0x1f481f3e, 
0x1f4f1f48, 0x1f551f4f, 0x1f591f55, 0x1f5b1f59, 0x1f5d1f5b, 0x1f5d1f5d, 0x1f5c1f5d, 0x1f5b1f5c, 
0x1f591f5b, 0x1f571f59, 0x1f541f57, 0x1f521f54, 0x1f4f1f52, 0x1f4e1f4f, 0x1f4c1f4e, 0x1f4c1f4c, 
0x1f4c1f4c, 0x1f4e1f4c, 0x1f511f4e, 0x1f561f51, 0x1f5c1f56, 0x1f641f5c, 0x1f6e1f64, 0x1f7a1f6e, 
0x1f881f7a, 0x1f981f88, 0x1fab1f98, 0x1fc01fab, 0x1fd81fc0, 0x1ff21fd8, 0x200f1ff2, 0x202f200f, 
0x2051202f, 0x20762051, 0x209d2076, 0x20c7209d, 0x20f320c7, 0x212220f3, 0x21532122, 0x21872153, 
0x21bd2187, 0x21f421bd, 0x222e21f4, 0x2269222e, 0x22a62269, 0x22e522a6, 0x232522e5, 0x23652325, 
0x23a72365, 0x23ea23a7, 0x242d23ea, 0x2470242d, 0x24b42470, 0x24f724b4, 0x253a24f7, 0x257d253a, 
0x25bf257d, 0x260025bf, 0x26402600, 0x267f2640, 0x26bd267f, 0x26f926bd, 0x273326f9, 0x276c2733, 
0x27a2276c, 0x27d627a2, 0x280827d6, 0x28382808, 0x28652838, 0x288f2865, 0x28b7288f, 0x28dd28b7, 
0x28ff28dd, 0x291f28ff, 0x293c291f, 0x2957293c, 0x296f2957, 0x2984296f, 0x29972984, 0x29a72997, 
0x29b429a7, 0x29c029b4, 0x29c929c0, 0x29d029c9, 0x29d529d0, 0x29d929d5, 0x29da29d9, 0x29da29da, 
0x29d929da, 0x29d729d9, 0x29d429d7, 0x29d029d4, 0x29cc29d0, 0x29c829cc, 0x29c329c8, 0x29be29c3, 
0x29ba29be, 0x29b629ba, 0x29b329b6, 0x29b129b3, 0x29b029b1, 0x29b029b0, 0x29b229b0, 0x29b529b2, 
0x29ba29b5, 0x29c129ba, 0x29cb29c1, 0x29d629cb, 0x29e429d6, 0x29f529e4, 0x2a0729f5, 0x2a1d2a07, 
0x2a352a1d, 0x2a502a35, 0x2a6e2a50, 0x2a8f2a6e, 0x2ab22a8f, 0x2ad92ab2, 0x2b022ad9, 0x2b2d2b02, 
0x2b5c2b2d, 0x2b8d2b5c, 0x2bc02b8d, 0x2bf62bc0, 0x2c2e2bf6, 0x2c692c2e, 0x2ca52c69, 0x2ce32ca5, 
0x2d232ce3, 0x2d642d23, 0x2da72d64, 0x2dea2da7, 0x2e2f2dea, 0x2e742e2f, 0x2eba2e74, 0x2f002eba, 
0x2f462f00, 0x2f8c2f46, 0x2fd22f8c, 0x30172fd2, 0x305b3017, 0x309f305b, 0x30e1309f, 0x312230e1, 
0x31613122, 0x319e3161, 0x31da319e, 0x321331da, 0x324a3213, 0x327f324a, 0x32b2327f, 0x32e132b2, 
0x330e32e1, 0x3339330e, 0x33603339, 0x33853360, 0x33a63385, 0x33c533a6, 0x33e133c5, 0x33fa33e1, 
0x341033fa, 0x34233410, 0x34333423, 0x34413433, 0x344c3441, 0x3455344c, 0x345b3455, 0x345f345b, 
0x3461345f, 0x34613461, 0x34603461, 0x345d3460, 0x3458345d, 0x34533458, 0x344d3453, 0x3445344d, 
0x343e3445, 0x3436343e, 0x342e3436, 0x3426342e, 0x341f3426, 0x3418341f, 0x34123418, 0x340e3412, 
0x340a340e, 0x3408340a, 0x34083408, 0x340a3408, 0x340d340a, 0x3413340d, 0x341b3413, 0x3426341b, 
0x34333426, 0x34433433, 0x34563443, 0x346c3456, 0x3485346c, 0x34a13485, 0x34c034a1, 0x34e234c0, 
0x350734e2, 0x352f3507, 0x355a352f, 0x3588355a, 0x35b93588, 0x35ed35b9, 0x362335ed, 0x365c3623, 
0x3698365c, 0x36d53698, 0x371536d5, 0x37573715, 0x379b3757, 0x37e0379b, 0x382637e0, 0x386e3826, 
0x38b6386e, 0x390038b6, 0x394a3900, 0x3994394a, 0x39de3994, 0x3a2739de, 0x3a713a27, 0x3ab93a71, 
0x3b013ab9, 0x3b473b01, 0x3b8c3b47, 0x3bd03b8c, 0x3c113bd0, 0x3c513c11, 0x3c8e3c51, 0x3cc93c8e, 
0x3d023cc9, 0x3d383d02, 0x3d6b3d38, 0x3d9b3d6b, 0x3dc93d9b, 0x3df33dc9, 0x3e1a3df3, 0x3e3d3e1a, 
0x3e5e3e3d, 0x3e7b3e5e, 0x3e953e7b, 0x3eac3e95, 0x3ebf3eac, 0x3ed03ebf, 0x3edd3ed0, 0x3ee83edd, 
0x3ef03ee8, 0x3ef53ef0, 0x3ef73ef5, 0x3ef73ef7, 0x3ef53ef7, 0x3ef13ef5, 0x3eeb3ef1, 0x3ee33eeb, 
0x3eda3ee3, 0x3ed03eda, 0x3ec53ed0, 0x3eb93ec5, 0x3eac3eb9, 0x3ea03eac, 0x3e933ea0, 0x3e873e93, 
0x3e7c3e87, 0x3e713e7c, 0x3e673e71, 0x3e5e3e67, 0x3e573e5e, 0x3e523e57, 0x3e4f3e52, 0x3e4e3e4f, 
0x3e4f3e4e, 0x3e533e4f, 0x3e593e53, 0x3e623e59, 0x3e6f3e62, 0x3e7e3e6f, 0x3e913e7e, 0x3ea73e91, 
0x3ec03ea7, 0x3edd3ec0, 0x3efd3edd, 0x3f203efd, 0x3f483f20, 0x3f723f48, 0x3fa03f72, 0x3fd13fa0, 
0x40063fd1, 0x403d4006, 0x4078403d, 0x40b54078, 0x40f540b5, 0x413840f5, 0x417c4138, 0x41c3417c, 
0x420c41c3, 0x4257420c, 0x42a34257, 0x42f042a3, 0x433f42f0, 0x438e433f, 0x43dd438e, 0x442d43dd, 
0x447c442d, 0x44cb447c, 0x451a44cb, 0x4567451a, 0x45b44567, 0x45ff45b4, 0x464845ff, 0x46904648, 
0x46d54690, 0x471846d5, 0x47594718, 0x47964759, 0x47d14796, 0x480947d1, 0x483d4809, 0x486e483d, 
0x489c486e, 0x48c6489c, 0x48ec48c6, 0x490f48ec, 0x492e490f, 0x4949492e, 0x49614949, 0x49754961, 
0x49854975, 0x49924985, 0x499c4992, 0x49a2499c, 0x49a549a2, 0x49a449a5, 0x49a149a4, 0x499c49a1, 
0x4993499c, 0x49894993, 0x497d4989, 0x496e497d, 0x495e496e, 0x494d495e, 0x493b494d, 0x4929493b, 
0x49154929, 0x49024915, 0x48ef4902, 0x48dc48ef, 0x48ca48dc, 0x48b948ca, 0x48a948b9, 0x489b48a9, 
0x488f489b, 0x4885488f, 0x487d4885, 0x4878487d, 0x48754878, 0x48764875, 0x48794876, 0x48814879, 
0x488b4881, 0x4899488b, 0x48ab4899, 0x48c148ab, 0x48db48c1, 0x48f948db, 0x491b48f9, 0x4941491b, 
0x496b4941, 0x4998496b, 0x49ca4998, 0x4a0049ca, 0x4a394a00, 0x4a764a39, 0x4ab64a76, 0x4afa4ab6, 
0x4b414afa, 0x4b8a4b41, 0x4bd64b8a, 0x4c254bd6, 0x4c764c25, 0x4cc94c76, 0x4d1d4cc9, 0x4d724d1d, 
0x4dc94d72, 0x4e214dc9, 0x4e784e21, 0x4ed04e78, 0x4f284ed0, 0x4f7f4f28, 0x4fd64f7f, 0x502b4fd6, 
0x507f502b, 0x50d1507f, 0x512050d1, 0x516e5120, 0x51b9516e, 0x520151b9, 0x52465201, 0x52885246, 
0x52c65288, 0x530152c6, 0x53375301, 0x536a5337, 0x5398536a, 0x53c25398, 0x53e853c2, 0x540a53e8, 
0x5427540a, 0x54405427, 0x54545440, 0x54645454, 0x546f5464, 0x5477546f, 0x547a5477, 0x547a547a, 
0x5475547a, 0x546e5475, 0x5462546e, 0x54545462, 0x54435454, 0x542f5443, 0x5419542f, 0x54005419, 
0x53e65400, 0x53cb53e6, 0x53ae53cb, 0x539153ae, 0x53745391, 0x53565374, 0x53385356, 0x531c5338, 
0x5300531c, 0x52e55300, 0x52cc52e5, 0x52b652cc, 0x52a152b6, 0x528f52a1, 0x5280528f, 0x52745280, 
0x526c5274, 0x5267526c, 0x52675267, 0x526a5267, 0x5272526a, 0x527e5272, 0x528f527e, 0x52a5528f, 
0x52bf52a5, 0x52df52bf, 0x530352df, 0x532c5303, 0x535a532c, 0x538d535a, 0x53c5538d, 0x540153c5, 
0x54425401, 0x54875442, 0x54d05487, 0x551d54d0, 0x556e551d, 0x55c3556e, 0x561b55c3, 0x5675561b, 
0x56d25675, 0x573256d2, 0x57935732, 0x57f65793, 0x585a57f6, 0x58be585a, 0x592358be, 0x59895923, 
0x59ed5989, 0x5a5159ed, 0x5ab45a51, 0x5b165ab4, 0x5b755b16, 0x5bd25b75, 0x5c2d5bd2, 0x5c845c2d, 
0x5cd85c84, 0x5d295cd8, 0x5d765d29, 0x5dbe5d76, 0x5e025dbe, 0x5e415e02, 0x5e7b5e41, 0x5eb05e7b, 
0x5ee05eb0, 0x5f0b5ee0, 0x5f305f0b, 0x5f505f30, 0x5f6a5f50, 0x5f7e5f6a, 0x5f8d5f7e, 0x5f975f8d, 
0x5f9b5f97, 0x5f9a5f9b, 0x5f935f9a, 0x5f885f93, 0x5f785f88, 0x5f645f78, 0x5f4c5f64, 0x5f2f5f4c, 
0x5f0f5f2f, 0x5eec5f0f, 0x5ec65eec, 0x5e9d5ec6, 0x5e725e9d, 0x5e465e72, 0x5e185e46, 0x5de95e18, 
0x5dba5de9, 0x5d8b5dba, 0x5d5d5d8b, 0x5d2f5d5d, 0x5d035d2f, 0x5cd85d03, 0x5cb05cd8, 0x5c8a5cb0, 
0x5c685c8a, 0x5c495c68, 0x5c2e5c49, 0x5c175c2e, 0x5c055c17, 0x5bf75c05, 0x5bef5bf7, 0x5bec5bef, 
0x5bef5bec, 0x5bf85bef, 0x5c075bf8, 0x5c1c5c07, 0x5c375c1c, 0x5c595c37, 0x5c815c59, 0x5cb05c81, 
0x5ce55cb0, 0x5d205ce5, 0x5d625d20, 0x5da95d62, 0x5df75da9, 0x5e4a5df7, 0x5ea35e4a, 0x5f015ea3, 
0x5f645f01, 0x5fcb5f64, 0x60365fcb, 0x60a66036, 0x611860a6, 0x618e6118, 0x6205618e, 0x627f6205, 
0x62fb627f, 0x637762fb, 0x63f46377, 0x647063f4, 0x64ec6470, 0x656764ec, 0x65e16567, 0x665865e1, 
0x66cc6658, 0x673d66cc, 0x67ab673d, 0x681467ab, 0x68796814, 0x68d96879, 0x693368d9, 0x69886933, 
0x69d66988, 0x6a1e69d6, 0x6a5f6a1e, 0x6a9a6a5f, 0x6acc6a9a, 0x6af86acc, 0x6b1c6af8, 0x6b386b1c, 
0x6b4d6b38, 0x6b5a6b4d, 0x6b5f6b5a, 0x6b5d6b5f, 0x6b536b5d, 0x6b426b53, 0x6b2a6b42, 0x6b0b6b2a, 
0x6ae66b0b, 0x6aba6ae6, 0x6a896aba, 0x6a526a89, 0x6a166a52, 0x69d66a16, 0x699169d6, 0x69496991, 
0x68fe6949, 0x68b168fe, 0x686268b1, 0x68126862, 0x67c16812, 0x677167c1, 0x67216771, 0x66d26721, 
0x668666d2, 0x663c6686, 0x65f6663c, 0x65b365f6, 0x657565b3, 0x653c6575, 0x6509653c, 0x64dc6509, 
0x64b664dc, 0x649664b6, 0x647f6496, 0x646f647f, 0x6468646f, 0x646a6468, 0x6474646a, 0x64886474, 
0x64a56488, 0x64cb64a5, 0x64fb64cb, 0x653564fb, 0x65786535, 0x65c56578, 0x661b65c5, 0x667a661b, 
0x66e2667a, 0x675366e2, 0x67cc6753, 0x684d67cc, 0x68d5684d, 0x696468d5, 0x69f96964, 0x6a9569f9, 
0x6b356a95, 0x6bda6b35, 0x6c836bda, 0x6d2e6c83, 0x6ddc6d2e, 0x6e8c6ddc, 0x6f3c6e8c, 0x6fec6f3c, 
0x709c6fec, 0x7149709c, 0x71f47149, 0x729c71f4, 0x733f729c, 0x73de733f, 0x747773de, 0x75097477, 
0x75937509, 0x76167593, 0x76907616, 0x77017690, 0x77687701, 0x77c47768, 0x781577c4, 0x785b7815, 
0x7895785b, 0x78c37895, 0x78e578c3, 0x78f978e5, 0x790178f9, 0x78fc7901, 0x78eb78fc, 0x78cc78eb, 
0x78a178cc, 0x786978a1, 0x78267869, 0x77d67826, 0x777b77d6, 0x7716777b, 0x76a67716, 0x762c76a6, 
0x75aa762c, 0x751f75aa, 0x748d751f, 0x73f5748d, 0x735773f5, 0x72b47357, 0x720e72b4, 0x7166720e, 
0x70bc7166, 0x701270bc, 0x6f697012, 0x6ec26f69, 0x6e1e6ec2, 0x6d7f6e1e, 0x6ce56d7f, 0x6c526ce5, 
0x6bc76c52, 0x6b456bc7, 0x6ace6b45, 0x6a616ace, 0x6a016a61, 0x69ae6a01, 0x696a69ae, 0x6935696a, 
0x69106935, 0x68fb6910, 0x68f868fb, 0x690768f8, 0x69296907, 0x695e6929, 0x69a6695e, 0x6a0269a6, 
0x6a726a02, 0x6af56a72, 0x6b8c6af5, 0x6c376b8c, 0x6cf56c37, 0x6dc76cf5, 0x6eaa6dc7, 0x6fa06eaa, 
0x70a66fa0, 0x71bd70a6, 0x72e371bd, 0x741872e3, 0x75597418, 0x76a77559, 0x77fe76a7, 0x795f77fe, 
0x7ac8795f, 0x7c367ac8, 0x7da87c36, 0x7f1d7da8, 0x7fff7f1d, 0x7fff7fff, 0x7fff7fff, 0x7fff7fff, 
0x7fff7fff, 0x7fff7fff, 0x7fff7fff, 0x7fff7fff, 0x7fff7fff, 0x7fff7fff, 0x7fff7fff, 0x7fff7fff, 
0x7fff7fff, 0x7fff7fff, 0x7fff7fff, 0x7fff7fff, 0x7fff7fff, 0x7fff7fff, 0x7fff7fff, 0x7fff7fff, 
0x7fff7fff, 0x7fff7fff, 0x7fff7fff, 0x7fff7fff, 0x7fff7fff, 0x7fff7fff, 0x7fff7fff, 0x7fff7fff, 
0x7fff7fff, 0x7fff7fff, 0x7fff7fff, 0x7fff7fff, 0x7fff7fff, 0x7dd97fff, 0x7af77dd9, 0x77e27af7, 
0x749b77e2, 0x7123749b, 0x6d797123, 0x69a06d79, 0x659869a0, 0x61636598, 0x5d016163, 0x58765d01, 
0x53c15876, 0x4ee553c1, 0x49e54ee5, 0x44c249e5, 0x3f7e44c2, 0x3a1c3f7e, 0x349e3a1c, 0x2f06349e, 
0x29582f06, 0x23962958, 0x1dc32396, 0x17e01dc3, 0x11f317e0, 0x0bfc11f3, 0x05ff0bfc, 0x000005ff, 
0xfa010000, 0xf404fa01, 0xee0df404, 0xe820ee0d, 0xe23de820, 0xdc6ae23d, 0xd6a8dc6a, 0xd0fad6a8, 
0xcb62d0fa, 0xc5e4cb62, 0xc082c5e4, 0xbb3ec082, 0xb61bbb3e, 0xb11bb61b, 0xac3fb11b, 0xa78aac3f, 
0xa2ffa78a, 0x9e9da2ff, 0x9a689e9d, 0x96609a68, 0x92879660, 0x8edd9287, 0x8b658edd, 0x881e8b65, 
0x8509881e, 0x82278509, 0x80018227, 0x80018001, 0x80018001, 0x80018001, 0x80018001, 0x80018001, 
0x80018001, 0x80018001, 0x80018001, 0x80018001, 0x80018001, 0x80018001, 0x80018001, 0x80018001, 
0x80018001, 0x80018001, 0x80018001, 0x80018001, 0x80018001, 0x80018001, 0x80018001, 0x80018001, 
0x80018001, 0x80018001, 0x80018001, 0x80018001, 0x80018001, 0x80018001, 0x80018001, 0x80018001, 
0x80018001, 0x80018001, 0x80018001, 0x80e38001, 0x825880e3, 0x83ca8258, 0x853883ca, 0x86a18538, 
0x880286a1, 0x89598802, 0x8aa78959, 0x8be88aa7, 0x8d1d8be8, 0x8e438d1d, 0x8f5a8e43, 0x90608f5a, 
0x91569060, 0x92399156, 0x930b9239, 0x93c9930b, 0x947493c9, 0x950b9474, 0x958e950b, 0x95fe958e, 
0x965a95fe, 0x96a2965a, 0x96d796a2, 0x96f996d7, 0x970896f9, 0x97059708, 0x96f09705, 0x96cb96f0, 
0x969696cb, 0x96529696, 0x95ff9652, 0x959f95ff, 0x9532959f, 0x94bb9532, 0x943994bb, 0x93ae9439, 
0x931b93ae, 0x9281931b, 0x91e29281, 0x913e91e2, 0x9097913e, 0x8fee9097, 0x8f448fee, 0x8e9a8f44, 
0x8df28e9a, 0x8d4c8df2, 0x8ca98d4c, 0x8c0b8ca9, 0x8b738c0b, 0x8ae18b73, 0x8a568ae1, 0x89d48a56, 
0x895a89d4, 0x88ea895a, 0x888588ea, 0x882a8885, 0x87da882a, 0x879787da, 0x875f8797, 0x8734875f, 
0x87158734, 0x87048715, 0x86ff8704, 0x870786ff, 0x871b8707, 0x873d871b, 0x876b873d, 0x87a5876b, 
0x87eb87a5, 0x883c87eb, 0x8898883c, 0x88ff8898, 0x897088ff, 0x89ea8970, 0x8a6d89ea, 0x8af78a6d, 
0x8b898af7, 0x8c228b89, 0x8cc18c22, 0x8d648cc1, 0x8e0c8d64, 0x8eb78e0c, 0x8f648eb7, 0x90148f64, 
0x90c49014, 0x917490c4, 0x92249174, 0x92d29224, 0x937d92d2, 0x9426937d, 0x94cb9426, 0x956b94cb, 
0x9607956b, 0x969c9607, 0x972b969c, 0x97b3972b, 0x983497b3, 0x98ad9834, 0x991e98ad, 0x9986991e, 
0x99e59986, 0x9a3b99e5, 0x9a889a3b, 0x9acb9a88, 0x9b059acb, 0x9b359b05, 0x9b5b9b35, 0x9b789b5b, 
0x9b8c9b78, 0x9b969b8c, 0x9b989b96, 0x9b919b98, 0x9b819b91, 0x9b6a9b81, 0x9b4a9b6a, 0x9b249b4a, 
0x9af79b24, 0x9ac49af7, 0x9a8b9ac4, 0x9a4d9a8b, 0x9a0a9a4d, 0x99c49a0a, 0x997a99c4, 0x992e997a, 
0x98df992e, 0x988f98df, 0x983f988f, 0x97ee983f, 0x979e97ee, 0x974f979e, 0x9702974f, 0x96b79702, 
0x966f96b7, 0x962a966f, 0x95ea962a, 0x95ae95ea, 0x957795ae, 0x95469577, 0x951a9546, 0x94f5951a, 
0x94d694f5, 0x94be94d6, 0x94ad94be, 0x94a394ad, 0x94a194a3, 0x94a694a1, 0x94b394a6, 0x94c894b3, 
0x94e494c8, 0x950894e4, 0x95349508, 0x95669534, 0x95a19566, 0x95e295a1, 0x962a95e2, 0x9678962a, 
0x96cd9678, 0x972796cd, 0x97879727, 0x97ec9787, 0x985597ec, 0x98c39855, 0x993498c3, 0x99a89934, 
0x9a1f99a8, 0x9a999a1f, 0x9b149a99, 0x9b909b14, 0x9c0c9b90, 0x9c899c0c, 0x9d059c89, 0x9d819d05, 
0x9dfb9d81, 0x9e729dfb, 0x9ee89e72, 0x9f5a9ee8, 0x9fca9f5a, 0xa0359fca, 0xa09ca035, 0xa0ffa09c, 
0xa15da0ff, 0xa1b6a15d, 0xa209a1b6, 0xa257a209, 0xa29ea257, 0xa2e0a29e, 0xa31ba2e0, 0xa350a31b, 
0xa37fa350, 0xa3a7a37f, 0xa3c9a3a7, 0xa3e4a3c9, 0xa3f9a3e4, 0xa408a3f9, 0xa411a408, 0xa414a411, 
0xa411a414, 0xa409a411, 0xa3fba409, 0xa3e9a3fb, 0xa3d2a3e9, 0xa3b7a3d2, 0xa398a3b7, 0xa376a398, 
0xa350a376, 0xa328a350, 0xa2fda328, 0xa2d1a2fd, 0xa2a3a2d1, 0xa275a2a3, 0xa246a275, 0xa217a246, 
0xa1e8a217, 0xa1baa1e8, 0xa18ea1ba, 0xa163a18e, 0xa13aa163, 0xa114a13a, 0xa0f1a114, 0xa0d1a0f1, 
0xa0b4a0d1, 0xa09ca0b4, 0xa088a09c, 0xa078a088, 0xa06da078, 0xa066a06d, 0xa065a066, 0xa069a065, 
0xa073a069, 0xa082a073, 0xa096a082, 0xa0b0a096, 0xa0d0a0b0, 0xa0f5a0d0, 0xa120a0f5, 0xa150a120, 
0xa185a150, 0xa1bfa185, 0xa1fea1bf, 0xa242a1fe, 0xa28aa242, 0xa2d7a28a, 0xa328a2d7, 0xa37ca328, 
0xa3d3a37c, 0xa42ea3d3, 0xa48ba42e, 0xa4eaa48b, 0xa54ca4ea, 0xa5afa54c, 0xa613a5af, 0xa677a613, 
0xa6dda677, 0xa742a6dd, 0xa7a6a742, 0xa80aa7a6, 0xa86da80a, 0xa8cea86d, 0xa92ea8ce, 0xa98ba92e, 
0xa9e5a98b, 0xaa3da9e5, 0xaa92aa3d, 0xaae3aa92, 0xab30aae3, 0xab79ab30, 0xabbeab79, 0xabffabbe, 
0xac3babff, 0xac73ac3b, 0xaca6ac73, 0xacd4aca6, 0xacfdacd4, 0xad21acfd, 0xad41ad21, 0xad5bad41, 
0xad71ad5b, 0xad82ad71, 0xad8ead82, 0xad96ad8e, 0xad99ad96, 0xad99ad99, 0xad94ad99, 0xad8cad94, 
0xad80ad8c, 0xad71ad80, 0xad5fad71, 0xad4aad5f, 0xad34ad4a, 0xad1bad34, 0xad00ad1b, 0xace4ad00, 
0xacc8ace4, 0xacaaacc8, 0xac8cacaa, 0xac6fac8c, 0xac52ac6f, 0xac35ac52, 0xac1aac35, 0xac00ac1a, 
0xabe7ac00, 0xabd1abe7, 0xabbdabd1, 0xabacabbd, 0xab9eabac, 0xab92ab9e, 0xab8bab92, 0xab86ab8b, 
0xab86ab86, 0xab89ab86, 0xab91ab89, 0xab9cab91, 0xabacab9c, 0xabc0abac, 0xabd9abc0, 0xabf6abd9, 
0xac18abf6, 0xac3eac18, 0xac68ac3e, 0xac96ac68, 0xacc9ac96, 0xacffacc9, 0xad3aacff, 0xad78ad3a, 
0xadbaad78, 0xadffadba, 0xae47adff, 0xae92ae47, 0xaee0ae92, 0xaf2faee0, 0xaf81af2f, 0xafd5af81, 
0xb02aafd5, 0xb081b02a, 0xb0d8b081, 0xb130b0d8, 0xb188b130, 0xb1dfb188, 0xb237b1df, 0xb28eb237, 
0xb2e3b28e, 0xb337b2e3, 0xb38ab337, 0xb3dbb38a, 0xb42ab3db, 0xb476b42a, 0xb4bfb476, 0xb506b4bf, 
0xb54ab506, 0xb58ab54a, 0xb5c7b58a, 0xb600b5c7, 0xb636b600, 0xb668b636, 0xb695b668, 0xb6bfb695, 
0xb6e5b6bf, 0xb707b6e5, 0xb725b707, 0xb73fb725, 0xb755b73f, 0xb767b755, 0xb775b767, 0xb77fb775, 
0xb787b77f, 0xb78ab787, 0xb78bb78a, 0xb788b78b, 0xb783b788, 0xb77bb783, 0xb771b77b, 0xb765b771, 
0xb757b765, 0xb747b757, 0xb736b747, 0xb724b736, 0xb711b724, 0xb6feb711, 0xb6ebb6fe, 0xb6d7b6eb, 
0xb6c5b6d7, 0xb6b3b6c5, 0xb6a2b6b3, 0xb692b6a2, 0xb683b692, 0xb677b683, 0xb66db677, 0xb664b66d, 
0xb65fb664, 0xb65cb65f, 0xb65bb65c, 0xb65eb65b, 0xb664b65e, 0xb66eb664, 0xb67bb66e, 0xb68bb67b, 
0xb69fb68b, 0xb6b7b69f, 0xb6d2b6b7, 0xb6f1b6d2, 0xb714b6f1, 0xb73ab714, 0xb764b73a, 0xb792b764, 
0xb7c3b792, 0xb7f7b7c3, 0xb82fb7f7, 0xb86ab82f, 0xb8a7b86a, 0xb8e8b8a7, 0xb92bb8e8, 0xb970b92b, 
0xb9b8b970, 0xba01b9b8, 0xba4cba01, 0xba99ba4c, 0xbae6ba99, 0xbb35bae6, 0xbb84bb35, 0xbbd3bb84, 
0xbc23bbd3, 0xbc72bc23, 0xbcc1bc72, 0xbd10bcc1, 0xbd5dbd10, 0xbda9bd5d, 0xbdf4bda9, 0xbe3dbdf4, 
0xbe84be3d, 0xbec8be84, 0xbf0bbec8, 0xbf4bbf0b, 0xbf88bf4b, 0xbfc3bf88, 0xbffabfc3, 0xc02fbffa, 
0xc060c02f, 0xc08ec060, 0xc0b8c08e, 0xc0e0c0b8, 0xc103c0e0, 0xc123c103, 0xc140c123, 0xc159c140, 
0xc16fc159, 0xc182c16f, 0xc191c182, 0xc19ec191, 0xc1a7c19e, 0xc1adc1a7, 0xc1b1c1ad, 0xc1b2c1b1, 
0xc1b1c1b2, 0xc1aec1b1, 0xc1a9c1ae, 0xc1a2c1a9, 0xc199c1a2, 0xc18fc199, 0xc184c18f, 0xc179c184, 
0xc16dc179, 0xc160c16d, 0xc154c160, 0xc147c154, 0xc13bc147, 0xc130c13b, 0xc126c130, 0xc11dc126, 
0xc115c11d, 0xc10fc115, 0xc10bc10f, 0xc109c10b, 0xc109c109, 0xc10bc109, 0xc110c10b, 0xc118c110, 
0xc123c118, 0xc130c123, 0xc141c130, 0xc154c141, 0xc16bc154, 0xc185c16b, 0xc1a2c185, 0xc1c3c1a2, 
0xc1e6c1c3, 0xc20dc1e6, 0xc237c20d, 0xc265c237, 0xc295c265, 0xc2c8c295, 0xc2fec2c8, 0xc337c2fe, 
0xc372c337, 0xc3afc372, 0xc3efc3af, 0xc430c3ef, 0xc474c430, 0xc4b9c474, 0xc4ffc4b9, 0xc547c4ff, 
0xc58fc547, 0xc5d9c58f, 0xc622c5d9, 0xc66cc622, 0xc6b6c66c, 0xc700c6b6, 0xc74ac700, 0xc792c74a, 
0xc7dac792, 0xc820c7da, 0xc865c820, 0xc8a9c865, 0xc8ebc8a9, 0xc92bc8eb, 0xc968c92b, 0xc9a4c968, 
0xc9ddc9a4, 0xca13c9dd, 0xca47ca13, 0xca78ca47, 0xcaa6ca78, 0xcad1caa6, 0xcaf9cad1, 0xcb1ecaf9, 
0xcb40cb1e, 0xcb5fcb40, 0xcb7bcb5f, 0xcb94cb7b, 0xcbaacb94, 0xcbbdcbaa, 0xcbcdcbbd, 0xcbdacbcd, 
0xcbe5cbda, 0xcbedcbe5, 0xcbf3cbed, 0xcbf6cbf3, 0xcbf8cbf6, 0xcbf8cbf8, 0xcbf6cbf8, 0xcbf2cbf6, 
0xcbeecbf2, 0xcbe8cbee, 0xcbe1cbe8, 0xcbdacbe1, 0xcbd2cbda, 0xcbcacbd2, 0xcbc2cbca, 0xcbbbcbc2, 
0xcbb3cbbb, 0xcbadcbb3, 0xcba8cbad, 0xcba3cba8, 0xcba0cba3, 0xcb9fcba0, 0xcb9fcb9f, 0xcba1cb9f, 
0xcba5cba1, 0xcbabcba5, 0xcbb4cbab, 0xcbbfcbb4, 0xcbcdcbbf, 0xcbddcbcd, 0xcbf0cbdd, 0xcc06cbf0, 
0xcc1fcc06, 0xcc3bcc1f, 0xcc5acc3b, 0xcc7bcc5a, 0xcca0cc7b, 0xccc7cca0, 0xccf2ccc7, 0xcd1fccf2, 
0xcd4ecd1f, 0xcd81cd4e, 0xcdb6cd81, 0xcdedcdb6, 0xce26cded, 0xce62ce26, 0xce9fce62, 0xcedece9f, 
0xcf1fcede, 0xcf61cf1f, 0xcfa5cf61, 0xcfe9cfa5, 0xd02ecfe9, 0xd074d02e, 0xd0bad074, 0xd100d0ba, 
0xd146d100, 0xd18cd146, 0xd1d1d18c, 0xd216d1d1, 0xd259d216, 0xd29cd259, 0xd2ddd29c, 0xd31dd2dd, 
0xd35bd31d, 0xd397d35b, 0xd3d2d397, 0xd40ad3d2, 0xd440d40a, 0xd473d440, 0xd4a4d473, 0xd4d3d4a4, 
0xd4fed4d3, 0xd527d4fe, 0xd54ed527, 0xd571d54e, 0xd592d571, 0xd5b0d592, 0xd5cbd5b0, 0xd5e3d5cb, 
0xd5f9d5e3, 0xd60bd5f9, 0xd61cd60b, 0xd62ad61c, 0xd635d62a, 0xd63fd635, 0xd646d63f, 0xd64bd646, 
0xd64ed64b, 0xd650d64e, 0xd650d650, 0xd64fd650, 0xd64dd64f, 0xd64ad64d, 0xd646d64a, 0xd642d646, 
0xd63dd642, 0xd638d63d, 0xd634d638, 0xd630d634, 0xd62cd630, 0xd629d62c, 0xd627d629, 0xd626d627, 
0xd626d626, 0xd627d626, 0xd62bd627, 0xd630d62b, 0xd637d630, 0xd640d637, 0xd64cd640, 0xd659d64c, 
0xd669d659, 0xd67cd669, 0xd691d67c, 0xd6a9d691, 0xd6c4d6a9, 0xd6e1d6c4, 0xd701d6e1, 0xd723d701, 
0xd749d723, 0xd771d749, 0xd79bd771, 0xd7c8d79b, 0xd7f8d7c8, 0xd82ad7f8, 0xd85ed82a, 0xd894d85e, 
0xd8cdd894, 0xd907d8cd, 0xd943d907, 0xd981d943, 0xd9c0d981, 0xda00d9c0, 0xda41da00, 0xda83da41, 
0xdac6da83, 0xdb09dac6, 0xdb4cdb09, 0xdb90db4c, 0xdbd3db90, 0xdc16dbd3, 0xdc59dc16, 0xdc9bdc59, 
0xdcdbdc9b, 0xdd1bdcdb, 0xdd5add1b, 0xdd97dd5a, 0xddd2dd97, 0xde0cddd2, 0xde43de0c, 0xde79de43, 
0xdeadde79, 0xdededead, 0xdf0ddede, 0xdf39df0d, 0xdf63df39, 0xdf8adf63, 0xdfafdf8a, 0xdfd1dfaf, 
0xdff1dfd1, 0xe00edff1, 0xe028e00e, 0xe040e028, 0xe055e040, 0xe068e055, 0xe078e068, 0xe086e078, 
0xe092e086, 0xe09ce092, 0xe0a4e09c, 0xe0aae0a4, 0xe0afe0aa, 0xe0b2e0af, 0xe0b4e0b2, 0xe0b4e0b4, 
0xe0b4e0b4, 0xe0b2e0b4, 0xe0b1e0b2, 0xe0aee0b1, 0xe0ace0ae, 0xe0a9e0ac, 0xe0a7e0a9, 0xe0a5e0a7, 
0xe0a4e0a5, 0xe0a3e0a4, 0xe0a3e0a3, 0xe0a5e0a3, 0xe0a7e0a5, 0xe0abe0a7, 0xe0b1e0ab, 0xe0b8e0b1, 
0xe0c2e0b8, 0xe0cde0c2, 0xe0dae0cd, 0xe0eae0da, 0xe0fce0ea, 0xe110e0fc, 0xe127e110, 0xe141e127, 
0xe15ce141, 0xe17be15c, 0xe19ce17b, 0xe1bfe19c, 0xe1e5e1bf, 0xe20ee1e5, 0xe239e20e, 0xe266e239, 
0xe296e266, 0xe2c8e296, 0xe2fce2c8, 0xe332e2fc, 0xe36ae332, 0xe3a3e36a, 0xe3dee3a3, 0xe41be3de, 
0xe459e41b, 0xe498e459, 0xe4d8e498, 0xe518e4d8, 0xe559e518, 0xe59be559, 0xe5dce59b, 0xe61ee5dc, 
0xe660e61e, 0xe6a1e660, 0xe6e1e6a1, 0xe721e6e1, 0xe760e721, 0xe79de760, 0xe7dae79d, 0xe815e7da, 
0xe84ee815, 0xe886e84e, 0xe8bce886, 0xe8efe8bc, 0xe921e8ef, 0xe951e921, 0xe97ee951, 0xe9a9e97e, 
0xe9d1e9a9, 0xe9f7e9d1, 0xea1be9f7, 0xea3cea1b, 0xea5bea3c, 0xea77ea5b, 0xea90ea77, 0xeaa7ea90, 
0xeabceaa7, 0xeacfeabc, 0xeadfeacf, 0xeaedeadf, 0xeaf9eaed, 0xeb03eaf9, 0xeb0beb03, 0xeb12eb0b, 
0xeb17eb12, 0xeb1beb17, 0xeb1deb1b, 0xeb1feb1d, 0xeb1feb1f, 0xeb1feb1f, 0xeb1eeb1f, 0xeb1eeb1e, 
0xeb1ceb1e, 0xeb1beb1c, 0xeb1beb1b, 0xeb1aeb1b, 0xeb1aeb1a, 0xeb1ceb1a, 0xeb1deb1c, 0xeb21eb1d, 
0xeb25eb21, 0xeb2beb25, 0xeb32eb2b, 0xeb3beb32, 0xeb46eb3b, 0xeb53eb46, 0xeb62eb53, 0xeb73eb62, 
0xeb87eb73, 0xeb9deb87, 0xebb5eb9d, 0xebcfebb5, 0xebecebcf, 0xec0cebec, 0xec2eec0c, 0xec52ec2e, 
0xec79ec52, 0xeca2ec79, 0xecceeca2, 0xecfbecce, 0xed2becfb, 0xed5ded2b, 0xed92ed5d, 0xedc8ed92, 
0xedffedc8, 0xee39edff, 0xee73ee39, 0xeeafee73, 0xeeedeeaf, 0xef2beeed, 0xef6aef2b, 0xefaaef6a, 
0xefeaefaa, 0xf02aefea, 0xf06bf02a, 0xf0acf06b, 0xf0ecf0ac, 0xf12cf0ec, 0xf16bf12c, 0xf1a9f16b, 
0xf1e7f1a9, 0xf223f1e7, 0xf25ef223, 0xf297f25e, 0xf2cff297, 0xf305f2cf, 0xf33af305, 0xf36cf33a, 
0xf39cf36c, 0xf3cbf39c, 0xf3f7f3cb, 0xf420f3f7, 0xf448f420, 0xf46cf448, 0xf48ff46c, 0xf4aff48f, 
0xf4ccf4af, 0xf4e8f4cc, 0xf500f4e8, 0xf517f500, 0xf52bf517, 0xf53df52b, 0xf54df53d, 0xf55af54d, 
0xf566f55a, 0xf570f566, 0xf578f570, 0xf57ff578, 0xf584f57f, 0xf588f584, 0xf58bf588, 0xf58df58b, 
0xf58ef58d, 0xf58ff58e, 0xf58ff58f, 0xf58ef58f, 0xf58ef58e, 0xf58ef58e, 0xf58ef58e, 0xf58ff58e, 
0xf590f58f, 0xf592f590, 0xf595f592, 0xf59af595, 0xf59ff59a, 0xf5a6f59f, 0xf5aff5a6, 0xf5b9f5af, 
0xf5c5f5b9, 0xf5d3f5c5, 0xf5e4f5d3, 0xf5f6f5e4, 0xf60bf5f6, 0xf622f60b, 0xf63bf622, 0xf657f63b, 
0xf675f657, 0xf695f675, 0xf6b8f695, 0xf6ddf6b8, 0xf705f6dd, 0xf72ff705, 0xf75bf72f, 0xf78af75b, 
0xf7baf78a, 0xf7edf7ba, 0xf821f7ed, 0xf857f821, 0xf88ff857, 0xf8c9f88f, 0xf904f8c9, 0xf940f904, 
0xf97df940, 0xf9bbf97d, 0xf9faf9bb, 0xfa39f9fa, 0xfa79fa39, 0xfab9fa79, 0xfaf9fab9, 0xfb39faf9, 
0xfb78fb39, 0xfbb8fb78, 0xfbf6fbb8, 0xfc33fbf6, 0xfc70fc33, 0xfcabfc70, 0xfce5fcab, 0xfd1efce5, 
0xfd55fd1e, 0xfd8afd55, 0xfdbdfd8a, 0xfdeffdbd, 0xfe1efdef, 0xfe4bfe1e, 0xfe76fe4b, 0xfe9efe76, 
0xfec4fe9e, 0xfee8fec4, 0xff0afee8, 0xff29ff0a, 0xff45ff29, 0xff60ff45, 0xff78ff60, 0xff8dff78, 
0xffa1ff8d, 0xffb2ffa1, 0xffc1ffb2, 0xffceffc1, 0xffd9ffce, 0xffe3ffd9, 0xffebffe3, 0xfff1ffeb, 
0xfff6fff1, 0xfffafff6, 0xfffcfffa, 0xfffefffc, 0xfffffffe, 0x0000ffff, 0x00000000, 0x00000000, 
},
// Table 6, base frequency 2093.004522
{
0x00400000, 0x00800040, 0x00c00080, 0x010000c0, 0x013f0100, 0x017f013f, 0x01be017f, 0x01fe01be, 
0x023d01fe, 0x027b023d, 0x02ba027b, 0x02f802ba, 0x033602f8, 0x03740336, 0x03b10374, 0x03ee03b1, 
0x042a03ee, 0x0466042a, 0x04a10466, 0x04dc04a1, 0x051704dc, 0x05510517, 0x058a0551, 0x05c3058a, 
0x05fb05c3, 0x063305fb, 0x066a0633, 0x06a0066a, 0x06d606a0, 0x070a06d6, 0x073f070a, 0x0772073f, 
0x07a50772, 0x07d707a5, 0x080807d7, 0x08380808, 0x08680838, 0x08970868, 0x08c50897, 0x08f208c5, 
0x091e08f2, 0x0949091e, 0x09740949, 0x099d0974, 0x09c6099d, 0x09ee09c6, 0x0a1409ee, 0x0a3a0a14, 
0x0a5f0a3a, 0x0a830a5f, 0x0aa70a83, 0x0ac90aa7, 0x0aea0ac9, 0x0b0b0aea, 0x0b2a0b0b, 0x0b480b2a, 
0x0b660b48, 0x0b830b66, 0x0b9e0b83, 0x0bb90b9e, 0x0bd30bb9, 0x0bec0bd3, 0x0c040bec, 0x0c1b0c04, 
0x0c310c1b, 0x0c470c31, 0x0c5b0c47, 0x0c6f0c5b, 0x0c810c6f, 0x0c930c81, 0x0ca40c93, 0x0cb40ca4, 
0x0cc40cb4, 0x0cd20cc4, 0x0ce00cd2, 0x0ced0ce0, 0x0cf90ced, 0x0d050cf9, 0x0d100d05, 0x0d1a0d10, 
0x0d230d1a, 0x0d2c0d23, 0x0d340d2c, 0x0d3c0d34, 0x0d430d3c, 0x0d490d43, 0x0d4f0d49, 0x0d540d4f, 
0x0d590d54, 0x0d5d0d59, 0x0d600d5d, 0x0d640d60, 0x0d670d64, 0x0d690d67, 0x0d6b0d69, 0x0d6d0d6b, 
0x0d6e0d6d, 0x0d6f0d6e, 0x0d700d6f, 0x0d710d70, 0x0d710d71, 0x0d710d71, 0x0d710d71, 0x0d710d71, 
0x0d710d71, 0x0d700d71, 0x0d700d70, 0x0d6f0d70, 0x0d6f0d6f, 0x0d6f0d6f, 0x0d6e0d6f, 0x0d6e0d6e, 
0x0d6e0d6e, 0x0d6e0d6e, 0x0d6e0d6e, 0x0d6e0d6e, 0x0d6f0d6e, 0x0d6f0d6f, 0x0d700d6f, 0x0d720d70, 
0x0d730d72, 0x0d750d73, 0x0d780d75, 0x0d7b0d78, 0x0d7e0d7b, 0x0d810d7e, 0x0d860d81, 0x0d8a0d86, 
0x0d8f0d8a, 0x0d950d8f, 0x0d9b0d95, 0x0da20d9b, 0x0daa0da2, 0x0db20daa, 0x0dba0db2, 0x0dc40dba, 
0x0dce0dc4, 0x0dd90dce, 0x0de40dd9, 0x0df00de4, 0x0dfd0df0, 0x0e0b0dfd, 0x0e1a0e0b, 0x0e290e1a, 
0x0e3a0e29, 0x0e4b0e3a, 0x0e5d0e4b, 0x0e6f0e5d, 0x0e830e6f, 0x0e980e83, 0x0ead0e98, 0x0ec30ead, 
0x0edb0ec3, 0x0ef30edb, 0x0f0c0ef3, 0x0f260f0c, 0x0f410f26, 0x0f5d0f41, 0x0f7a0f5d, 0x0f980f7a, 
0x0fb70f98, 0x0fd70fb7, 0x0ff80fd7, 0x10190ff8, 0x103c1019, 0x1060103c, 0x10841060, 0x10aa1084, 
0x10d010aa, 0x10f810d0, 0x112010f8, 0x114a1120, 0x1174114a, 0x119f1174, 0x11cb119f, 0x11f811cb, 
0x122611f8, 0x12551226, 0x12851255, 0x12b51285, 0x12e612b5, 0x131912e6, 0x134c1319, 0x137f134c, 
0x13b4137f, 0x13e913b4, 0x141f13e9, 0x1456141f, 0x148e1456, 0x14c6148e, 0x14ff14c6, 0x153814ff, 
0x15721538, 0x15ad1572, 0x15e915ad, 0x162415e9, 0x16611624, 0x169e1661, 0x16db169e, 0x171916db, 
0x17581719, 0x17961758, 0x17d61796, 0x181517d6, 0x18551815, 0x18951855, 0x18d61895, 0x191718d6, 
0x19581917, 0x19991958, 0x19da1999, 0x1a1c19da, 0x1a5d1a1c, 0x1a9f1a5d, 0x1ae11a9f, 0x1b231ae1, 
0x1b651b23, 0x1ba61b65, 0x1be81ba6, 0x1c2a1be8, 0x1c6b1c2a, 0x1cad1c6b, 0x1cee1cad, 0x1d2f1cee, 
0x1d701d2f, 0x1db11d70, 0x1df11db1, 0x1e311df1, 0x1e711e31, 0x1eb01e71, 0x1eef1eb0, 0x1f2d1eef, 
0x1f6b1f2d, 0x1fa91f6b, 0x1fe61fa9, 0x20231fe6, 0x205f2023, 0x209a205f, 0x20d5209a, 0x210f20d5, 
0x2149210f, 0x21822149, 0x21ba2182, 0x21f221ba, 0x222921f2, 0x225f2229, 0x2294225f, 0x22c92294, 
0x22fd22c9, 0x233022fd, 0x23622330, 0x23932362, 0x23c42393, 0x23f323c4, 0x242223f3, 0x244f2422, 
0x247c244f, 0x24a8247c, 0x24d324a8, 0x24fd24d3, 0x252624fd, 0x254e2526, 0x2575254e, 0x259b2575, 
0x25c0259b, 0x25e425c0, 0x260725e4, 0x26292607, 0x264a2629, 0x266a264a, 0x2689266a, 0x26a72689, 
0x26c426a7, 0x26e026c4, 0x26fb26e0, 0x271426fb, 0x272d2714, 0x2745272d, 0x275c2745, 0x2772275c, 
0x27872772, 0x279b2787, 0x27ae279b, 0x27c027ae, 0x27d127c0, 0x27e127d1, 0x27f027e1, 0x27fe27f0, 
0x280b27fe, 0x2818280b, 0x28232818, 0x282e2823, 0x2838282e, 0x28412838, 0x284a2841, 0x2851284a, 
0x28582851, 0x285e2858, 0x2863285e, 0x28682863, 0x286c2868, 0x286f286c, 0x2872286f, 0x28742872, 
0x28752874, 0x28762875, 0x28762876, 0x28762876, 0x28752876, 0x28742875, 0x28732874, 0x28712873, 
0x286f2871, 0x286c286f, 0x2869286c, 0x28662869, 0x28632866, 0x285f2863, 0x285b285f, 0x2857285b, 
0x28532857, 0x284f2853, 0x284a284f, 0x2846284a, 0x28412846, 0x283d2841, 0x2839283d, 0x28342839, 
0x28302834, 0x282c2830, 0x2828282c, 0x28252828, 0x28222825, 0x281e2822, 0x281c281e, 0x2819281c, 
0x28172819, 0x28152817, 0x28142815, 0x28132814, 0x28132813, 0x28132813, 0x28132813, 0x28142813, 
0x28162814, 0x28192816, 0x281c2819, 0x281f281c, 0x2824281f, 0x28292824, 0x282e2829, 0x2835282e, 
0x283c2835, 0x2845283c, 0x284d2845, 0x2857284d, 0x28622857, 0x286e2862, 0x287a286e, 0x2887287a, 
0x28962887, 0x28a52896, 0x28b528a5, 0x28c728b5, 0x28d928c7, 0x28ec28d9, 0x290128ec, 0x29162901, 
0x292c2916, 0x2944292c, 0x295c2944, 0x2976295c, 0x29912976, 0x29ad2991, 0x29ca29ad, 0x29e829ca, 
0x2a0729e8, 0x2a272a07, 0x2a482a27, 0x2a6b2a48, 0x2a8f2a6b, 0x2ab32a8f, 0x2ad92ab3, 0x2b002ad9, 
0x2b282b00, 0x2b512b28, 0x2b7c2b51, 0x2ba72b7c, 0x2bd32ba7, 0x2c012bd3, 0x2c2f2c01, 0x2c5f2c2f, 
0x2c902c5f, 0x2cc12c90, 0x2cf42cc1, 0x2d282cf4, 0x2d5d2d28, 0x2d922d5d, 0x2dc92d92, 0x2e012dc9, 
0x2e392e01, 0x2e732e39, 0x2ead2e73, 0x2ee82ead, 0x2f242ee8, 0x2f612f24, 0x2f9f2f61, 0x2fdd2f9f, 
0x301c2fdd, 0x305c301c, 0x309d305c, 0x30de309d, 0x312030de, 0x31633120, 0x31a63163, 0x31ea31a6, 
0x322e31ea, 0x3273322e, 0x32b83273, 0x32fe32b8, 0x334432fe, 0x338a3344, 0x33d1338a, 0x341833d1, 
0x34603418, 0x34a83460, 0x34f034a8, 0x353834f0, 0x35803538, 0x35c83580, 0x361135c8, 0x36593611, 
0x36a23659, 0x36eb36a2, 0x373336eb, 0x377c3733, 0x37c4377c, 0x380c37c4, 0x3854380c, 0x389c3854, 
0x38e3389c, 0x392a38e3, 0x3971392a, 0x39b83971, 0x39fe39b8, 0x3a4439fe, 0x3a893a44, 0x3ace3a89, 
0x3b123ace, 0x3b563b12, 0x3b993b56, 0x3bdb3b99, 0x3c1d3bdb, 0x3c5e3c1d, 0x3c9f3c5e, 0x3cde3c9f, 
0x3d1d3cde, 0x3d5b3d1d, 0x3d993d5b, 0x3dd53d99, 0x3e113dd5, 0x3e4c3e11, 0x3e853e4c, 0x3ebe3e85, 
0x3ef63ebe, 0x3f2d3ef6, 0x3f633f2d, 0x3f973f63, 0x3fcb3f97, 0x3ffe3fcb, 0x402f3ffe, 0x4060402f, 
0x408f4060, 0x40bd408f, 0x40ea40bd, 0x411640ea, 0x41414116, 0x416a4141, 0x4192416a, 0x41b94192, 
0x41df41b9, 0x420341df, 0x42264203, 0x42484226, 0x42694248, 0x42894269, 0x42a74289, 0x42c442a7, 
0x42df42c4, 0x42fa42df, 0x431342fa, 0x432a4313, 0x4341432a, 0x43564341, 0x436a4356, 0x437d436a, 
0x438f437d, 0x439f438f, 0x43ae439f, 0x43bc43ae, 0x43c843bc, 0x43d443c8, 0x43de43d4, 0x43e743de, 
0x43ef43e7, 0x43f643ef, 0x43fc43f6, 0x440043fc, 0x44044400, 0x44074404, 0x44084407, 0x44094408, 
0x44084409, 0x44074408, 0x44044407, 0x44014404, 0x43fd4401, 0x43f843fd, 0x43f243f8, 0x43eb43f2, 
0x43e443eb, 0x43dc43e4, 0x43d343dc, 0x43ca43d3, 0x43bf43ca, 0x43b543bf, 0x43a943b5, 0x439e43a9, 
0x4391439e, 0x43854391, 0x43774385, 0x436a4377, 0x435c436a, 0x434e435c, 0x433f434e, 0x4330433f, 
0x43214330, 0x43124321, 0x43034312, 0x42f44303, 0x42e542f4, 0x42d542e5, 0x42c642d5, 0x42b742c6, 
0x42a842b7, 0x429942a8, 0x428a4299, 0x427c428a, 0x426d427c, 0x4260426d, 0x42524260, 0x42454252, 
0x42384245, 0x422c4238, 0x4221422c, 0x42164221, 0x420b4216, 0x4201420b, 0x41f84201, 0x41f041f8, 
0x41e841f0, 0x41e141e8, 0x41db41e1, 0x41d641db, 0x41d241d6, 0x41ce41d2, 0x41cc41ce, 0x41ca41cc, 
0x41ca41ca, 0x41cb41ca, 0x41cc41cb, 0x41cf41cc, 0x41d341cf, 0x41d841d3, 0x41df41d8, 0x41e641df, 
0x41ef41e6, 0x41f941ef, 0x420541f9, 0x42124205, 0x42204212, 0x422f4220, 0x4240422f, 0x42524240, 
0x42664252, 0x427b4266, 0x4292427b, 0x42aa4292, 0x42c342aa, 0x42de42c3, 0x42fa42de, 0x431842fa, 
0x43384318, 0x43594338, 0x437b4359, 0x439f437b, 0x43c5439f, 0x43ec43c5, 0x441543ec, 0x443f4415, 
0x446b443f, 0x4498446b, 0x44c74498, 0x44f744c7, 0x452944f7, 0x455c4529, 0x4591455c, 0x45c74591, 
0x45ff45c7, 0x463845ff, 0x46724638, 0x46ae4672, 0x46ec46ae, 0x472b46ec, 0x476b472b, 0x47ac476b, 
0x47ef47ac, 0x483347ef, 0x48784833, 0x48bf4878, 0x490748bf, 0x49504907, 0x499a4950, 0x49e5499a, 
0x4a3149e5, 0x4a7f4a31, 0x4acd4a7f, 0x4b1d4acd, 0x4b6d4b1d, 0x4bbe4b6d, 0x4c114bbe, 0x4c644c11, 
0x4cb74c64, 0x4d0c4cb7, 0x4d614d0c, 0x4db74d61, 0x4e0e4db7, 0x4e654e0e, 0x4ebd4e65, 0x4f154ebd, 
0x4f6e4f15, 0x4fc74f6e, 0x50204fc7, 0x507a5020, 0x50d4507a, 0x512f50d4, 0x5189512f, 0x51e45189, 
0x523e51e4, 0x5299523e, 0x52f45299, 0x534e52f4, 0x53a9534e, 0x540353a9, 0x545d5403, 0x54b7545d, 
0x551054b7, 0x55695510, 0x55c25569, 0x561a55c2, 0x5672561a, 0x56c95672, 0x572056c9, 0x57755720, 
0x57ca5775, 0x581f57ca, 0x5872581f, 0x58c55872, 0x591658c5, 0x59675916, 0x59b75967, 0x5a0659b7, 
0x5a535a06, 0x5aa05a53, 0x5aeb5aa0, 0x5b355aeb, 0x5b7d5b35, 0x5bc55b7d, 0x5c0b5bc5, 0x5c505c0b, 
0x5c935c50, 0x5cd55c93, 0x5d155cd5, 0x5d545d15, 0x5d915d54, 0x5dcc5d91, 0x5e065dcc, 0x5e3e5e06, 
0x5e755e3e, 0x5eaa5e75, 0x5edd5eaa, 0x5f0e5edd, 0x5f3d5f0e, 0x5f6b5f3d, 0x5f975f6b, 0x5fc15f97, 
0x5fe85fc1, 0x600f5fe8, 0x6033600f, 0x60556033, 0x60756055, 0x60936075, 0x60b06093, 0x60ca60b0, 
0x60e260ca, 0x60f960e2, 0x610d60f9, 0x6120610d, 0x61306120, 0x613e6130, 0x614b613e, 0x6155614b, 
0x615d6155, 0x6164615d, 0x61686164, 0x616b6168, 0x616b616b, 0x616a616b, 0x6167616a, 0x61626167, 
0x615b6162, 0x6152615b, 0x61476152, 0x613b6147, 0x612c613b, 0x611c612c, 0x610b611c, 0x60f7610b, 
0x60e260f7, 0x60cc60e2, 0x60b360cc, 0x609a60b3, 0x607e609a, 0x6062607e, 0x60446062, 0x60246044, 
0x60036024, 0x5fe16003, 0x5fbe5fe1, 0x5f995fbe, 0x5f735f99, 0x5f4d5f73, 0x5f255f4d, 0x5efc5f25, 
0x5ed25efc, 0x5ea85ed2, 0x5e7c5ea8, 0x5e505e7c, 0x5e235e50, 0x5df65e23, 0x5dc85df6, 0x5d995dc8, 
0x5d6b5d99, 0x5d3b5d6b, 0x5d0c5d3b, 0x5cdc5d0c, 0x5cac5cdc, 0x5c7b5cac, 0x5c4b5c7b, 0x5c1b5c4b, 
0x5beb5c1b, 0x5bbb5beb, 0x5b8b5bbb, 0x5b5c5b8b, 0x5b2d5b5c, 0x5afe5b2d, 0x5ad05afe, 0x5aa25ad0, 
0x5a755aa2, 0x5a495a75, 0x5a1e5a49, 0x59f35a1e, 0x59c959f3, 0x59a159c9, 0x597959a1, 0x59535979, 
0x592e5953, 0x590a592e, 0x58e7590a, 0x58c658e7, 0x58a658c6, 0x588858a6, 0x586b5888, 0x5850586b, 
0x58375850, 0x58205837, 0x580a5820, 0x57f7580a, 0x57e557f7, 0x57d557e5, 0x57c857d5, 0x57bc57c8, 
0x57b357bc, 0x57ac57b3, 0x57a857ac, 0x57a557a8, 0x57a557a5, 0x57a857a5, 0x57ad57a8, 0x57b557ad, 
0x57bf57b5, 0x57cc57bf, 0x57db57cc, 0x57ee57db, 0x580257ee, 0x581a5802, 0x5835581a, 0x58525835, 
0x58725852, 0x58955872, 0x58bb5895, 0x58e458bb, 0x591058e4, 0x593f5910, 0x5971593f, 0x59a65971, 
0x59de59a6, 0x5a1959de, 0x5a575a19, 0x5a975a57, 0x5adb5a97, 0x5b225adb, 0x5b6c5b22, 0x5bb95b6c, 
0x5c095bb9, 0x5c5c5c09, 0x5cb25c5c, 0x5d0b5cb2, 0x5d675d0b, 0x5dc65d67, 0x5e275dc6, 0x5e8c5e27, 
0x5ef35e8c, 0x5f5d5ef3, 0x5fca5f5d, 0x603a5fca, 0x60ac603a, 0x612160ac, 0x61996121, 0x62136199, 
0x62906213, 0x630f6290, 0x6390630f, 0x64146390, 0x649a6414, 0x6523649a, 0x65ad6523, 0x663a65ad, 
0x66c9663a, 0x675966c9, 0x67ec6759, 0x688067ec, 0x69166880, 0x69ae6916, 0x6a4769ae, 0x6ae26a47, 
0x6b7e6ae2, 0x6c1b6b7e, 0x6cba6c1b, 0x6d5a6cba, 0x6dfa6d5a, 0x6e9c6dfa, 0x6f3f6e9c, 0x6fe26f3f, 
0x70866fe2, 0x712a7086, 0x71cf712a, 0x727471cf, 0x73197274, 0x73be7319, 0x746473be, 0x75097464, 
0x75ad7509, 0x765275ad, 0x76f67652, 0x779976f6, 0x783c7799, 0x78de783c, 0x797e78de, 0x7a1e797e, 
0x7abd7a1e, 0x7b5a7abd, 0x7bf57b5a, 0x7c8f7bf5, 0x7d277c8f, 0x7dbe7d27, 0x7e527dbe, 0x7ee57e52, 
0x7f757ee5, 0x7fff7f75, 0x7fff7fff, 0x7fff7fff, 0x7fff7fff, 0x7fff7fff, 0x7fff7fff, 0x7fff7fff, 
0x7fff7fff, 0x7fff7fff, 0x7fff7fff, 0x7fff7fff, 0x7fff7fff, 0x7fff7fff, 0x7fff7fff, 0x7fff7fff, 
0x7fff7fff, 0x7fff7fff, 0x7fff7fff, 0x7fff7fff, 0x7fff7fff, 0x7fff7fff, 0x7fff7fff, 0x7fff7fff, 
0x7fff7fff, 0x7fff7fff, 0x7fff7fff, 0x7fff7fff, 0x7fff7fff, 0x7fff7fff, 0x7fff7fff, 0x7fff7fff, 
0x7fff7fff, 0x7fff7fff, 0x7fff7fff, 0x7fff7fff, 0x7fff7fff, 0x7fff7fff, 0x7fff7fff, 0x7fff7fff, 
0x7fff7fff, 0x7fff7fff, 0x7fff7fff, 0x7fff7fff, 0x7fff7fff, 0x7fff7fff, 0x7fff7fff, 0x7fff7fff, 
0x7fff7fff, 0x7fff7fff, 0x7fff7fff, 0x7fff7fff, 0x7fff7fff, 0x7fff7fff, 0x7fff7fff, 0x7fff7fff, 
0x7fff7fff, 0x7fff7fff, 0x7fff7fff, 0x7fff7fff, 0x7fcb7fff, 0x7f047fcb, 0x7e357f04, 0x7d5e7e35, 
0x7c7f7d5e, 0x7b997c7f, 0x7aaa7b99, 0x79b57aaa, 0x78b779b5, 0x77b278b7, 0x76a577b2, 0x759076a5, 
0x74747590, 0x73507474, 0x72257350, 0x70f27225, 0x6fb770f2, 0x6e766fb7, 0x6d2c6e76, 0x6bdc6d2c, 
0x6a846bdc, 0x69256a84, 0x67be6925, 0x665167be, 0x64dc6651, 0x636164dc, 0x61df6361, 0x605561df, 
0x5ec66055, 0x5d2f5ec6, 0x5b925d2f, 0x59ee5b92, 0x584459ee, 0x56945844, 0x54dd5694, 0x532154dd, 
0x515e5321, 0x4f96515e, 0x4dc74f96, 0x4bf34dc7, 0x4a1a4bf3, 0x483b4a1a, 0x4657483b, 0x446e4657, 
0x4280446e, 0x408c4280, 0x3e94408c, 0x3c983e94, 0x3a973c98, 0x38913a97, 0x36873891, 0x347a3687, 
0x3268347a, 0x30533268, 0x2e3a3053, 0x2c1d2e3a, 0x29fd2c1d, 0x27da29fd, 0x25b427da, 0x238b25b4, 
0x2160238b, 0x1f322160, 0x1d011f32, 0x1acf1d01, 0x189a1acf, 0x1663189a, 0x142b1663, 0x11f1142b, 
0x0fb611f1, 0x0d7a0fb6, 0x0b3c0d7a, 0x08fe0b3c, 0x06bf08fe, 0x048006bf, 0x02400480, 0x00000240, 
0xfdc00000, 0xfb80fdc0, 0xf941fb80, 0xf702f941, 0xf4c4f702, 0xf286f4c4, 0xf04af286, 0xee0ff04a, 
0xebd5ee0f, 0xe99debd5, 0xe766e99d, 0xe531e766, 0xe2ffe531, 0xe0cee2ff, 0xdea0e0ce, 0xdc75dea0, 
0xda4cdc75, 0xd826da4c, 0xd603d826, 0xd3e3d603, 0xd1c6d3e3, 0xcfadd1c6, 0xcd98cfad, 0xcb86cd98, 
0xc979cb86, 0xc76fc979, 0xc569c76f, 0xc368c569, 0xc16cc368, 0xbf74c16c, 0xbd80bf74, 0xbb92bd80, 
0xb9a9bb92, 0xb7c5b9a9, 0xb5e6b7c5, 0xb40db5e6, 0xb239b40d, 0xb06ab239, 0xaea2b06a, 0xacdfaea2, 
0xab23acdf, 0xa96cab23, 0xa7bca96c, 0xa612a7bc, 0xa46ea612, 0xa2d1a46e, 0xa13aa2d1, 0x9faba13a, 
0x9e219fab, 0x9c9f9e21, 0x9b249c9f, 0x99af9b24, 0x984299af, 0x96db9842, 0x957c96db, 0x9424957c, 
0x92d49424, 0x918a92d4, 0x9049918a, 0x8f0e9049, 0x8ddb8f0e, 0x8cb08ddb, 0x8b8c8cb0, 0x8a708b8c, 
0x895b8a70, 0x884e895b, 0x8749884e, 0x864b8749, 0x8556864b, 0x84678556, 0x83818467, 0x82a28381, 
0x81cb82a2, 0x80fc81cb, 0x803580fc, 0x80018035, 0x80018001, 0x80018001, 0x80018001, 0x80018001, 
0x80018001, 0x80018001, 0x80018001, 0x80018001, 0x80018001, 0x80018001, 0x80018001, 0x80018001, 
0x80018001, 0x80018001, 0x80018001, 0x80018001, 0x80018001, 0x80018001, 0x80018001, 0x80018001, 
0x80018001, 0x80018001, 0x80018001, 0x80018001, 0x80018001, 0x80018001, 0x80018001, 0x80018001, 
0x80018001, 0x80018001, 0x80018001, 0x80018001, 0x80018001, 0x80018001, 0x80018001, 0x80018001, 
0x80018001, 0x80018001, 0x80018001, 0x80018001, 0x80018001, 0x80018001, 0x80018001, 0x80018001, 
0x80018001, 0x80018001, 0x80018001, 0x80018001, 0x80018001, 0x80018001, 0x80018001, 0x80018001, 
0x80018001, 0x80018001, 0x80018001, 0x80018001, 0x80018001, 0x80018001, 0x808b8001, 0x811b808b, 
0x81ae811b, 0x824281ae, 0x82d98242, 0x837182d9, 0x840b8371, 0x84a6840b, 0x854384a6, 0x85e28543, 
0x868285e2, 0x87228682, 0x87c48722, 0x886787c4, 0x890a8867, 0x89ae890a, 0x8a5389ae, 0x8af78a53, 
0x8b9c8af7, 0x8c428b9c, 0x8ce78c42, 0x8d8c8ce7, 0x8e318d8c, 0x8ed68e31, 0x8f7a8ed6, 0x901e8f7a, 
0x90c1901e, 0x916490c1, 0x92069164, 0x92a69206, 0x934692a6, 0x93e59346, 0x948293e5, 0x951e9482, 
0x95b9951e, 0x965295b9, 0x96ea9652, 0x978096ea, 0x98149780, 0x98a79814, 0x993798a7, 0x99c69937, 
0x9a5399c6, 0x9add9a53, 0x9b669add, 0x9bec9b66, 0x9c709bec, 0x9cf19c70, 0x9d709cf1, 0x9ded9d70, 
0x9e679ded, 0x9edf9e67, 0x9f549edf, 0x9fc69f54, 0xa0369fc6, 0xa0a3a036, 0xa10da0a3, 0xa174a10d, 
0xa1d9a174, 0xa23aa1d9, 0xa299a23a, 0xa2f5a299, 0xa34ea2f5, 0xa3a4a34e, 0xa3f7a3a4, 0xa447a3f7, 
0xa494a447, 0xa4dea494, 0xa525a4de, 0xa569a525, 0xa5a9a569, 0xa5e7a5a9, 0xa622a5e7, 0xa65aa622, 
0xa68fa65a, 0xa6c1a68f, 0xa6f0a6c1, 0xa71ca6f0, 0xa745a71c, 0xa76ba745, 0xa78ea76b, 0xa7aea78e, 
0xa7cba7ae, 0xa7e6a7cb, 0xa7fea7e6, 0xa812a7fe, 0xa825a812, 0xa834a825, 0xa841a834, 0xa84ba841, 
0xa853a84b, 0xa858a853, 0xa85ba858, 0xa85ba85b, 0xa858a85b, 0xa854a858, 0xa84da854, 0xa844a84d, 
0xa838a844, 0xa82ba838, 0xa81ba82b, 0xa809a81b, 0xa7f6a809, 0xa7e0a7f6, 0xa7c9a7e0, 0xa7b0a7c9, 
0xa795a7b0, 0xa778a795, 0xa75aa778, 0xa73aa75a, 0xa719a73a, 0xa6f6a719, 0xa6d2a6f6, 0xa6ada6d2, 
0xa687a6ad, 0xa65fa687, 0xa637a65f, 0xa60da637, 0xa5e2a60d, 0xa5b7a5e2, 0xa58ba5b7, 0xa55ea58b, 
0xa530a55e, 0xa502a530, 0xa4d3a502, 0xa4a4a4d3, 0xa475a4a4, 0xa445a475, 0xa415a445, 0xa3e5a415, 
0xa3b5a3e5, 0xa385a3b5, 0xa354a385, 0xa324a354, 0xa2f4a324, 0xa2c5a2f4, 0xa295a2c5, 0xa267a295, 
0xa238a267, 0xa20aa238, 0xa1dda20a, 0xa1b0a1dd, 0xa184a1b0, 0xa158a184, 0xa12ea158, 0xa104a12e, 
0xa0dba104, 0xa0b3a0db, 0xa08da0b3, 0xa067a08d, 0xa042a067, 0xa01fa042, 0x9ffda01f, 0x9fdc9ffd, 
0x9fbc9fdc, 0x9f9e9fbc, 0x9f829f9e, 0x9f669f82, 0x9f4d9f66, 0x9f349f4d, 0x9f1e9f34, 0x9f099f1e, 
0x9ef59f09, 0x9ee49ef5, 0x9ed49ee4, 0x9ec59ed4, 0x9eb99ec5, 0x9eae9eb9, 0x9ea59eae, 0x9e9e9ea5, 
0x9e999e9e, 0x9e969e99, 0x9e959e96, 0x9e959e95, 0x9e989e95, 0x9e9c9e98, 0x9ea39e9c, 0x9eab9ea3, 
0x9eb59eab, 0x9ec29eb5, 0x9ed09ec2, 0x9ee09ed0, 0x9ef39ee0, 0x9f079ef3, 0x9f1e9f07, 0x9f369f1e, 
0x9f509f36, 0x9f6d9f50, 0x9f8b9f6d, 0x9fab9f8b, 0x9fcd9fab, 0x9ff19fcd, 0xa0189ff1, 0xa03fa018, 
0xa069a03f, 0xa095a069, 0xa0c3a095, 0xa0f2a0c3, 0xa123a0f2, 0xa156a123, 0xa18ba156, 0xa1c2a18b, 
0xa1faa1c2, 0xa234a1fa, 0xa26fa234, 0xa2aca26f, 0xa2eba2ac, 0xa32ba2eb, 0xa36da32b, 0xa3b0a36d, 
0xa3f5a3b0, 0xa43ba3f5, 0xa483a43b, 0xa4cba483, 0xa515a4cb, 0xa560a515, 0xa5ada560, 0xa5faa5ad, 
0xa649a5fa, 0xa699a649, 0xa6eaa699, 0xa73ba6ea, 0xa78ea73b, 0xa7e1a78e, 0xa836a7e1, 0xa88ba836, 
0xa8e0a88b, 0xa937a8e0, 0xa98ea937, 0xa9e6a98e, 0xaa3ea9e6, 0xaa97aa3e, 0xaaf0aa97, 0xab49aaf0, 
0xaba3ab49, 0xabfdaba3, 0xac57abfd, 0xacb2ac57, 0xad0cacb2, 0xad67ad0c, 0xadc2ad67, 0xae1cadc2, 
0xae77ae1c, 0xaed1ae77, 0xaf2caed1, 0xaf86af2c, 0xafe0af86, 0xb039afe0, 0xb092b039, 0xb0ebb092, 
0xb143b0eb, 0xb19bb143, 0xb1f2b19b, 0xb249b1f2, 0xb29fb249, 0xb2f4b29f, 0xb349b2f4, 0xb39cb349, 
0xb3efb39c, 0xb442b3ef, 0xb493b442, 0xb4e3b493, 0xb533b4e3, 0xb581b533, 0xb5cfb581, 0xb61bb5cf, 
0xb666b61b, 0xb6b0b666, 0xb6f9b6b0, 0xb741b6f9, 0xb788b741, 0xb7cdb788, 0xb811b7cd, 0xb854b811, 
0xb895b854, 0xb8d5b895, 0xb914b8d5, 0xb952b914, 0xb98eb952, 0xb9c8b98e, 0xba01b9c8, 0xba39ba01, 
0xba6fba39, 0xbaa4ba6f, 0xbad7baa4, 0xbb09bad7, 0xbb39bb09, 0xbb68bb39, 0xbb95bb68, 0xbbc1bb95, 
0xbbebbbc1, 0xbc14bbeb, 0xbc3bbc14, 0xbc61bc3b, 0xbc85bc61, 0xbca7bc85, 0xbcc8bca7, 0xbce8bcc8, 
0xbd06bce8, 0xbd22bd06, 0xbd3dbd22, 0xbd56bd3d, 0xbd6ebd56, 0xbd85bd6e, 0xbd9abd85, 0xbdaebd9a, 
0xbdc0bdae, 0xbdd1bdc0, 0xbde0bdd1, 0xbdeebde0, 0xbdfbbdee, 0xbe07bdfb, 0xbe11be07, 0xbe1abe11, 
0xbe21be1a, 0xbe28be21, 0xbe2dbe28, 0xbe31be2d, 0xbe34be31, 0xbe35be34, 0xbe36be35, 0xbe36be36, 
0xbe34be36, 0xbe32be34, 0xbe2ebe32, 0xbe2abe2e, 0xbe25be2a, 0xbe1fbe25, 0xbe18be1f, 0xbe10be18, 
0xbe08be10, 0xbdffbe08, 0xbdf5bdff, 0xbdeabdf5, 0xbddfbdea, 0xbdd4bddf, 0xbdc8bdd4, 0xbdbbbdc8, 
0xbdaebdbb, 0xbda0bdae, 0xbd93bda0, 0xbd84bd93, 0xbd76bd84, 0xbd67bd76, 0xbd58bd67, 0xbd49bd58, 
0xbd3abd49, 0xbd2bbd3a, 0xbd1bbd2b, 0xbd0cbd1b, 0xbcfdbd0c, 0xbceebcfd, 0xbcdfbcee, 0xbcd0bcdf, 
0xbcc1bcd0, 0xbcb2bcc1, 0xbca4bcb2, 0xbc96bca4, 0xbc89bc96, 0xbc7bbc89, 0xbc6fbc7b, 0xbc62bc6f, 
0xbc57bc62, 0xbc4bbc57, 0xbc41bc4b, 0xbc36bc41, 0xbc2dbc36, 0xbc24bc2d, 0xbc1cbc24, 0xbc15bc1c, 
0xbc0ebc15, 0xbc08bc0e, 0xbc03bc08, 0xbbffbc03, 0xbbfcbbff, 0xbbf9bbfc, 0xbbf8bbf9, 0xbbf7bbf8, 
0xbbf8bbf7, 0xbbf9bbf8, 0xbbfcbbf9, 0xbc00bbfc, 0xbc04bc00, 0xbc0abc04, 0xbc11bc0a, 0xbc19bc11, 
0xbc22bc19, 0xbc2cbc22, 0xbc38bc2c, 0xbc44bc38, 0xbc52bc44, 0xbc61bc52, 0xbc71bc61, 0xbc83bc71, 
0xbc96bc83, 0xbcaabc96, 0xbcbfbcaa, 0xbcd6bcbf, 0xbcedbcd6, 0xbd06bced, 0xbd21bd06, 0xbd3cbd21, 
0xbd59bd3c, 0xbd77bd59, 0xbd97bd77, 0xbdb8bd97, 0xbddabdb8, 0xbdfdbdda, 0xbe21bdfd, 0xbe47be21, 
0xbe6ebe47, 0xbe96be6e, 0xbebfbe96, 0xbeeabebf, 0xbf16beea, 0xbf43bf16, 0xbf71bf43, 0xbfa0bf71, 
0xbfd1bfa0, 0xc002bfd1, 0xc035c002, 0xc069c035, 0xc09dc069, 0xc0d3c09d, 0xc10ac0d3, 0xc142c10a, 
0xc17bc142, 0xc1b4c17b, 0xc1efc1b4, 0xc22bc1ef, 0xc267c22b, 0xc2a5c267, 0xc2e3c2a5, 0xc322c2e3, 
0xc361c322, 0xc3a2c361, 0xc3e3c3a2, 0xc425c3e3, 0xc467c425, 0xc4aac467, 0xc4eec4aa, 0xc532c4ee, 
0xc577c532, 0xc5bcc577, 0xc602c5bc, 0xc648c602, 0xc68fc648, 0xc6d6c68f, 0xc71dc6d6, 0xc764c71d, 
0xc7acc764, 0xc7f4c7ac, 0xc83cc7f4, 0xc884c83c, 0xc8cdc884, 0xc915c8cd, 0xc95ec915, 0xc9a7c95e, 
0xc9efc9a7, 0xca38c9ef, 0xca80ca38, 0xcac8ca80, 0xcb10cac8, 0xcb58cb10, 0xcba0cb58, 0xcbe8cba0, 
0xcc2fcbe8, 0xcc76cc2f, 0xccbccc76, 0xcd02ccbc, 0xcd48cd02, 0xcd8dcd48, 0xcdd2cd8d, 0xce16cdd2, 
0xce5ace16, 0xce9dce5a, 0xcee0ce9d, 0xcf22cee0, 0xcf63cf22, 0xcfa4cf63, 0xcfe4cfa4, 0xd023cfe4, 
0xd061d023, 0xd09fd061, 0xd0dcd09f, 0xd118d0dc, 0xd153d118, 0xd18dd153, 0xd1c7d18d, 0xd1ffd1c7, 
0xd237d1ff, 0xd26ed237, 0xd2a3d26e, 0xd2d8d2a3, 0xd30cd2d8, 0xd33fd30c, 0xd370d33f, 0xd3a1d370, 
0xd3d1d3a1, 0xd3ffd3d1, 0xd42dd3ff, 0xd459d42d, 0xd484d459, 0xd4afd484, 0xd4d8d4af, 0xd500d4d8, 
0xd527d500, 0xd54dd527, 0xd571d54d, 0xd595d571, 0xd5b8d595, 0xd5d9d5b8, 0xd5f9d5d9, 0xd618d5f9, 
0xd636d618, 0xd653d636, 0xd66fd653, 0xd68ad66f, 0xd6a4d68a, 0xd6bcd6a4, 0xd6d4d6bc, 0xd6ead6d4, 
0xd6ffd6ea, 0xd714d6ff, 0xd727d714, 0xd739d727, 0xd74bd739, 0xd75bd74b, 0xd76ad75b, 0xd779d76a, 
0xd786d779, 0xd792d786, 0xd79ed792, 0xd7a9d79e, 0xd7b3d7a9, 0xd7bbd7b3, 0xd7c4d7bb, 0xd7cbd7c4, 
0xd7d2d7cb, 0xd7d7d7d2, 0xd7dcd7d7, 0xd7e1d7dc, 0xd7e4d7e1, 0xd7e7d7e4, 0xd7ead7e7, 0xd7ecd7ea, 
0xd7edd7ec, 0xd7edd7ed, 0xd7edd7ed, 0xd7edd7ed, 0xd7ecd7ed, 0xd7ebd7ec, 0xd7e9d7eb, 0xd7e7d7e9, 
0xd7e4d7e7, 0xd7e2d7e4, 0xd7ded7e2, 0xd7dbd7de, 0xd7d8d7db, 0xd7d4d7d8, 0xd7d0d7d4, 0xd7ccd7d0, 
0xd7c7d7cc, 0xd7c3d7c7, 0xd7bfd7c3, 0xd7bad7bf, 0xd7b6d7ba, 0xd7b1d7b6, 0xd7add7b1, 0xd7a9d7ad, 
0xd7a5d7a9, 0xd7a1d7a5, 0xd79dd7a1, 0xd79ad79d, 0xd797d79a, 0xd794d797, 0xd791d794, 0xd78fd791, 
0xd78dd78f, 0xd78cd78d, 0xd78bd78c, 0xd78ad78b, 0xd78ad78a, 0xd78ad78a, 0xd78bd78a, 0xd78cd78b, 
0xd78ed78c, 0xd791d78e, 0xd794d791, 0xd798d794, 0xd79dd798, 0xd7a2d79d, 0xd7a8d7a2, 0xd7afd7a8, 
0xd7b6d7af, 0xd7bfd7b6, 0xd7c8d7bf, 0xd7d2d7c8, 0xd7ddd7d2, 0xd7e8d7dd, 0xd7f5d7e8, 0xd802d7f5, 
0xd810d802, 0xd81fd810, 0xd82fd81f, 0xd840d82f, 0xd852d840, 0xd865d852, 0xd879d865, 0xd88ed879, 
0xd8a4d88e, 0xd8bbd8a4, 0xd8d3d8bb, 0xd8ecd8d3, 0xd905d8ec, 0xd920d905, 0xd93cd920, 0xd959d93c, 
0xd977d959, 0xd996d977, 0xd9b6d996, 0xd9d7d9b6, 0xd9f9d9d7, 0xda1cd9f9, 0xda40da1c, 0xda65da40, 
0xda8bda65, 0xdab2da8b, 0xdadadab2, 0xdb03dada, 0xdb2ddb03, 0xdb58db2d, 0xdb84db58, 0xdbb1db84, 
0xdbdedbb1, 0xdc0ddbde, 0xdc3cdc0d, 0xdc6ddc3c, 0xdc9edc6d, 0xdcd0dc9e, 0xdd03dcd0, 0xdd37dd03, 
0xdd6cdd37, 0xdda1dd6c, 0xddd7dda1, 0xde0eddd7, 0xde46de0e, 0xde7ede46, 0xdeb7de7e, 0xdef1deb7, 
0xdf2bdef1, 0xdf66df2b, 0xdfa1df66, 0xdfdddfa1, 0xe01adfdd, 0xe057e01a, 0xe095e057, 0xe0d3e095, 
0xe111e0d3, 0xe150e111, 0xe18fe150, 0xe1cfe18f, 0xe20fe1cf, 0xe24fe20f, 0xe290e24f, 0xe2d1e290, 
0xe312e2d1, 0xe353e312, 0xe395e353, 0xe3d6e395, 0xe418e3d6, 0xe45ae418, 0xe49be45a, 0xe4dde49b, 
0xe51fe4dd, 0xe561e51f, 0xe5a3e561, 0xe5e4e5a3, 0xe626e5e4, 0xe667e626, 0xe6a8e667, 0xe6e9e6a8, 
0xe72ae6e9, 0xe76be72a, 0xe7abe76b, 0xe7ebe7ab, 0xe82ae7eb, 0xe86ae82a, 0xe8a8e86a, 0xe8e7e8a8, 
0xe925e8e7, 0xe962e925, 0xe99fe962, 0xe9dce99f, 0xea17e9dc, 0xea53ea17, 0xea8eea53, 0xeac8ea8e, 
0xeb01eac8, 0xeb3aeb01, 0xeb72eb3a, 0xebaaeb72, 0xebe1ebaa, 0xec17ebe1, 0xec4cec17, 0xec81ec4c, 
0xecb4ec81, 0xece7ecb4, 0xed1aece7, 0xed4bed1a, 0xed7bed4b, 0xedabed7b, 0xeddaedab, 0xee08edda, 
0xee35ee08, 0xee61ee35, 0xee8cee61, 0xeeb6ee8c, 0xeee0eeb6, 0xef08eee0, 0xef30ef08, 0xef56ef30, 
0xef7cef56, 0xefa0ef7c, 0xefc4efa0, 0xefe7efc4, 0xf008efe7, 0xf029f008, 0xf049f029, 0xf068f049, 
0xf086f068, 0xf0a3f086, 0xf0bff0a3, 0xf0daf0bf, 0xf0f4f0da, 0xf10df0f4, 0xf125f10d, 0xf13df125, 
0xf153f13d, 0xf168f153, 0xf17df168, 0xf191f17d, 0xf1a3f191, 0xf1b5f1a3, 0xf1c6f1b5, 0xf1d7f1c6, 
0xf1e6f1d7, 0xf1f5f1e6, 0xf203f1f5, 0xf210f203, 0xf21cf210, 0xf227f21c, 0xf232f227, 0xf23cf232, 
0xf246f23c, 0xf24ef246, 0xf256f24e, 0xf25ef256, 0xf265f25e, 0xf26bf265, 0xf271f26b, 0xf276f271, 
0xf27af276, 0xf27ff27a, 0xf282f27f, 0xf285f282, 0xf288f285, 0xf28bf288, 0xf28df28b, 0xf28ef28d, 
0xf290f28e, 0xf291f290, 0xf291f291, 0xf292f291, 0xf292f292, 0xf292f292, 0xf292f292, 0xf292f292, 
0xf292f292, 0xf291f292, 0xf291f291, 0xf291f291, 0xf290f291, 0xf290f290, 0xf28ff290, 0xf28ff28f, 
0xf28ff28f, 0xf28ff28f, 0xf28ff28f, 0xf28ff28f, 0xf290f28f, 0xf291f290, 0xf292f291, 0xf293f292, 
0xf295f293, 0xf297f295, 0xf299f297, 0xf29cf299, 0xf2a0f29c, 0xf2a3f2a0, 0xf2a7f2a3, 0xf2acf2a7, 
0xf2b1f2ac, 0xf2b7f2b1, 0xf2bdf2b7, 0xf2c4f2bd, 0xf2ccf2c4, 0xf2d4f2cc, 0xf2ddf2d4, 0xf2e6f2dd, 
0xf2f0f2e6, 0xf2fbf2f0, 0xf307f2fb, 0xf313f307, 0xf320f313, 0xf32ef320, 0xf33cf32e, 0xf34cf33c, 
0xf35cf34c, 0xf36df35c, 0xf37ff36d, 0xf391f37f, 0xf3a5f391, 0xf3b9f3a5, 0xf3cff3b9, 0xf3e5f3cf, 
0xf3fcf3e5, 0xf414f3fc, 0xf42df414, 0xf447f42d, 0xf462f447, 0xf47df462, 0xf49af47d, 0xf4b8f49a, 
0xf4d6f4b8, 0xf4f5f4d6, 0xf516f4f5, 0xf537f516, 0xf559f537, 0xf57df559, 0xf5a1f57d, 0xf5c6f5a1, 
0xf5ecf5c6, 0xf612f5ec, 0xf63af612, 0xf663f63a, 0xf68cf663, 0xf6b7f68c, 0xf6e2f6b7, 0xf70ef6e2, 
0xf73bf70e, 0xf769f73b, 0xf798f769, 0xf7c8f798, 0xf7f8f7c8, 0xf829f7f8, 0xf85bf829, 0xf88ef85b, 
0xf8c1f88e, 0xf8f6f8c1, 0xf92af8f6, 0xf960f92a, 0xf996f960, 0xf9cdf996, 0xfa05f9cd, 0xfa3dfa05, 
0xfa76fa3d, 0xfaaffa76, 0xfae9faaf, 0xfb24fae9, 0xfb5ffb24, 0xfb9afb5f, 0xfbd6fb9a, 0xfc12fbd6, 
0xfc4ffc12, 0xfc8cfc4f, 0xfccafc8c, 0xfd08fcca, 0xfd46fd08, 0xfd85fd46, 0xfdc3fd85, 0xfe02fdc3, 
0xfe42fe02, 0xfe81fe42, 0xfec1fe81, 0xff00fec1, 0xff40ff00, 0xff80ff40, 0xffc0ff80, 0x0000ffc0, 
},
// Table 7, base frequency 5274.040911
{
0x00400000, 0x00800040, 0x00c00080, 0x010000c0, 0x01400100, 0x01800140, 0x01c00180, 0x020001c0, 
0x02400200, 0x027f0240, 0x02bf027f, 0x02ff02bf, 0x033f02ff, 0x037e033f, 0x03be037e, 0x03fe03be, 
0x043d03fe, 0x047c043d, 0x04bc047c, 0x04fb04bc, 0x053a04fb, 0x057a053a, 0x05b9057a, 0x05f805b9, 
0x063705f8, 0x06750637, 0x06b40675, 0x06f306b4, 0x073106f3, 0x07700731, 0x07ae0770, 0x07ec07ae, 
0x082a07ec, 0x0868082a, 0x08a60868, 0x08e408a6, 0x092208e4, 0x095f0922, 0x099c095f, 0x09da099c, 
0x0a1709da, 0x0a540a17, 0x0a900a54, 0x0acd0a90, 0x0b0a0acd, 0x0b460b0a, 0x0b820b46, 0x0bbe0b82, 
0x0bfa0bbe, 0x0c360bfa, 0x0c710c36, 0x0cac0c71, 0x0ce80cac, 0x0d220ce8, 0x0d5d0d22, 0x0d980d5d, 
0x0dd20d98, 0x0e0c0dd2, 0x0e460e0c, 0x0e800e46, 0x0eba0e80, 0x0ef30eba, 0x0f2c0ef3, 0x0f650f2c, 
0x0f9e0f65, 0x0fd70f9e, 0x100f0fd7, 0x1047100f, 0x107f1047, 0x10b6107f, 0x10ee10b6, 0x112510ee, 
0x115c1125, 0x1193115c, 0x11c91193, 0x11ff11c9, 0x123511ff, 0x126b1235, 0x12a0126b, 0x12d512a0, 
0x130a12d5, 0x133f130a, 0x1374133f, 0x13a81374, 0x13dc13a8, 0x140f13dc, 0x1442140f, 0x14751442, 
0x14a81475, 0x14db14a8, 0x150d14db, 0x153f150d, 0x1571153f, 0x15a21571, 0x15d315a2, 0x160415d3, 
0x16341604, 0x16641634, 0x16941664, 0x16c41694, 0x16f316c4, 0x172216f3, 0x17511722, 0x177f1751, 
0x17ad177f, 0x17db17ad, 0x180817db, 0x18361808, 0x18621836, 0x188f1862, 0x18bb188f, 0x18e718bb, 
0x191218e7, 0x193e1912, 0x1969193e, 0x19931969, 0x19bd1993, 0x19e719bd, 0x1a1119e7, 0x1a3a1a11, 
0x1a631a3a, 0x1a8b1a63, 0x1ab41a8b, 0x1adc1ab4, 0x1b031adc, 0x1b2a1b03, 0x1b511b2a, 0x1b781b51, 
0x1b9e1b78, 0x1bc41b9e, 0x1be91bc4, 0x1c0e1be9, 0x1c331c0e, 0x1c581c33, 0x1c7c1c58, 0x1ca01c7c, 
0x1cc31ca0, 0x1ce61cc3, 0x1d091ce6, 0x1d2b1d09, 0x1d4d1d2b, 0x1d6f1d4d, 0x1d901d6f, 0x1db11d90, 
0x1dd21db1, 0x1df21dd2, 0x1e121df2, 0x1e321e12, 0x1e511e32, 0x1e701e51, 0x1e8e1e70, 0x1eac1e8e, 
0x1eca1eac, 0x1ee81eca, 0x1f051ee8, 0x1f221f05, 0x1f3e1f22, 0x1f5a1f3e, 0x1f761f5a, 0x1f911f76, 
0x1fac1f91, 0x1fc71fac, 0x1fe11fc7, 0x1ffb1fe1, 0x20141ffb, 0x202e2014, 0x2047202e, 0x205f2047, 
0x2077205f, 0x208f2077, 0x20a7208f, 0x20be20a7, 0x20d420be, 0x20eb20d4, 0x210120eb, 0x21172101, 
0x212c2117, 0x2141212c, 0x21562141, 0x216a2156, 0x217e216a, 0x2192217e, 0x21a52192, 0x21b921a5, 
0x21cb21b9, 0x21de21cb, 0x21f021de, 0x220121f0, 0x22132201, 0x22242213, 0x22352224, 0x22452235, 
0x22552245, 0x22652255, 0x22742265, 0x22832274, 0x22922283, 0x22a12292, 0x22af22a1, 0x22bd22af, 
0x22ca22bd, 0x22d722ca, 0x22e422d7, 0x22f122e4, 0x22fd22f1, 0x230922fd, 0x23152309, 0x23202315, 
0x232b2320, 0x2336232b, 0x23412336, 0x234b2341, 0x2355234b, 0x235f2355, 0x2368235f, 0x23712368, 
0x237a2371, 0x2383237a, 0x238b2383, 0x2393238b, 0x239b2393, 0x23a2239b, 0x23a923a2, 0x23b023a9, 
0x23b723b0, 0x23bd23b7, 0x23c323bd, 0x23c923c3, 0x23cf23c9, 0x23d523cf, 0x23da23d5, 0x23df23da, 
0x23e323df, 0x23e823e3, 0x23ec23e8, 0x23f023ec, 0x23f423f0, 0x23f723f4, 0x23fb23f7, 0x23fe23fb, 
0x240123fe, 0x24042401, 0x24062404, 0x24082406, 0x240a2408, 0x240c240a, 0x240e240c, 0x2410240e, 
0x24112410, 0x24122411, 0x24132412, 0x24142413, 0x24142414, 0x24152414, 0x24152415, 0x24152415, 
0x24152415, 0x24152415, 0x24142415, 0x24142414, 0x24132414, 0x24122413, 0x24112412, 0x24102411, 
0x240f2410, 0x240d240f, 0x240c240d, 0x240a240c, 0x2409240a, 0x24072409, 0x24052407, 0x24032405, 
0x24002403, 0x23fe2400, 0x23fc23fe, 0x23f923fc, 0x23f723f9, 0x23f423f7, 0x23f123f4, 0x23ee23f1, 
0x23eb23ee, 0x23e823eb, 0x23e523e8, 0x23e223e5, 0x23df23e2, 0x23dc23df, 0x23d923dc, 0x23d523d9, 
0x23d223d5, 0x23ce23d2, 0x23cb23ce, 0x23c823cb, 0x23c423c8, 0x23c023c4, 0x23bd23c0, 0x23b923bd, 
0x23b623b9, 0x23b223b6, 0x23af23b2, 0x23ab23af, 0x23a723ab, 0x23a423a7, 0x23a023a4, 0x239d23a0, 
0x2399239d, 0x23962399, 0x23922396, 0x238f2392, 0x238b238f, 0x2388238b, 0x23842388, 0x23812384, 
0x237e2381, 0x237b237e, 0x2378237b, 0x23742378, 0x23722374, 0x236f2372, 0x236c236f, 0x2369236c, 
0x23662369, 0x23642366, 0x23612364, 0x235f2361, 0x235d235f, 0x235a235d, 0x2358235a, 0x23562358, 
0x23542356, 0x23532354, 0x23512353, 0x23502351, 0x234e2350, 0x234d234e, 0x234c234d, 0x234b234c, 
0x234a234b, 0x234a234a, 0x2349234a, 0x23492349, 0x23492349, 0x23492349, 0x23492349, 0x23492349, 
0x234a2349, 0x234b234a, 0x234c234b, 0x234d234c, 0x234e234d, 0x2350234e, 0x23512350, 0x23532351, 
0x23552353, 0x23582355, 0x235a2358, 0x235d235a, 0x2360235d, 0x23632360, 0x23672363, 0x236b2367, 
0x236e236b, 0x2373236e, 0x23772373, 0x237c2377, 0x2381237c, 0x23862381, 0x238b2386, 0x2391238b, 
0x23972391, 0x239e2397, 0x23a4239e, 0x23ab23a4, 0x23b223ab, 0x23ba23b2, 0x23c123ba, 0x23c923c1, 
0x23d223c9, 0x23da23d2, 0x23e323da, 0x23ec23e3, 0x23f623ec, 0x240023f6, 0x240a2400, 0x2414240a, 
0x241f2414, 0x242a241f, 0x2435242a, 0x24412435, 0x244d2441, 0x245a244d, 0x2467245a, 0x24742467, 
0x24812474, 0x248f2481, 0x249d248f, 0x24ac249d, 0x24ba24ac, 0x24ca24ba, 0x24d924ca, 0x24e924d9, 
0x24fa24e9, 0x250a24fa, 0x251b250a, 0x252d251b, 0x253f252d, 0x2551253f, 0x25632551, 0x25762563, 
0x258a2576, 0x259d258a, 0x25b1259d, 0x25c625b1, 0x25db25c6, 0x25f025db, 0x260625f0, 0x261c2606, 
0x2633261c, 0x264a2633, 0x2661264a, 0x26792661, 0x26912679, 0x26a92691, 0x26c226a9, 0x26dc26c2, 
0x26f626dc, 0x271026f6, 0x272a2710, 0x2746272a, 0x27612746, 0x277d2761, 0x2799277d, 0x27b62799, 
0x27d327b6, 0x27f127d3, 0x280f27f1, 0x282e280f, 0x284d282e, 0x286c284d, 0x288c286c, 0x28ac288c, 
0x28cd28ac, 0x28ee28cd, 0x291028ee, 0x29322910, 0x29542932, 0x29772954, 0x299b2977, 0x29be299b, 
0x29e329be, 0x2a0729e3, 0x2a2d2a07, 0x2a522a2d, 0x2a782a52, 0x2a9f2a78, 0x2ac62a9f, 0x2aed2ac6, 
0x2b152aed, 0x2b3d2b15, 0x2b662b3d, 0x2b8f2b66, 0x2bb92b8f, 0x2be32bb9, 0x2c0e2be3, 0x2c392c0e, 
0x2c642c39, 0x2c902c64, 0x2cbd2c90, 0x2cea2cbd, 0x2d172cea, 0x2d452d17, 0x2d732d45, 0x2da12d73, 
0x2dd12da1, 0x2e002dd1, 0x2e302e00, 0x2e612e30, 0x2e922e61, 0x2ec32e92, 0x2ef52ec3, 0x2f272ef5, 
0x2f5a2f27, 0x2f8d2f5a, 0x2fc02f8d, 0x2ff42fc0, 0x30292ff4, 0x305e3029, 0x3093305e, 0x30c93093, 
0x30ff30c9, 0x313630ff, 0x316d3136, 0x31a4316d, 0x31dc31a4, 0x321531dc, 0x324d3215, 0x3287324d, 
0x32c03287, 0x32fa32c0, 0x333532fa, 0x33703335, 0x33ab3370, 0x33e733ab, 0x342333e7, 0x34603423, 
0x349d3460, 0x34da349d, 0x351834da, 0x35563518, 0x35953556, 0x35d43595, 0x361335d4, 0x36533613, 
0x36933653, 0x36d43693, 0x371436d4, 0x37563714, 0x37983756, 0x37da3798, 0x381c37da, 0x385f381c, 
0x38a2385f, 0x38e638a2, 0x392a38e6, 0x396e392a, 0x39b3396e, 0x39f839b3, 0x3a3d39f8, 0x3a833a3d, 
0x3ac93a83, 0x3b103ac9, 0x3b573b10, 0x3b9e3b57, 0x3be53b9e, 0x3c2d3be5, 0x3c753c2d, 0x3cbe3c75, 
0x3d063cbe, 0x3d4f3d06, 0x3d993d4f, 0x3de33d99, 0x3e2d3de3, 0x3e773e2d, 0x3ec23e77, 0x3f0d3ec2, 
0x3f583f0d, 0x3fa33f58, 0x3fef3fa3, 0x403b3fef, 0x4087403b, 0x40d44087, 0x412140d4, 0x416e4121, 
0x41bc416e, 0x420941bc, 0x42574209, 0x42a54257, 0x42f442a5, 0x434242f4, 0x43914342, 0x43e04391, 
0x443043e0, 0x447f4430, 0x44cf447f, 0x451f44cf, 0x456f451f, 0x45bf456f, 0x461045bf, 0x46614610, 
0x46b24661, 0x470346b2, 0x47544703, 0x47a64754, 0x47f747a6, 0x484947f7, 0x489b4849, 0x48ed489b, 
0x493f48ed, 0x4992493f, 0x49e44992, 0x4a3749e4, 0x4a8a4a37, 0x4add4a8a, 0x4b304add, 0x4b834b30, 
0x4bd64b83, 0x4c2a4bd6, 0x4c7d4c2a, 0x4cd14c7d, 0x4d244cd1, 0x4d784d24, 0x4dcc4d78, 0x4e204dcc, 
0x4e734e20, 0x4ec74e73, 0x4f1b4ec7, 0x4f6f4f1b, 0x4fc44f6f, 0x50184fc4, 0x506c5018, 0x50c0506c, 
0x511450c0, 0x51685114, 0x51bd5168, 0x521151bd, 0x52655211, 0x52b95265, 0x530d52b9, 0x5361530d, 
0x53b55361, 0x540953b5, 0x545d5409, 0x54b1545d, 0x550554b1, 0x55595505, 0x55ad5559, 0x560155ad, 
0x56545601, 0x56a85654, 0x56fb56a8, 0x574f56fb, 0x57a2574f, 0x57f557a2, 0x584857f5, 0x589b5848, 
0x58ed589b, 0x594058ed, 0x59935940, 0x59e55993, 0x5a3759e5, 0x5a895a37, 0x5adb5a89, 0x5b2c5adb, 
0x5b7e5b2c, 0x5bcf5b7e, 0x5c205bcf, 0x5c715c20, 0x5cc25c71, 0x5d125cc2, 0x5d625d12, 0x5db25d62, 
0x5e025db2, 0x5e525e02, 0x5ea15e52, 0x5ef05ea1, 0x5f3f5ef0, 0x5f8d5f3f, 0x5fdc5f8d, 0x602a5fdc, 
0x6077602a, 0x60c56077, 0x611260c5, 0x615e6112, 0x61ab615e, 0x61f761ab, 0x624361f7, 0x628e6243, 
0x62d9628e, 0x632462d9, 0x636f6324, 0x63b9636f, 0x640363b9, 0x644c6403, 0x6495644c, 0x64de6495, 
0x652664de, 0x656e6526, 0x65b5656e, 0x65fc65b5, 0x664365fc, 0x66896643, 0x66ce6689, 0x671466ce, 
0x67596714, 0x679d6759, 0x67e1679d, 0x682467e1, 0x68676824, 0x68aa6867, 0x68ec68aa, 0x692e68ec, 
0x696f692e, 0x69af696f, 0x69ef69af, 0x6a2f69ef, 0x6a6e6a2f, 0x6aad6a6e, 0x6aeb6aad, 0x6b286aeb, 
0x6b656b28, 0x6ba16b65, 0x6bdd6ba1, 0x6c186bdd, 0x6c536c18, 0x6c8d6c53, 0x6cc76c8d, 0x6d006cc7, 
0x6d386d00, 0x6d706d38, 0x6da76d70, 0x6ddd6da7, 0x6e136ddd, 0x6e496e13, 0x6e7d6e49, 0x6eb16e7d, 
0x6ee56eb1, 0x6f176ee5, 0x6f496f17, 0x6f7b6f49, 0x6fac6f7b, 0x6fdc6fac, 0x700b6fdc, 0x703a700b, 
0x7068703a, 0x70957068, 0x70c27095, 0x70ee70c2, 0x711970ee, 0x71447119, 0x716d7144, 0x7196716d, 
0x71bf7196, 0x71e671bf, 0x720d71e6, 0x7233720d, 0x72597233, 0x727d7259, 0x72a1727d, 0x72c472a1, 
0x72e772c4, 0x730872e7, 0x73297308, 0x73497329, 0x73687349, 0x73867368, 0x73a47386, 0x73c173a4, 
0x73dc73c1, 0x73f873dc, 0x741273f8, 0x742b7412, 0x7444742b, 0x745c7444, 0x7473745c, 0x74897473, 
0x749e7489, 0x74b2749e, 0x74c674b2, 0x74d874c6, 0x74ea74d8, 0x74fb74ea, 0x750b74fb, 0x751a750b, 
0x7529751a, 0x75367529, 0x75427536, 0x754e7542, 0x7559754e, 0x75627559, 0x756b7562, 0x7573756b, 
0x757a7573, 0x7580757a, 0x75857580, 0x758a7585, 0x758d758a, 0x758f758d, 0x7591758f, 0x75917591, 
0x75917591, 0x758f7591, 0x758d758f, 0x758a758d, 0x7585758a, 0x75807585, 0x757a7580, 0x7573757a, 
0x756a7573, 0x7561756a, 0x75577561, 0x754c7557, 0x7540754c, 0x75337540, 0x75257533, 0x75167525, 
0x75067516, 0x74f57506, 0x74e274f5, 0x74cf74e2, 0x74bb74cf, 0x74a674bb, 0x749074a6, 0x74797490, 
0x74617479, 0x74487461, 0x742e7448, 0x7412742e, 0x73f67412, 0x73d973f6, 0x73bb73d9, 0x739b73bb, 
0x737b739b, 0x735a737b, 0x7337735a, 0x73147337, 0x72f07314, 0x72ca72f0, 0x72a472ca, 0x727c72a4, 
0x7254727c, 0x722a7254, 0x71ff722a, 0x71d471ff, 0x71a771d4, 0x717971a7, 0x714a7179, 0x711a714a, 
0x70e9711a, 0x70b770e9, 0x708470b7, 0x70507084, 0x701b7050, 0x6fe5701b, 0x6fae6fe5, 0x6f756fae, 
0x6f3c6f75, 0x6f026f3c, 0x6ec66f02, 0x6e8a6ec6, 0x6e4c6e8a, 0x6e0d6e4c, 0x6dce6e0d, 0x6d8d6dce, 
0x6d4b6d8d, 0x6d096d4b, 0x6cc56d09, 0x6c806cc5, 0x6c3a6c80, 0x6bf36c3a, 0x6bab6bf3, 0x6b626bab, 
0x6b186b62, 0x6acd6b18, 0x6a806acd, 0x6a336a80, 0x69e56a33, 0x699669e5, 0x69456996, 0x68f46945, 
0x68a168f4, 0x684e68a1, 0x67f9684e, 0x67a467f9, 0x674d67a4, 0x66f6674d, 0x669d66f6, 0x6643669d, 
0x65e96643, 0x658d65e9, 0x6530658d, 0x64d36530, 0x647464d3, 0x64146474, 0x63b36414, 0x635263b3, 
0x62ef6352, 0x628b62ef, 0x6226628b, 0x61c06226, 0x615a61c0, 0x60f2615a, 0x608960f2, 0x601f6089, 
0x5fb5601f, 0x5f495fb5, 0x5edc5f49, 0x5e6f5edc, 0x5e005e6f, 0x5d905e00, 0x5d205d90, 0x5cae5d20, 
0x5c3c5cae, 0x5bc85c3c, 0x5b545bc8, 0x5adf5b54, 0x5a685adf, 0x59f15a68, 0x597959f1, 0x59005979, 
0x58865900, 0x580b5886, 0x578f580b, 0x5712578f, 0x56955712, 0x56165695, 0x55965616, 0x55165596, 
0x54955516, 0x54135495, 0x538f5413, 0x530b538f, 0x5287530b, 0x52015287, 0x517a5201, 0x50f3517a, 
0x506a50f3, 0x4fe1506a, 0x4f574fe1, 0x4ecc4f57, 0x4e414ecc, 0x4db44e41, 0x4d274db4, 0x4c984d27, 
0x4c094c98, 0x4b7a4c09, 0x4ae94b7a, 0x4a574ae9, 0x49c54a57, 0x493249c5, 0x489e4932, 0x480a489e, 
0x4774480a, 0x46de4774, 0x464746de, 0x45af4647, 0x451745af, 0x447e4517, 0x43e4447e, 0x434943e4, 
0x42ae4349, 0x421142ae, 0x41754211, 0x40d74175, 0x403940d7, 0x3f9a4039, 0x3efa3f9a, 0x3e5a3efa, 
0x3db93e5a, 0x3d173db9, 0x3c753d17, 0x3bd23c75, 0x3b2e3bd2, 0x3a8a3b2e, 0x39e53a8a, 0x393f39e5, 
0x3899393f, 0x37f23899, 0x374a37f2, 0x36a2374a, 0x35f936a2, 0x355035f9, 0x34a63550, 0x33fc34a6, 
0x335133fc, 0x32a53351, 0x31f932a5, 0x314c31f9, 0x309f314c, 0x2ff1309f, 0x2f432ff1, 0x2e942f43, 
0x2de52e94, 0x2d352de5, 0x2c842d35, 0x2bd42c84, 0x2b222bd4, 0x2a702b22, 0x29be2a70, 0x290b29be, 
0x2858290b, 0x27a42858, 0x26f027a4, 0x263c26f0, 0x2587263c, 0x24d12587, 0x241c24d1, 0x2365241c, 
0x22af2365, 0x21f822af, 0x214121f8, 0x20892141, 0x1fd12089, 0x1f181fd1, 0x1e5f1f18, 0x1da61e5f, 
0x1ced1da6, 0x1c331ced, 0x1b791c33, 0x1abe1b79, 0x1a041abe, 0x19491a04, 0x188d1949, 0x17d2188d, 
0x171617d2, 0x165a1716, 0x159e165a, 0x14e1159e, 0x142414e1, 0x13671424, 0x12aa1367, 0x11ec12aa, 
0x112f11ec, 0x1071112f, 0x0fb31071, 0x0ef50fb3, 0x0e360ef5, 0x0d780e36, 0x0cb90d78, 0x0bfa0cb9, 
0x0b3b0bfa, 0x0a7c0b3b, 0x09bd0a7c, 0x08fe09bd, 0x083e08fe, 0x077f083e, 0x06bf077f, 0x05ff06bf, 
0x053f05ff, 0x0480053f, 0x03c00480, 0x030003c0, 0x02400300, 0x01800240, 0x00c00180, 0x000000c0, 
0xff400000, 0xfe80ff40, 0xfdc0fe80, 0xfd00fdc0, 0xfc40fd00, 0xfb80fc40, 0xfac1fb80, 0xfa01fac1, 
0xf941fa01, 0xf881f941, 0xf7c2f881, 0xf702f7c2, 0xf643f702, 0xf584f643, 0xf4c5f584, 0xf406f4c5, 
0xf347f406, 0xf288f347, 0xf1caf288, 0xf10bf1ca, 0xf04df10b, 0xef8ff04d, 0xeed1ef8f, 0xee14eed1, 
0xed56ee14, 0xec99ed56, 0xebdcec99, 0xeb1febdc, 0xea62eb1f, 0xe9a6ea62, 0xe8eae9a6, 0xe82ee8ea, 
0xe773e82e, 0xe6b7e773, 0xe5fce6b7, 0xe542e5fc, 0xe487e542, 0xe3cde487, 0xe313e3cd, 0xe25ae313, 
0xe1a1e25a, 0xe0e8e1a1, 0xe02fe0e8, 0xdf77e02f, 0xdebfdf77, 0xde08debf, 0xdd51de08, 0xdc9bdd51, 
0xdbe4dc9b, 0xdb2fdbe4, 0xda79db2f, 0xd9c4da79, 0xd910d9c4, 0xd85cd910, 0xd7a8d85c, 0xd6f5d7a8, 
0xd642d6f5, 0xd590d642, 0xd4ded590, 0xd42cd4de, 0xd37cd42c, 0xd2cbd37c, 0xd21bd2cb, 0xd16cd21b, 
0xd0bdd16c, 0xd00fd0bd, 0xcf61d00f, 0xceb4cf61, 0xce07ceb4, 0xcd5bce07, 0xccafcd5b, 0xcc04ccaf, 
0xcb5acc04, 0xcab0cb5a, 0xca07cab0, 0xc95eca07, 0xc8b6c95e, 0xc80ec8b6, 0xc767c80e, 0xc6c1c767, 
0xc61bc6c1, 0xc576c61b, 0xc4d2c576, 0xc42ec4d2, 0xc38bc42e, 0xc2e9c38b, 0xc247c2e9, 0xc1a6c247, 
0xc106c1a6, 0xc066c106, 0xbfc7c066, 0xbf29bfc7, 0xbe8bbf29, 0xbdefbe8b, 0xbd52bdef, 0xbcb7bd52, 
0xbc1cbcb7, 0xbb82bc1c, 0xbae9bb82, 0xba51bae9, 0xb9b9ba51, 0xb922b9b9, 0xb88cb922, 0xb7f6b88c, 
0xb762b7f6, 0xb6ceb762, 0xb63bb6ce, 0xb5a9b63b, 0xb517b5a9, 0xb486b517, 0xb3f7b486, 0xb368b3f7, 
0xb2d9b368, 0xb24cb2d9, 0xb1bfb24c, 0xb134b1bf, 0xb0a9b134, 0xb01fb0a9, 0xaf96b01f, 0xaf0daf96, 
0xae86af0d, 0xadffae86, 0xad79adff, 0xacf5ad79, 0xac71acf5, 0xabedac71, 0xab6babed, 0xaaeaab6b, 
0xaa6aaaea, 0xa9eaaa6a, 0xa96ba9ea, 0xa8eea96b, 0xa871a8ee, 0xa7f5a871, 0xa77aa7f5, 0xa700a77a, 
0xa687a700, 0xa60fa687, 0xa598a60f, 0xa521a598, 0xa4aca521, 0xa438a4ac, 0xa3c4a438, 0xa352a3c4, 
0xa2e0a352, 0xa270a2e0, 0xa200a270, 0xa191a200, 0xa124a191, 0xa0b7a124, 0xa04ba0b7, 0x9fe1a04b, 
0x9f779fe1, 0x9f0e9f77, 0x9ea69f0e, 0x9e409ea6, 0x9dda9e40, 0x9d759dda, 0x9d119d75, 0x9cae9d11, 
0x9c4d9cae, 0x9bec9c4d, 0x9b8c9bec, 0x9b2d9b8c, 0x9ad09b2d, 0x9a739ad0, 0x9a179a73, 0x99bd9a17, 
0x996399bd, 0x990a9963, 0x98b3990a, 0x985c98b3, 0x9807985c, 0x97b29807, 0x975f97b2, 0x970c975f, 
0x96bb970c, 0x966a96bb, 0x961b966a, 0x95cd961b, 0x958095cd, 0x95339580, 0x94e89533, 0x949e94e8, 
0x9455949e, 0x940d9455, 0x93c6940d, 0x938093c6, 0x933b9380, 0x92f7933b, 0x92b592f7, 0x927392b5, 
0x92329273, 0x91f39232, 0x91b491f3, 0x917691b4, 0x913a9176, 0x90fe913a, 0x90c490fe, 0x908b90c4, 
0x9052908b, 0x901b9052, 0x8fe5901b, 0x8fb08fe5, 0x8f7c8fb0, 0x8f498f7c, 0x8f178f49, 0x8ee68f17, 
0x8eb68ee6, 0x8e878eb6, 0x8e598e87, 0x8e2c8e59, 0x8e018e2c, 0x8dd68e01, 0x8dac8dd6, 0x8d848dac, 
0x8d5c8d84, 0x8d368d5c, 0x8d108d36, 0x8cec8d10, 0x8cc98cec, 0x8ca68cc9, 0x8c858ca6, 0x8c658c85, 
0x8c458c65, 0x8c278c45, 0x8c0a8c27, 0x8bee8c0a, 0x8bd28bee, 0x8bb88bd2, 0x8b9f8bb8, 0x8b878b9f, 
0x8b708b87, 0x8b5a8b70, 0x8b458b5a, 0x8b318b45, 0x8b1e8b31, 0x8b0b8b1e, 0x8afa8b0b, 0x8aea8afa, 
0x8adb8aea, 0x8acd8adb, 0x8ac08acd, 0x8ab48ac0, 0x8aa98ab4, 0x8a9f8aa9, 0x8a968a9f, 0x8a8d8a96, 
0x8a868a8d, 0x8a808a86, 0x8a7b8a80, 0x8a768a7b, 0x8a738a76, 0x8a718a73, 0x8a6f8a71, 0x8a6f8a6f, 
0x8a6f8a6f, 0x8a718a6f, 0x8a738a71, 0x8a768a73, 0x8a7b8a76, 0x8a808a7b, 0x8a868a80, 0x8a8d8a86, 
0x8a958a8d, 0x8a9e8a95, 0x8aa78a9e, 0x8ab28aa7, 0x8abe8ab2, 0x8aca8abe, 0x8ad78aca, 0x8ae68ad7, 
0x8af58ae6, 0x8b058af5, 0x8b168b05, 0x8b288b16, 0x8b3a8b28, 0x8b4e8b3a, 0x8b628b4e, 0x8b778b62, 
0x8b8d8b77, 0x8ba48b8d, 0x8bbc8ba4, 0x8bd58bbc, 0x8bee8bd5, 0x8c088bee, 0x8c248c08, 0x8c3f8c24, 
0x8c5c8c3f, 0x8c7a8c5c, 0x8c988c7a, 0x8cb78c98, 0x8cd78cb7, 0x8cf88cd7, 0x8d198cf8, 0x8d3c8d19, 
0x8d5f8d3c, 0x8d838d5f, 0x8da78d83, 0x8dcd8da7, 0x8df38dcd, 0x8e1a8df3, 0x8e418e1a, 0x8e6a8e41, 
0x8e938e6a, 0x8ebc8e93, 0x8ee78ebc, 0x8f128ee7, 0x8f3e8f12, 0x8f6b8f3e, 0x8f988f6b, 0x8fc68f98, 
0x8ff58fc6, 0x90248ff5, 0x90549024, 0x90859054, 0x90b79085, 0x90e990b7, 0x911b90e9, 0x914f911b, 
0x9183914f, 0x91b79183, 0x91ed91b7, 0x922391ed, 0x92599223, 0x92909259, 0x92c89290, 0x930092c8, 
0x93399300, 0x93739339, 0x93ad9373, 0x93e893ad, 0x942393e8, 0x945f9423, 0x949b945f, 0x94d8949b, 
0x951594d8, 0x95539515, 0x95929553, 0x95d19592, 0x961195d1, 0x96519611, 0x96919651, 0x96d29691, 
0x971496d2, 0x97569714, 0x97999756, 0x97dc9799, 0x981f97dc, 0x9863981f, 0x98a79863, 0x98ec98a7, 
0x993298ec, 0x99779932, 0x99bd9977, 0x9a0499bd, 0x9a4b9a04, 0x9a929a4b, 0x9ada9a92, 0x9b229ada, 
0x9b6b9b22, 0x9bb49b6b, 0x9bfd9bb4, 0x9c479bfd, 0x9c919c47, 0x9cdc9c91, 0x9d279cdc, 0x9d729d27, 
0x9dbd9d72, 0x9e099dbd, 0x9e559e09, 0x9ea29e55, 0x9eee9ea2, 0x9f3b9eee, 0x9f899f3b, 0x9fd69f89, 
0xa0249fd6, 0xa073a024, 0xa0c1a073, 0xa110a0c1, 0xa15fa110, 0xa1aea15f, 0xa1fea1ae, 0xa24ea1fe, 
0xa29ea24e, 0xa2eea29e, 0xa33ea2ee, 0xa38fa33e, 0xa3e0a38f, 0xa431a3e0, 0xa482a431, 0xa4d4a482, 
0xa525a4d4, 0xa577a525, 0xa5c9a577, 0xa61ba5c9, 0xa66da61b, 0xa6c0a66d, 0xa713a6c0, 0xa765a713, 
0xa7b8a765, 0xa80ba7b8, 0xa85ea80b, 0xa8b1a85e, 0xa905a8b1, 0xa958a905, 0xa9aca958, 0xa9ffa9ac, 
0xaa53a9ff, 0xaaa7aa53, 0xaafbaaa7, 0xab4faafb, 0xaba3ab4f, 0xabf7aba3, 0xac4babf7, 0xac9fac4b, 
0xacf3ac9f, 0xad47acf3, 0xad9bad47, 0xadefad9b, 0xae43adef, 0xae98ae43, 0xaeecae98, 0xaf40aeec, 
0xaf94af40, 0xafe8af94, 0xb03cafe8, 0xb091b03c, 0xb0e5b091, 0xb139b0e5, 0xb18db139, 0xb1e0b18d, 
0xb234b1e0, 0xb288b234, 0xb2dcb288, 0xb32fb2dc, 0xb383b32f, 0xb3d6b383, 0xb42ab3d6, 0xb47db42a, 
0xb4d0b47d, 0xb523b4d0, 0xb576b523, 0xb5c9b576, 0xb61cb5c9, 0xb66eb61c, 0xb6c1b66e, 0xb713b6c1, 
0xb765b713, 0xb7b7b765, 0xb809b7b7, 0xb85ab809, 0xb8acb85a, 0xb8fdb8ac, 0xb94eb8fd, 0xb99fb94e, 
0xb9f0b99f, 0xba41b9f0, 0xba91ba41, 0xbae1ba91, 0xbb31bae1, 0xbb81bb31, 0xbbd0bb81, 0xbc20bbd0, 
0xbc6fbc20, 0xbcbebc6f, 0xbd0cbcbe, 0xbd5bbd0c, 0xbda9bd5b, 0xbdf7bda9, 0xbe44bdf7, 0xbe92be44, 
0xbedfbe92, 0xbf2cbedf, 0xbf79bf2c, 0xbfc5bf79, 0xc011bfc5, 0xc05dc011, 0xc0a8c05d, 0xc0f3c0a8, 
0xc13ec0f3, 0xc189c13e, 0xc1d3c189, 0xc21dc1d3, 0xc267c21d, 0xc2b1c267, 0xc2fac2b1, 0xc342c2fa, 
0xc38bc342, 0xc3d3c38b, 0xc41bc3d3, 0xc462c41b, 0xc4a9c462, 0xc4f0c4a9, 0xc537c4f0, 0xc57dc537, 
0xc5c3c57d, 0xc608c5c3, 0xc64dc608, 0xc692c64d, 0xc6d6c692, 0xc71ac6d6, 0xc75ec71a, 0xc7a1c75e, 
0xc7e4c7a1, 0xc826c7e4, 0xc868c826, 0xc8aac868, 0xc8ecc8aa, 0xc92cc8ec, 0xc96dc92c, 0xc9adc96d, 
0xc9edc9ad, 0xca2cc9ed, 0xca6bca2c, 0xcaaaca6b, 0xcae8caaa, 0xcb26cae8, 0xcb63cb26, 0xcba0cb63, 
0xcbddcba0, 0xcc19cbdd, 0xcc55cc19, 0xcc90cc55, 0xcccbcc90, 0xcd06cccb, 0xcd40cd06, 0xcd79cd40, 
0xcdb3cd79, 0xcdebcdb3, 0xce24cdeb, 0xce5cce24, 0xce93ce5c, 0xcecace93, 0xcf01ceca, 0xcf37cf01, 
0xcf6dcf37, 0xcfa2cf6d, 0xcfd7cfa2, 0xd00ccfd7, 0xd040d00c, 0xd073d040, 0xd0a6d073, 0xd0d9d0a6, 
0xd10bd0d9, 0xd13dd10b, 0xd16ed13d, 0xd19fd16e, 0xd1d0d19f, 0xd200d1d0, 0xd22fd200, 0xd25fd22f, 
0xd28dd25f, 0xd2bbd28d, 0xd2e9d2bb, 0xd316d2e9, 0xd343d316, 0xd370d343, 0xd39cd370, 0xd3c7d39c, 
0xd3f2d3c7, 0xd41dd3f2, 0xd447d41d, 0xd471d447, 0xd49ad471, 0xd4c3d49a, 0xd4ebd4c3, 0xd513d4eb, 
0xd53ad513, 0xd561d53a, 0xd588d561, 0xd5aed588, 0xd5d3d5ae, 0xd5f9d5d3, 0xd61dd5f9, 0xd642d61d, 
0xd665d642, 0xd689d665, 0xd6acd689, 0xd6ced6ac, 0xd6f0d6ce, 0xd712d6f0, 0xd733d712, 0xd754d733, 
0xd774d754, 0xd794d774, 0xd7b3d794, 0xd7d2d7b3, 0xd7f1d7d2, 0xd80fd7f1, 0xd82dd80f, 0xd84ad82d, 
0xd867d84a, 0xd883d867, 0xd89fd883, 0xd8bad89f, 0xd8d6d8ba, 0xd8f0d8d6, 0xd90ad8f0, 0xd924d90a, 
0xd93ed924, 0xd957d93e, 0xd96fd957, 0xd987d96f, 0xd99fd987, 0xd9b6d99f, 0xd9cdd9b6, 0xd9e4d9cd, 
0xd9fad9e4, 0xda10d9fa, 0xda25da10, 0xda3ada25, 0xda4fda3a, 0xda63da4f, 0xda76da63, 0xda8ada76, 
0xda9dda8a, 0xdaafda9d, 0xdac1daaf, 0xdad3dac1, 0xdae5dad3, 0xdaf6dae5, 0xdb06daf6, 0xdb17db06, 
0xdb27db17, 0xdb36db27, 0xdb46db36, 0xdb54db46, 0xdb63db54, 0xdb71db63, 0xdb7fdb71, 0xdb8cdb7f, 
0xdb99db8c, 0xdba6db99, 0xdbb3dba6, 0xdbbfdbb3, 0xdbcbdbbf, 0xdbd6dbcb, 0xdbe1dbd6, 0xdbecdbe1, 
0xdbf6dbec, 0xdc00dbf6, 0xdc0adc00, 0xdc14dc0a, 0xdc1ddc14, 0xdc26dc1d, 0xdc2edc26, 0xdc37dc2e, 
0xdc3fdc37, 0xdc46dc3f, 0xdc4edc46, 0xdc55dc4e, 0xdc5cdc55, 0xdc62dc5c, 0xdc69dc62, 0xdc6fdc69, 
0xdc75dc6f, 0xdc7adc75, 0xdc7fdc7a, 0xdc84dc7f, 0xdc89dc84, 0xdc8ddc89, 0xdc92dc8d, 0xdc95dc92, 
0xdc99dc95, 0xdc9ddc99, 0xdca0dc9d, 0xdca3dca0, 0xdca6dca3, 0xdca8dca6, 0xdcabdca8, 0xdcaddcab, 
0xdcafdcad, 0xdcb0dcaf, 0xdcb2dcb0, 0xdcb3dcb2, 0xdcb4dcb3, 0xdcb5dcb4, 0xdcb6dcb5, 0xdcb7dcb6, 
0xdcb7dcb7, 0xdcb7dcb7, 0xdcb7dcb7, 0xdcb7dcb7, 0xdcb7dcb7, 0xdcb6dcb7, 0xdcb6dcb6, 0xdcb5dcb6, 
0xdcb4dcb5, 0xdcb3dcb4, 0xdcb2dcb3, 0xdcb0dcb2, 0xdcafdcb0, 0xdcaddcaf, 0xdcacdcad, 0xdcaadcac, 
0xdca8dcaa, 0xdca6dca8, 0xdca3dca6, 0xdca1dca3, 0xdc9fdca1, 0xdc9cdc9f, 0xdc9adc9c, 0xdc97dc9a, 
0xdc94dc97, 0xdc91dc94, 0xdc8edc91, 0xdc8cdc8e, 0xdc88dc8c, 0xdc85dc88, 0xdc82dc85, 0xdc7fdc82, 
0xdc7cdc7f, 0xdc78dc7c, 0xdc75dc78, 0xdc71dc75, 0xdc6edc71, 0xdc6adc6e, 0xdc67dc6a, 0xdc63dc67, 
0xdc60dc63, 0xdc5cdc60, 0xdc59dc5c, 0xdc55dc59, 0xdc51dc55, 0xdc4edc51, 0xdc4adc4e, 0xdc47dc4a, 
0xdc43dc47, 0xdc40dc43, 0xdc3cdc40, 0xdc38dc3c, 0xdc35dc38, 0xdc32dc35, 0xdc2edc32, 0xdc2bdc2e, 
0xdc27dc2b, 0xdc24dc27, 0xdc21dc24, 0xdc1edc21, 0xdc1bdc1e, 0xdc18dc1b, 0xdc15dc18, 0xdc12dc15, 
0xdc0fdc12, 0xdc0cdc0f, 0xdc09dc0c, 0xdc07dc09, 0xdc04dc07, 0xdc02dc04, 0xdc00dc02, 0xdbfddc00, 
0xdbfbdbfd, 0xdbf9dbfb, 0xdbf7dbf9, 0xdbf6dbf7, 0xdbf4dbf6, 0xdbf3dbf4, 0xdbf1dbf3, 0xdbf0dbf1, 
0xdbefdbf0, 0xdbeedbef, 0xdbeddbee, 0xdbecdbed, 0xdbecdbec, 0xdbebdbec, 0xdbebdbeb, 0xdbebdbeb, 
0xdbebdbeb, 0xdbebdbeb, 0xdbecdbeb, 0xdbecdbec, 0xdbeddbec, 0xdbeedbed, 0xdbefdbee, 0xdbf0dbef, 
0xdbf2dbf0, 0xdbf4dbf2, 0xdbf6dbf4, 0xdbf8dbf6, 0xdbfadbf8, 0xdbfcdbfa, 0xdbffdbfc, 0xdc02dbff, 
0xdc05dc02, 0xdc09dc05, 0xdc0cdc09, 0xdc10dc0c, 0xdc14dc10, 0xdc18dc14, 0xdc1ddc18, 0xdc21dc1d, 
0xdc26dc21, 0xdc2bdc26, 0xdc31dc2b, 0xdc37dc31, 0xdc3ddc37, 0xdc43dc3d, 0xdc49dc43, 0xdc50dc49, 
0xdc57dc50, 0xdc5edc57, 0xdc65dc5e, 0xdc6ddc65, 0xdc75dc6d, 0xdc7ddc75, 0xdc86dc7d, 0xdc8fdc86, 
0xdc98dc8f, 0xdca1dc98, 0xdcabdca1, 0xdcb5dcab, 0xdcbfdcb5, 0xdccadcbf, 0xdcd5dcca, 0xdce0dcd5, 
0xdcebdce0, 0xdcf7dceb, 0xdd03dcf7, 0xdd0fdd03, 0xdd1cdd0f, 0xdd29dd1c, 0xdd36dd29, 0xdd43dd36, 
0xdd51dd43, 0xdd5fdd51, 0xdd6edd5f, 0xdd7ddd6e, 0xdd8cdd7d, 0xdd9bdd8c, 0xddabdd9b, 0xddbbddab, 
0xddcbddbb, 0xdddcddcb, 0xddeddddc, 0xddffdded, 0xde10ddff, 0xde22de10, 0xde35de22, 0xde47de35, 
0xde5bde47, 0xde6ede5b, 0xde82de6e, 0xde96de82, 0xdeaade96, 0xdebfdeaa, 0xded4debf, 0xdee9ded4, 
0xdeffdee9, 0xdf15deff, 0xdf2cdf15, 0xdf42df2c, 0xdf59df42, 0xdf71df59, 0xdf89df71, 0xdfa1df89, 
0xdfb9dfa1, 0xdfd2dfb9, 0xdfecdfd2, 0xe005dfec, 0xe01fe005, 0xe039e01f, 0xe054e039, 0xe06fe054, 
0xe08ae06f, 0xe0a6e08a, 0xe0c2e0a6, 0xe0dee0c2, 0xe0fbe0de, 0xe118e0fb, 0xe136e118, 0xe154e136, 
0xe172e154, 0xe190e172, 0xe1afe190, 0xe1cee1af, 0xe1eee1ce, 0xe20ee1ee, 0xe22ee20e, 0xe24fe22e, 
0xe270e24f, 0xe291e270, 0xe2b3e291, 0xe2d5e2b3, 0xe2f7e2d5, 0xe31ae2f7, 0xe33de31a, 0xe360e33d, 
0xe384e360, 0xe3a8e384, 0xe3cde3a8, 0xe3f2e3cd, 0xe417e3f2, 0xe43ce417, 0xe462e43c, 0xe488e462, 
0xe4afe488, 0xe4d6e4af, 0xe4fde4d6, 0xe524e4fd, 0xe54ce524, 0xe575e54c, 0xe59de575, 0xe5c6e59d, 
0xe5efe5c6, 0xe619e5ef, 0xe643e619, 0xe66de643, 0xe697e66d, 0xe6c2e697, 0xe6eee6c2, 0xe719e6ee, 
0xe745e719, 0xe771e745, 0xe79ee771, 0xe7cae79e, 0xe7f8e7ca, 0xe825e7f8, 0xe853e825, 0xe881e853, 
0xe8afe881, 0xe8dee8af, 0xe90de8de, 0xe93ce90d, 0xe96ce93c, 0xe99ce96c, 0xe9cce99c, 0xe9fce9cc, 
0xea2de9fc, 0xea5eea2d, 0xea8fea5e, 0xeac1ea8f, 0xeaf3eac1, 0xeb25eaf3, 0xeb58eb25, 0xeb8beb58, 
0xebbeeb8b, 0xebf1ebbe, 0xec24ebf1, 0xec58ec24, 0xec8cec58, 0xecc1ec8c, 0xecf6ecc1, 0xed2becf6, 
0xed60ed2b, 0xed95ed60, 0xedcbed95, 0xee01edcb, 0xee37ee01, 0xee6dee37, 0xeea4ee6d, 0xeedbeea4, 
0xef12eedb, 0xef4aef12, 0xef81ef4a, 0xefb9ef81, 0xeff1efb9, 0xf029eff1, 0xf062f029, 0xf09bf062, 
0xf0d4f09b, 0xf10df0d4, 0xf146f10d, 0xf180f146, 0xf1baf180, 0xf1f4f1ba, 0xf22ef1f4, 0xf268f22e, 
0xf2a3f268, 0xf2def2a3, 0xf318f2de, 0xf354f318, 0xf38ff354, 0xf3caf38f, 0xf406f3ca, 0xf442f406, 
0xf47ef442, 0xf4baf47e, 0xf4f6f4ba, 0xf533f4f6, 0xf570f533, 0xf5acf570, 0xf5e9f5ac, 0xf626f5e9, 
0xf664f626, 0xf6a1f664, 0xf6def6a1, 0xf71cf6de, 0xf75af71c, 0xf798f75a, 0xf7d6f798, 0xf814f7d6, 
0xf852f814, 0xf890f852, 0xf8cff890, 0xf90df8cf, 0xf94cf90d, 0xf98bf94c, 0xf9c9f98b, 0xfa08f9c9, 
0xfa47fa08, 0xfa86fa47, 0xfac6fa86, 0xfb05fac6, 0xfb44fb05, 0xfb84fb44, 0xfbc3fb84, 0xfc02fbc3, 
0xfc42fc02, 0xfc82fc42, 0xfcc1fc82, 0xfd01fcc1, 0xfd41fd01, 0xfd81fd41, 0xfdc0fd81, 0xfe00fdc0, 
0xfe40fe00, 0xfe80fe40, 0xfec0fe80, 0xff00fec0, 0xff40ff00, 0xff80ff40, 0xffc0ff80, 0x0000ffc0, 
},
};
