// wavetable_triangle.c - autogenerated by gentables.py in 2025-10-21 19:08:27

#include "wavetable_data.h"

const uint32_t wavetables_triangle[WAVETABLE_COUNT][WAVETABLE_SIZE] = {
// Table 0, base frequency 8.175799
{
0xffce0000, 0xff9bffce, 0xff69ff9b, 0xff37ff69, 0xff05ff37, 0xfed2ff05, 0xfea0fed2, 0xfe6efea0, 
0xfe3cfe6e, 0xfe09fe3c, 0xfdd7fe09, 0xfda5fdd7, 0xfd73fda5, 0xfd40fd73, 0xfd0efd40, 0xfcdcfd0e, 
0xfcaafcdc, 0xfc77fcaa, 0xfc45fc77, 0xfc13fc45, 0xfbe0fc13, 0xfbaefbe0, 0xfb7cfbae, 0xfb4afb7c, 
0xfb17fb4a, 0xfae5fb17, 0xfab3fae5, 0xfa81fab3, 0xfa4efa81, 0xfa1cfa4e, 0xf9eafa1c, 0xf9b8f9ea, 
0xf985f9b8, 0xf953f985, 0xf921f953, 0xf8eef921, 0xf8bcf8ee, 0xf88af8bc, 0xf858f88a, 0xf825f858, 
0xf7f3f825, 0xf7c1f7f3, 0xf78ff7c1, 0xf75cf78f, 0xf72af75c, 0xf6f8f72a, 0xf6c6f6f8, 0xf693f6c6, 
0xf661f693, 0xf62ff661, 0xf5fdf62f, 0xf5caf5fd, 0xf598f5ca, 0xf566f598, 0xf533f566, 0xf501f533, 
0xf4cff501, 0xf49df4cf, 0xf46af49d, 0xf438f46a, 0xf406f438, 0xf3d4f406, 0xf3a1f3d4, 0xf36ff3a1, 
0xf33df36f, 0xf30bf33d, 0xf2d8f30b, 0xf2a6f2d8, 0xf274f2a6, 0xf242f274, 0xf20ff242, 0xf1ddf20f, 
0xf1abf1dd, 0xf178f1ab, 0xf146f178, 0xf114f146, 0xf0e2f114, 0xf0aff0e2, 0xf07df0af, 0xf04bf07d, 
0xf019f04b, 0xefe6f019, 0xefb4efe6, 0xef82efb4, 0xef50ef82, 0xef1def50, 0xeeebef1d, 0xeeb9eeeb, 
0xee87eeb9, 0xee54ee87, 0xee22ee54, 0xedf0ee22, 0xedbdedf0, 0xed8bedbd, 0xed59ed8b, 0xed27ed59, 
0xecf4ed27, 0xecc2ecf4, 0xec90ecc2, 0xec5eec90, 0xec2bec5e, 0xebf9ec2b, 0xebc7ebf9, 0xeb95ebc7, 
0xeb62eb95, 0xeb30eb62, 0xeafeeb30, 0xeacbeafe, 0xea99eacb, 0xea67ea99, 0xea35ea67, 0xea02ea35, 
0xe9d0ea02, 0xe99ee9d0, 0xe96ce99e, 0xe939e96c, 0xe907e939, 0xe8d5e907, 0xe8a3e8d5, 0xe870e8a3, 
0xe83ee870, 0xe80ce83e, 0xe7dae80c, 0xe7a7e7da, 0xe775e7a7, 0xe743e775, 0xe710e743, 0xe6dee710, 
0xe6ace6de, 0xe67ae6ac, 0xe647e67a, 0xe615e647, 0xe5e3e615, 0xe5b1e5e3, 0xe57ee5b1, 0xe54ce57e, 
0xe51ae54c, 0xe4e8e51a, 0xe4b5e4e8, 0xe483e4b5, 0xe451e483, 0xe41fe451, 0xe3ece41f, 0xe3bae3ec, 
0xe388e3ba, 0xe355e388, 0xe323e355, 0xe2f1e323, 0xe2bfe2f1, 0xe28ce2bf, 0xe25ae28c, 0xe228e25a, 
0xe1f6e228, 0xe1c3e1f6, 0xe191e1c3, 0xe15fe191, 0xe12de15f, 0xe0fae12d, 0xe0c8e0fa, 0xe096e0c8, 
0xe064e096, 0xe031e064, 0xdfffe031, 0xdfcddfff, 0xdf9adfcd, 0xdf68df9a, 0xdf36df68, 0xdf04df36, 
0xded1df04, 0xde9fded1, 0xde6dde9f, 0xde3bde6d, 0xde08de3b, 0xddd6de08, 0xdda4ddd6, 0xdd72dda4, 
0xdd3fdd72, 0xdd0ddd3f, 0xdcdbdd0d, 0xdca8dcdb, 0xdc76dca8, 0xdc44dc76, 0xdc12dc44, 0xdbdfdc12, 
0xdbaddbdf, 0xdb7bdbad, 0xdb49db7b, 0xdb16db49, 0xdae4db16, 0xdab2dae4, 0xda80dab2, 0xda4dda80, 
0xda1bda4d, 0xd9e9da1b, 0xd9b7d9e9, 0xd984d9b7, 0xd952d984, 0xd920d952, 0xd8edd920, 0xd8bbd8ed, 
0xd889d8bb, 0xd857d889, 0xd824d857, 0xd7f2d824, 0xd7c0d7f2, 0xd78ed7c0, 0xd75bd78e, 0xd729d75b, 
0xd6f7d729, 0xd6c5d6f7, 0xd692d6c5, 0xd660d692, 0xd62ed660, 0xd5fcd62e, 0xd5c9d5fc, 0xd597d5c9, 
0xd565d597, 0xd532d565, 0xd500d532, 0xd4ced500, 0xd49cd4ce, 0xd469d49c, 0xd437d469, 0xd405d437, 
0xd3d3d405, 0xd3a0d3d3, 0xd36ed3a0, 0xd33cd36e, 0xd30ad33c, 0xd2d7d30a, 0xd2a5d2d7, 0xd273d2a5, 
0xd240d273, 0xd20ed240, 0xd1dcd20e, 0xd1aad1dc, 0xd177d1aa, 0xd145d177, 0xd113d145, 0xd0e1d113, 
0xd0aed0e1, 0xd07cd0ae, 0xd04ad07c, 0xd018d04a, 0xcfe5d018, 0xcfb3cfe5, 0xcf81cfb3, 0xcf4fcf81, 
0xcf1ccf4f, 0xceeacf1c, 0xceb8ceea, 0xce85ceb8, 0xce53ce85, 0xce21ce53, 0xcdefce21, 0xcdbccdef, 
0xcd8acdbc, 0xcd58cd8a, 0xcd26cd58, 0xccf3cd26, 0xccc1ccf3, 0xcc8fccc1, 0xcc5dcc8f, 0xcc2acc5d, 
0xcbf8cc2a, 0xcbc6cbf8, 0xcb94cbc6, 0xcb61cb94, 0xcb2fcb61, 0xcafdcb2f, 0xcacacafd, 0xca98caca, 
0xca66ca98, 0xca34ca66, 0xca01ca34, 0xc9cfca01, 0xc99dc9cf, 0xc96bc99d, 0xc938c96b, 0xc906c938, 
0xc8d4c906, 0xc8a2c8d4, 0xc86fc8a2, 0xc83dc86f, 0xc80bc83d, 0xc7d9c80b, 0xc7a6c7d9, 0xc774c7a6, 
0xc742c774, 0xc70fc742, 0xc6ddc70f, 0xc6abc6dd, 0xc679c6ab, 0xc646c679, 0xc614c646, 0xc5e2c614, 
0xc5b0c5e2, 0xc57dc5b0, 0xc54bc57d, 0xc519c54b, 0xc4e7c519, 0xc4b4c4e7, 0xc482c4b4, 0xc450c482, 
0xc41dc450, 0xc3ebc41d, 0xc3b9c3eb, 0xc387c3b9, 0xc354c387, 0xc322c354, 0xc2f0c322, 0xc2bec2f0, 
0xc28bc2be, 0xc259c28b, 0xc227c259, 0xc1f5c227, 0xc1c2c1f5, 0xc190c1c2, 0xc15ec190, 0xc12cc15e, 
0xc0f9c12c, 0xc0c7c0f9, 0xc095c0c7, 0xc062c095, 0xc030c062, 0xbffec030, 0xbfccbffe, 0xbf99bfcc, 
0xbf67bf99, 0xbf35bf67, 0xbf03bf35, 0xbed0bf03, 0xbe9ebed0, 0xbe6cbe9e, 0xbe3abe6c, 0xbe07be3a, 
0xbdd5be07, 0xbda3bdd5, 0xbd71bda3, 0xbd3ebd71, 0xbd0cbd3e, 0xbcdabd0c, 0xbca7bcda, 0xbc75bca7, 
0xbc43bc75, 0xbc11bc43, 0xbbdebc11, 0xbbacbbde, 0xbb7abbac, 0xbb48bb7a, 0xbb15bb48, 0xbae3bb15, 
0xbab1bae3, 0xba7fbab1, 0xba4cba7f, 0xba1aba4c, 0xb9e8ba1a, 0xb9b6b9e8, 0xb983b9b6, 0xb951b983, 
0xb91fb951, 0xb8ecb91f, 0xb8bab8ec, 0xb888b8ba, 0xb856b888, 0xb823b856, 0xb7f1b823, 0xb7bfb7f1, 
0xb78db7bf, 0xb75ab78d, 0xb728b75a, 0xb6f6b728, 0xb6c4b6f6, 0xb691b6c4, 0xb65fb691, 0xb62db65f, 
0xb5fab62d, 0xb5c8b5fa, 0xb596b5c8, 0xb564b596, 0xb531b564, 0xb4ffb531, 0xb4cdb4ff, 0xb49bb4cd, 
0xb468b49b, 0xb436b468, 0xb404b436, 0xb3d2b404, 0xb39fb3d2, 0xb36db39f, 0xb33bb36d, 0xb309b33b, 
0xb2d6b309, 0xb2a4b2d6, 0xb272b2a4, 0xb23fb272, 0xb20db23f, 0xb1dbb20d, 0xb1a9b1db, 0xb176b1a9, 
0xb144b176, 0xb112b144, 0xb0e0b112, 0xb0adb0e0, 0xb07bb0ad, 0xb049b07b, 0xb017b049, 0xafe4b017, 
0xafb2afe4, 0xaf80afb2, 0xaf4eaf80, 0xaf1baf4e, 0xaee9af1b, 0xaeb7aee9, 0xae84aeb7, 0xae52ae84, 
0xae20ae52, 0xadeeae20, 0xadbbadee, 0xad89adbb, 0xad57ad89, 0xad25ad57, 0xacf2ad25, 0xacc0acf2, 
0xac8eacc0, 0xac5cac8e, 0xac29ac5c, 0xabf7ac29, 0xabc5abf7, 0xab93abc5, 0xab60ab93, 0xab2eab60, 
0xaafcab2e, 0xaac9aafc, 0xaa97aac9, 0xaa65aa97, 0xaa33aa65, 0xaa00aa33, 0xa9ceaa00, 0xa99ca9ce, 
0xa96aa99c, 0xa937a96a, 0xa905a937, 0xa8d3a905, 0xa8a1a8d3, 0xa86ea8a1, 0xa83ca86e, 0xa80aa83c, 
0xa7d7a80a, 0xa7a5a7d7, 0xa773a7a5, 0xa741a773, 0xa70ea741, 0xa6dca70e, 0xa6aaa6dc, 0xa678a6aa, 
0xa645a678, 0xa613a645, 0xa5e1a613, 0xa5afa5e1, 0xa57ca5af, 0xa54aa57c, 0xa518a54a, 0xa4e6a518, 
0xa4b3a4e6, 0xa481a4b3, 0xa44fa481, 0xa41ca44f, 0xa3eaa41c, 0xa3b8a3ea, 0xa386a3b8, 0xa353a386, 
0xa321a353, 0xa2efa321, 0xa2bda2ef, 0xa28aa2bd, 0xa258a28a, 0xa226a258, 0xa1f4a226, 0xa1c1a1f4, 
0xa18fa1c1, 0xa15da18f, 0xa12ba15d, 0xa0f8a12b, 0xa0c6a0f8, 0xa094a0c6, 0xa061a094, 0xa02fa061, 
0x9ffda02f, 0x9fcb9ffd, 0x9f989fcb, 0x9f669f98, 0x9f349f66, 0x9f029f34, 0x9ecf9f02, 0x9e9d9ecf, 
0x9e6b9e9d, 0x9e399e6b, 0x9e069e39, 0x9dd49e06, 0x9da29dd4, 0x9d709da2, 0x9d3d9d70, 0x9d0b9d3d, 
0x9cd99d0b, 0x9ca69cd9, 0x9c749ca6, 0x9c429c74, 0x9c109c42, 0x9bdd9c10, 0x9bab9bdd, 0x9b7d9bab, 
0x9bab9b7d, 0x9bdd9bab, 0x9c109bdd, 0x9c429c10, 0x9c749c42, 0x9ca69c74, 0x9cd99ca6, 0x9d0b9cd9, 
0x9d3d9d0b, 0x9d709d3d, 0x9da29d70, 0x9dd49da2, 0x9e069dd4, 0x9e399e06, 0x9e6b9e39, 0x9e9d9e6b, 
0x9ecf9e9d, 0x9f029ecf, 0x9f349f02, 0x9f669f34, 0x9f989f66, 0x9fcb9f98, 0x9ffd9fcb, 0xa02f9ffd, 
0xa061a02f, 0xa094a061, 0xa0c6a094, 0xa0f8a0c6, 0xa12ba0f8, 0xa15da12b, 0xa18fa15d, 0xa1c1a18f, 
0xa1f4a1c1, 0xa226a1f4, 0xa258a226, 0xa28aa258, 0xa2bda28a, 0xa2efa2bd, 0xa321a2ef, 0xa353a321, 
0xa386a353, 0xa3b8a386, 0xa3eaa3b8, 0xa41ca3ea, 0xa44fa41c, 0xa481a44f, 0xa4b3a481, 0xa4e6a4b3, 
0xa518a4e6, 0xa54aa518, 0xa57ca54a, 0xa5afa57c, 0xa5e1a5af, 0xa613a5e1, 0xa645a613, 0xa678a645, 
0xa6aaa678, 0xa6dca6aa, 0xa70ea6dc, 0xa741a70e, 0xa773a741, 0xa7a5a773, 0xa7d7a7a5, 0xa80aa7d7, 
0xa83ca80a, 0xa86ea83c, 0xa8a1a86e, 0xa8d3a8a1, 0xa905a8d3, 0xa937a905, 0xa96aa937, 0xa99ca96a, 
0xa9cea99c, 0xaa00a9ce, 0xaa33aa00, 0xaa65aa33, 0xaa97aa65, 0xaac9aa97, 0xaafcaac9, 0xab2eaafc, 
0xab60ab2e, 0xab93ab60, 0xabc5ab93, 0xabf7abc5, 0xac29abf7, 0xac5cac29, 0xac8eac5c, 0xacc0ac8e, 
0xacf2acc0, 0xad25acf2, 0xad57ad25, 0xad89ad57, 0xadbbad89, 0xadeeadbb, 0xae20adee, 0xae52ae20, 
0xae84ae52, 0xaeb7ae84, 0xaee9aeb7, 0xaf1baee9, 0xaf4eaf1b, 0xaf80af4e, 0xafb2af80, 0xafe4afb2, 
0xb017afe4, 0xb049b017, 0xb07bb049, 0xb0adb07b, 0xb0e0b0ad, 0xb112b0e0, 0xb144b112, 0xb176b144, 
0xb1a9b176, 0xb1dbb1a9, 0xb20db1db, 0xb23fb20d, 0xb272b23f, 0xb2a4b272, 0xb2d6b2a4, 0xb309b2d6, 
0xb33bb309, 0xb36db33b, 0xb39fb36d, 0xb3d2b39f, 0xb404b3d2, 0xb436b404, 0xb468b436, 0xb49bb468, 
0xb4cdb49b, 0xb4ffb4cd, 0xb531b4ff, 0xb564b531, 0xb596b564, 0xb5c8b596, 0xb5fab5c8, 0xb62db5fa, 
0xb65fb62d, 0xb691b65f, 0xb6c4b691, 0xb6f6b6c4, 0xb728b6f6, 0xb75ab728, 0xb78db75a, 0xb7bfb78d, 
0xb7f1b7bf, 0xb823b7f1, 0xb856b823, 0xb888b856, 0xb8bab888, 0xb8ecb8ba, 0xb91fb8ec, 0xb951b91f, 
0xb983b951, 0xb9b6b983, 0xb9e8b9b6, 0xba1ab9e8, 0xba4cba1a, 0xba7fba4c, 0xbab1ba7f, 0xbae3bab1, 
0xbb15bae3, 0xbb48bb15, 0xbb7abb48, 0xbbacbb7a, 0xbbdebbac, 0xbc11bbde, 0xbc43bc11, 0xbc75bc43, 
0xbca7bc75, 0xbcdabca7, 0xbd0cbcda, 0xbd3ebd0c, 0xbd71bd3e, 0xbda3bd71, 0xbdd5bda3, 0xbe07bdd5, 
0xbe3abe07, 0xbe6cbe3a, 0xbe9ebe6c, 0xbed0be9e, 0xbf03bed0, 0xbf35bf03, 0xbf67bf35, 0xbf99bf67, 
0xbfccbf99, 0xbffebfcc, 0xc030bffe, 0xc062c030, 0xc095c062, 0xc0c7c095, 0xc0f9c0c7, 0xc12cc0f9, 
0xc15ec12c, 0xc190c15e, 0xc1c2c190, 0xc1f5c1c2, 0xc227c1f5, 0xc259c227, 0xc28bc259, 0xc2bec28b, 
0xc2f0c2be, 0xc322c2f0, 0xc354c322, 0xc387c354, 0xc3b9c387, 0xc3ebc3b9, 0xc41dc3eb, 0xc450c41d, 
0xc482c450, 0xc4b4c482, 0xc4e7c4b4, 0xc519c4e7, 0xc54bc519, 0xc57dc54b, 0xc5b0c57d, 0xc5e2c5b0, 
0xc614c5e2, 0xc646c614, 0xc679c646, 0xc6abc679, 0xc6ddc6ab, 0xc70fc6dd, 0xc742c70f, 0xc774c742, 
0xc7a6c774, 0xc7d9c7a6, 0xc80bc7d9, 0xc83dc80b, 0xc86fc83d, 0xc8a2c86f, 0xc8d4c8a2, 0xc906c8d4, 
0xc938c906, 0xc96bc938, 0xc99dc96b, 0xc9cfc99d, 0xca01c9cf, 0xca34ca01, 0xca66ca34, 0xca98ca66, 
0xcacaca98, 0xcafdcaca, 0xcb2fcafd, 0xcb61cb2f, 0xcb94cb61, 0xcbc6cb94, 0xcbf8cbc6, 0xcc2acbf8, 
0xcc5dcc2a, 0xcc8fcc5d, 0xccc1cc8f, 0xccf3ccc1, 0xcd26ccf3, 0xcd58cd26, 0xcd8acd58, 0xcdbccd8a, 
0xcdefcdbc, 0xce21cdef, 0xce53ce21, 0xce85ce53, 0xceb8ce85, 0xceeaceb8, 0xcf1cceea, 0xcf4fcf1c, 
0xcf81cf4f, 0xcfb3cf81, 0xcfe5cfb3, 0xd018cfe5, 0xd04ad018, 0xd07cd04a, 0xd0aed07c, 0xd0e1d0ae, 
0xd113d0e1, 0xd145d113, 0xd177d145, 0xd1aad177, 0xd1dcd1aa, 0xd20ed1dc, 0xd240d20e, 0xd273d240, 
0xd2a5d273, 0xd2d7d2a5, 0xd30ad2d7, 0xd33cd30a, 0xd36ed33c, 0xd3a0d36e, 0xd3d3d3a0, 0xd405d3d3, 
0xd437d405, 0xd469d437, 0xd49cd469, 0xd4ced49c, 0xd500d4ce, 0xd532d500, 0xd565d532, 0xd597d565, 
0xd5c9d597, 0xd5fcd5c9, 0xd62ed5fc, 0xd660d62e, 0xd692d660, 0xd6c5d692, 0xd6f7d6c5, 0xd729d6f7, 
0xd75bd729, 0xd78ed75b, 0xd7c0d78e, 0xd7f2d7c0, 0xd824d7f2, 0xd857d824, 0xd889d857, 0xd8bbd889, 
0xd8edd8bb, 0xd920d8ed, 0xd952d920, 0xd984d952, 0xd9b7d984, 0xd9e9d9b7, 0xda1bd9e9, 0xda4dda1b, 
0xda80da4d, 0xdab2da80, 0xdae4dab2, 0xdb16dae4, 0xdb49db16, 0xdb7bdb49, 0xdbaddb7b, 0xdbdfdbad, 
0xdc12dbdf, 0xdc44dc12, 0xdc76dc44, 0xdca8dc76, 0xdcdbdca8, 0xdd0ddcdb, 0xdd3fdd0d, 0xdd72dd3f, 
0xdda4dd72, 0xddd6dda4, 0xde08ddd6, 0xde3bde08, 0xde6dde3b, 0xde9fde6d, 0xded1de9f, 0xdf04ded1, 
0xdf36df04, 0xdf68df36, 0xdf9adf68, 0xdfcddf9a, 0xdfffdfcd, 0xe031dfff, 0xe064e031, 0xe096e064, 
0xe0c8e096, 0xe0fae0c8, 0xe12de0fa, 0xe15fe12d, 0xe191e15f, 0xe1c3e191, 0xe1f6e1c3, 0xe228e1f6, 
0xe25ae228, 0xe28ce25a, 0xe2bfe28c, 0xe2f1e2bf, 0xe323e2f1, 0xe355e323, 0xe388e355, 0xe3bae388, 
0xe3ece3ba, 0xe41fe3ec, 0xe451e41f, 0xe483e451, 0xe4b5e483, 0xe4e8e4b5, 0xe51ae4e8, 0xe54ce51a, 
0xe57ee54c, 0xe5b1e57e, 0xe5e3e5b1, 0xe615e5e3, 0xe647e615, 0xe67ae647, 0xe6ace67a, 0xe6dee6ac, 
0xe710e6de, 0xe743e710, 0xe775e743, 0xe7a7e775, 0xe7dae7a7, 0xe80ce7da, 0xe83ee80c, 0xe870e83e, 
0xe8a3e870, 0xe8d5e8a3, 0xe907e8d5, 0xe939e907, 0xe96ce939, 0xe99ee96c, 0xe9d0e99e, 0xea02e9d0, 
0xea35ea02, 0xea67ea35, 0xea99ea67, 0xeacbea99, 0xeafeeacb, 0xeb30eafe, 0xeb62eb30, 0xeb95eb62, 
0xebc7eb95, 0xebf9ebc7, 0xec2bebf9, 0xec5eec2b, 0xec90ec5e, 0xecc2ec90, 0xecf4ecc2, 0xed27ecf4, 
0xed59ed27, 0xed8bed59, 0xedbded8b, 0xedf0edbd, 0xee22edf0, 0xee54ee22, 0xee87ee54, 0xeeb9ee87, 
0xeeebeeb9, 0xef1deeeb, 0xef50ef1d, 0xef82ef50, 0xefb4ef82, 0xefe6efb4, 0xf019efe6, 0xf04bf019, 
0xf07df04b, 0xf0aff07d, 0xf0e2f0af, 0xf114f0e2, 0xf146f114, 0xf178f146, 0xf1abf178, 0xf1ddf1ab, 
0xf20ff1dd, 0xf242f20f, 0xf274f242, 0xf2a6f274, 0xf2d8f2a6, 0xf30bf2d8, 0xf33df30b, 0xf36ff33d, 
0xf3a1f36f, 0xf3d4f3a1, 0xf406f3d4, 0xf438f406, 0xf46af438, 0xf49df46a, 0xf4cff49d, 0xf501f4cf, 
0xf533f501, 0xf566f533, 0xf598f566, 0xf5caf598, 0xf5fdf5ca, 0xf62ff5fd, 0xf661f62f, 0xf693f661, 
0xf6c6f693, 0xf6f8f6c6, 0xf72af6f8, 0xf75cf72a, 0xf78ff75c, 0xf7c1f78f, 0xf7f3f7c1, 0xf825f7f3, 
0xf858f825, 0xf88af858, 0xf8bcf88a, 0xf8eef8bc, 0xf921f8ee, 0xf953f921, 0xf985f953, 0xf9b8f985, 
0xf9eaf9b8, 0xfa1cf9ea, 0xfa4efa1c, 0xfa81fa4e, 0xfab3fa81, 0xfae5fab3, 0xfb17fae5, 0xfb4afb17, 
0xfb7cfb4a, 0xfbaefb7c, 0xfbe0fbae, 0xfc13fbe0, 0xfc45fc13, 0xfc77fc45, 0xfcaafc77, 0xfcdcfcaa, 
0xfd0efcdc, 0xfd40fd0e, 0xfd73fd40, 0xfda5fd73, 0xfdd7fda5, 0xfe09fdd7, 0xfe3cfe09, 0xfe6efe3c, 
0xfea0fe6e, 0xfed2fea0, 0xff05fed2, 0xff37ff05, 0xff69ff37, 0xff9bff69, 0xffceff9b, 0x0000ffce, 
0x00320000, 0x00650032, 0x00970065, 0x00c90097, 0x00fb00c9, 0x012e00fb, 0x0160012e, 0x01920160, 
0x01c40192, 0x01f701c4, 0x022901f7, 0x025b0229, 0x028d025b, 0x02c0028d, 0x02f202c0, 0x032402f2, 
0x03560324, 0x03890356, 0x03bb0389, 0x03ed03bb, 0x042003ed, 0x04520420, 0x04840452, 0x04b60484, 
0x04e904b6, 0x051b04e9, 0x054d051b, 0x057f054d, 0x05b2057f, 0x05e405b2, 0x061605e4, 0x06480616, 
0x067b0648, 0x06ad067b, 0x06df06ad, 0x071206df, 0x07440712, 0x07760744, 0x07a80776, 0x07db07a8, 
0x080d07db, 0x083f080d, 0x0871083f, 0x08a40871, 0x08d608a4, 0x090808d6, 0x093a0908, 0x096d093a, 
0x099f096d, 0x09d1099f, 0x0a0309d1, 0x0a360a03, 0x0a680a36, 0x0a9a0a68, 0x0acd0a9a, 0x0aff0acd, 
0x0b310aff, 0x0b630b31, 0x0b960b63, 0x0bc80b96, 0x0bfa0bc8, 0x0c2c0bfa, 0x0c5f0c2c, 0x0c910c5f, 
0x0cc30c91, 0x0cf50cc3, 0x0d280cf5, 0x0d5a0d28, 0x0d8c0d5a, 0x0dbe0d8c, 0x0df10dbe, 0x0e230df1, 
0x0e550e23, 0x0e880e55, 0x0eba0e88, 0x0eec0eba, 0x0f1e0eec, 0x0f510f1e, 0x0f830f51, 0x0fb50f83, 
0x0fe70fb5, 0x101a0fe7, 0x104c101a, 0x107e104c, 0x10b0107e, 0x10e310b0, 0x111510e3, 0x11471115, 
0x11791147, 0x11ac1179, 0x11de11ac, 0x121011de, 0x12431210, 0x12751243, 0x12a71275, 0x12d912a7, 
0x130c12d9, 0x133e130c, 0x1370133e, 0x13a21370, 0x13d513a2, 0x140713d5, 0x14391407, 0x146b1439, 
0x149e146b, 0x14d0149e, 0x150214d0, 0x15351502, 0x15671535, 0x15991567, 0x15cb1599, 0x15fe15cb, 
0x163015fe, 0x16621630, 0x16941662, 0x16c71694, 0x16f916c7, 0x172b16f9, 0x175d172b, 0x1790175d, 
0x17c21790, 0x17f417c2, 0x182617f4, 0x18591826, 0x188b1859, 0x18bd188b, 0x18f018bd, 0x192218f0, 
0x19541922, 0x19861954, 0x19b91986, 0x19eb19b9, 0x1a1d19eb, 0x1a4f1a1d, 0x1a821a4f, 0x1ab41a82, 
0x1ae61ab4, 0x1b181ae6, 0x1b4b1b18, 0x1b7d1b4b, 0x1baf1b7d, 0x1be11baf, 0x1c141be1, 0x1c461c14, 
0x1c781c46, 0x1cab1c78, 0x1cdd1cab, 0x1d0f1cdd, 0x1d411d0f, 0x1d741d41, 0x1da61d74, 0x1dd81da6, 
0x1e0a1dd8, 0x1e3d1e0a, 0x1e6f1e3d, 0x1ea11e6f, 0x1ed31ea1, 0x1f061ed3, 0x1f381f06, 0x1f6a1f38, 
0x1f9c1f6a, 0x1fcf1f9c, 0x20011fcf, 0x20332001, 0x20662033, 0x20982066, 0x20ca2098, 0x20fc20ca, 
0x212f20fc, 0x2161212f, 0x21932161, 0x21c52193, 0x21f821c5, 0x222a21f8, 0x225c222a, 0x228e225c, 
0x22c1228e, 0x22f322c1, 0x232522f3, 0x23582325, 0x238a2358, 0x23bc238a, 0x23ee23bc, 0x242123ee, 
0x24532421, 0x24852453, 0x24b72485, 0x24ea24b7, 0x251c24ea, 0x254e251c, 0x2580254e, 0x25b32580, 
0x25e525b3, 0x261725e5, 0x26492617, 0x267c2649, 0x26ae267c, 0x26e026ae, 0x271326e0, 0x27452713, 
0x27772745, 0x27a92777, 0x27dc27a9, 0x280e27dc, 0x2840280e, 0x28722840, 0x28a52872, 0x28d728a5, 
0x290928d7, 0x293b2909, 0x296e293b, 0x29a0296e, 0x29d229a0, 0x2a0429d2, 0x2a372a04, 0x2a692a37, 
0x2a9b2a69, 0x2ace2a9b, 0x2b002ace, 0x2b322b00, 0x2b642b32, 0x2b972b64, 0x2bc92b97, 0x2bfb2bc9, 
0x2c2d2bfb, 0x2c602c2d, 0x2c922c60, 0x2cc42c92, 0x2cf62cc4, 0x2d292cf6, 0x2d5b2d29, 0x2d8d2d5b, 
0x2dc02d8d, 0x2df22dc0, 0x2e242df2, 0x2e562e24, 0x2e892e56, 0x2ebb2e89, 0x2eed2ebb, 0x2f1f2eed, 
0x2f522f1f, 0x2f842f52, 0x2fb62f84, 0x2fe82fb6, 0x301b2fe8, 0x304d301b, 0x307f304d, 0x30b1307f, 
0x30e430b1, 0x311630e4, 0x31483116, 0x317b3148, 0x31ad317b, 0x31df31ad, 0x321131df, 0x32443211, 
0x32763244, 0x32a83276, 0x32da32a8, 0x330d32da, 0x333f330d, 0x3371333f, 0x33a33371, 0x33d633a3, 
0x340833d6, 0x343a3408, 0x346c343a, 0x349f346c, 0x34d1349f, 0x350334d1, 0x35363503, 0x35683536, 
0x359a3568, 0x35cc359a, 0x35ff35cc, 0x363135ff, 0x36633631, 0x36953663, 0x36c83695, 0x36fa36c8, 
0x372c36fa, 0x375e372c, 0x3791375e, 0x37c33791, 0x37f537c3, 0x382737f5, 0x385a3827, 0x388c385a, 
0x38be388c, 0x38f138be, 0x392338f1, 0x39553923, 0x39873955, 0x39ba3987, 0x39ec39ba, 0x3a1e39ec, 
0x3a503a1e, 0x3a833a50, 0x3ab53a83, 0x3ae73ab5, 0x3b193ae7, 0x3b4c3b19, 0x3b7e3b4c, 0x3bb03b7e, 
0x3be33bb0, 0x3c153be3, 0x3c473c15, 0x3c793c47, 0x3cac3c79, 0x3cde3cac, 0x3d103cde, 0x3d423d10, 
0x3d753d42, 0x3da73d75, 0x3dd93da7, 0x3e0b3dd9, 0x3e3e3e0b, 0x3e703e3e, 0x3ea23e70, 0x3ed43ea2, 
0x3f073ed4, 0x3f393f07, 0x3f6b3f39, 0x3f9e3f6b, 0x3fd03f9e, 0x40023fd0, 0x40344002, 0x40674034, 
0x40994067, 0x40cb4099, 0x40fd40cb, 0x413040fd, 0x41624130, 0x41944162, 0x41c64194, 0x41f941c6, 
0x422b41f9, 0x425d422b, 0x428f425d, 0x42c2428f, 0x42f442c2, 0x432642f4, 0x43594326, 0x438b4359, 
0x43bd438b, 0x43ef43bd, 0x442243ef, 0x44544422, 0x44864454, 0x44b84486, 0x44eb44b8, 0x451d44eb, 
0x454f451d, 0x4581454f, 0x45b44581, 0x45e645b4, 0x461845e6, 0x464a4618, 0x467d464a, 0x46af467d, 
0x46e146af, 0x471446e1, 0x47464714, 0x47784746, 0x47aa4778, 0x47dd47aa, 0x480f47dd, 0x4841480f, 
0x48734841, 0x48a64873, 0x48d848a6, 0x490a48d8, 0x493c490a, 0x496f493c, 0x49a1496f, 0x49d349a1, 
0x4a0649d3, 0x4a384a06, 0x4a6a4a38, 0x4a9c4a6a, 0x4acf4a9c, 0x4b014acf, 0x4b334b01, 0x4b654b33, 
0x4b984b65, 0x4bca4b98, 0x4bfc4bca, 0x4c2e4bfc, 0x4c614c2e, 0x4c934c61, 0x4cc54c93, 0x4cf74cc5, 
0x4d2a4cf7, 0x4d5c4d2a, 0x4d8e4d5c, 0x4dc14d8e, 0x4df34dc1, 0x4e254df3, 0x4e574e25, 0x4e8a4e57, 
0x4ebc4e8a, 0x4eee4ebc, 0x4f204eee, 0x4f534f20, 0x4f854f53, 0x4fb74f85, 0x4fe94fb7, 0x501c4fe9, 
0x504e501c, 0x5080504e, 0x50b25080, 0x50e550b2, 0x511750e5, 0x51495117, 0x517c5149, 0x51ae517c, 
0x51e051ae, 0x521251e0, 0x52455212, 0x52775245, 0x52a95277, 0x52db52a9, 0x530e52db, 0x5340530e, 
0x53725340, 0x53a45372, 0x53d753a4, 0x540953d7, 0x543b5409, 0x546d543b, 0x54a0546d, 0x54d254a0, 
0x550454d2, 0x55375504, 0x55695537, 0x559b5569, 0x55cd559b, 0x560055cd, 0x56325600, 0x56645632, 
0x56965664, 0x56c95696, 0x56fb56c9, 0x572d56fb, 0x575f572d, 0x5792575f, 0x57c45792, 0x57f657c4, 
0x582957f6, 0x585b5829, 0x588d585b, 0x58bf588d, 0x58f258bf, 0x592458f2, 0x59565924, 0x59885956, 
0x59bb5988, 0x59ed59bb, 0x5a1f59ed, 0x5a515a1f, 0x5a845a51, 0x5ab65a84, 0x5ae85ab6, 0x5b1a5ae8, 
0x5b4d5b1a, 0x5b7f5b4d, 0x5bb15b7f, 0x5be45bb1, 0x5c165be4, 0x5c485c16, 0x5c7a5c48, 0x5cad5c7a, 
0x5cdf5cad, 0x5d115cdf, 0x5d435d11, 0x5d765d43, 0x5da85d76, 0x5dda5da8, 0x5e0c5dda, 0x5e3f5e0c, 
0x5e715e3f, 0x5ea35e71, 0x5ed55ea3, 0x5f085ed5, 0x5f3a5f08, 0x5f6c5f3a, 0x5f9f5f6c, 0x5fd15f9f, 
0x60035fd1, 0x60356003, 0x60686035, 0x609a6068, 0x60cc609a, 0x60fe60cc, 0x613160fe, 0x61636131, 
0x61956163, 0x61c76195, 0x61fa61c7, 0x622c61fa, 0x625e622c, 0x6290625e, 0x62c36290, 0x62f562c3, 
0x632762f5, 0x635a6327, 0x638c635a, 0x63be638c, 0x63f063be, 0x642363f0, 0x64556423, 0x64836455, 
0x64556483, 0x64236455, 0x63f06423, 0x63be63f0, 0x638c63be, 0x635a638c, 0x6327635a, 0x62f56327, 
0x62c362f5, 0x629062c3, 0x625e6290, 0x622c625e, 0x61fa622c, 0x61c761fa, 0x619561c7, 0x61636195, 
0x61316163, 0x60fe6131, 0x60cc60fe, 0x609a60cc, 0x6068609a, 0x60356068, 0x60036035, 0x5fd16003, 
0x5f9f5fd1, 0x5f6c5f9f, 0x5f3a5f6c, 0x5f085f3a, 0x5ed55f08, 0x5ea35ed5, 0x5e715ea3, 0x5e3f5e71, 
0x5e0c5e3f, 0x5dda5e0c, 0x5da85dda, 0x5d765da8, 0x5d435d76, 0x5d115d43, 0x5cdf5d11, 0x5cad5cdf, 
0x5c7a5cad, 0x5c485c7a, 0x5c165c48, 0x5be45c16, 0x5bb15be4, 0x5b7f5bb1, 0x5b4d5b7f, 0x5b1a5b4d, 
0x5ae85b1a, 0x5ab65ae8, 0x5a845ab6, 0x5a515a84, 0x5a1f5a51, 0x59ed5a1f, 0x59bb59ed, 0x598859bb, 
0x59565988, 0x59245956, 0x58f25924, 0x58bf58f2, 0x588d58bf, 0x585b588d, 0x5829585b, 0x57f65829, 
0x57c457f6, 0x579257c4, 0x575f5792, 0x572d575f, 0x56fb572d, 0x56c956fb, 0x569656c9, 0x56645696, 
0x56325664, 0x56005632, 0x55cd5600, 0x559b55cd, 0x5569559b, 0x55375569, 0x55045537, 0x54d25504, 
0x54a054d2, 0x546d54a0, 0x543b546d, 0x5409543b, 0x53d75409, 0x53a453d7, 0x537253a4, 0x53405372, 
0x530e5340, 0x52db530e, 0x52a952db, 0x527752a9, 0x52455277, 0x52125245, 0x51e05212, 0x51ae51e0, 
0x517c51ae, 0x5149517c, 0x51175149, 0x50e55117, 0x50b250e5, 0x508050b2, 0x504e5080, 0x501c504e, 
0x4fe9501c, 0x4fb74fe9, 0x4f854fb7, 0x4f534f85, 0x4f204f53, 0x4eee4f20, 0x4ebc4eee, 0x4e8a4ebc, 
0x4e574e8a, 0x4e254e57, 0x4df34e25, 0x4dc14df3, 0x4d8e4dc1, 0x4d5c4d8e, 0x4d2a4d5c, 0x4cf74d2a, 
0x4cc54cf7, 0x4c934cc5, 0x4c614c93, 0x4c2e4c61, 0x4bfc4c2e, 0x4bca4bfc, 0x4b984bca, 0x4b654b98, 
0x4b334b65, 0x4b014b33, 0x4acf4b01, 0x4a9c4acf, 0x4a6a4a9c, 0x4a384a6a, 0x4a064a38, 0x49d34a06, 
0x49a149d3, 0x496f49a1, 0x493c496f, 0x490a493c, 0x48d8490a, 0x48a648d8, 0x487348a6, 0x48414873, 
0x480f4841, 0x47dd480f, 0x47aa47dd, 0x477847aa, 0x47464778, 0x47144746, 0x46e14714, 0x46af46e1, 
0x467d46af, 0x464a467d, 0x4618464a, 0x45e64618, 0x45b445e6, 0x458145b4, 0x454f4581, 0x451d454f, 
0x44eb451d, 0x44b844eb, 0x448644b8, 0x44544486, 0x44224454, 0x43ef4422, 0x43bd43ef, 0x438b43bd, 
0x4359438b, 0x43264359, 0x42f44326, 0x42c242f4, 0x428f42c2, 0x425d428f, 0x422b425d, 0x41f9422b, 
0x41c641f9, 0x419441c6, 0x41624194, 0x41304162, 0x40fd4130, 0x40cb40fd, 0x409940cb, 0x40674099, 
0x40344067, 0x40024034, 0x3fd04002, 0x3f9e3fd0, 0x3f6b3f9e, 0x3f393f6b, 0x3f073f39, 0x3ed43f07, 
0x3ea23ed4, 0x3e703ea2, 0x3e3e3e70, 0x3e0b3e3e, 0x3dd93e0b, 0x3da73dd9, 0x3d753da7, 0x3d423d75, 
0x3d103d42, 0x3cde3d10, 0x3cac3cde, 0x3c793cac, 0x3c473c79, 0x3c153c47, 0x3be33c15, 0x3bb03be3, 
0x3b7e3bb0, 0x3b4c3b7e, 0x3b193b4c, 0x3ae73b19, 0x3ab53ae7, 0x3a833ab5, 0x3a503a83, 0x3a1e3a50, 
0x39ec3a1e, 0x39ba39ec, 0x398739ba, 0x39553987, 0x39233955, 0x38f13923, 0x38be38f1, 0x388c38be, 
0x385a388c, 0x3827385a, 0x37f53827, 0x37c337f5, 0x379137c3, 0x375e3791, 0x372c375e, 0x36fa372c, 
0x36c836fa, 0x369536c8, 0x36633695, 0x36313663, 0x35ff3631, 0x35cc35ff, 0x359a35cc, 0x3568359a, 
0x35363568, 0x35033536, 0x34d13503, 0x349f34d1, 0x346c349f, 0x343a346c, 0x3408343a, 0x33d63408, 
0x33a333d6, 0x337133a3, 0x333f3371, 0x330d333f, 0x32da330d, 0x32a832da, 0x327632a8, 0x32443276, 
0x32113244, 0x31df3211, 0x31ad31df, 0x317b31ad, 0x3148317b, 0x31163148, 0x30e43116, 0x30b130e4, 
0x307f30b1, 0x304d307f, 0x301b304d, 0x2fe8301b, 0x2fb62fe8, 0x2f842fb6, 0x2f522f84, 0x2f1f2f52, 
0x2eed2f1f, 0x2ebb2eed, 0x2e892ebb, 0x2e562e89, 0x2e242e56, 0x2df22e24, 0x2dc02df2, 0x2d8d2dc0, 
0x2d5b2d8d, 0x2d292d5b, 0x2cf62d29, 0x2cc42cf6, 0x2c922cc4, 0x2c602c92, 0x2c2d2c60, 0x2bfb2c2d, 
0x2bc92bfb, 0x2b972bc9, 0x2b642b97, 0x2b322b64, 0x2b002b32, 0x2ace2b00, 0x2a9b2ace, 0x2a692a9b, 
0x2a372a69, 0x2a042a37, 0x29d22a04, 0x29a029d2, 0x296e29a0, 0x293b296e, 0x2909293b, 0x28d72909, 
0x28a528d7, 0x287228a5, 0x28402872, 0x280e2840, 0x27dc280e, 0x27a927dc, 0x277727a9, 0x27452777, 
0x27132745, 0x26e02713, 0x26ae26e0, 0x267c26ae, 0x2649267c, 0x26172649, 0x25e52617, 0x25b325e5, 
0x258025b3, 0x254e2580, 0x251c254e, 0x24ea251c, 0x24b724ea, 0x248524b7, 0x24532485, 0x24212453, 
0x23ee2421, 0x23bc23ee, 0x238a23bc, 0x2358238a, 0x23252358, 0x22f32325, 0x22c122f3, 0x228e22c1, 
0x225c228e, 0x222a225c, 0x21f8222a, 0x21c521f8, 0x219321c5, 0x21612193, 0x212f2161, 0x20fc212f, 
0x20ca20fc, 0x209820ca, 0x20662098, 0x20332066, 0x20012033, 0x1fcf2001, 0x1f9c1fcf, 0x1f6a1f9c, 
0x1f381f6a, 0x1f061f38, 0x1ed31f06, 0x1ea11ed3, 0x1e6f1ea1, 0x1e3d1e6f, 0x1e0a1e3d, 0x1dd81e0a, 
0x1da61dd8, 0x1d741da6, 0x1d411d74, 0x1d0f1d41, 0x1cdd1d0f, 0x1cab1cdd, 0x1c781cab, 0x1c461c78, 
0x1c141c46, 0x1be11c14, 0x1baf1be1, 0x1b7d1baf, 0x1b4b1b7d, 0x1b181b4b, 0x1ae61b18, 0x1ab41ae6, 
0x1a821ab4, 0x1a4f1a82, 0x1a1d1a4f, 0x19eb1a1d, 0x19b919eb, 0x198619b9, 0x19541986, 0x19221954, 
0x18f01922, 0x18bd18f0, 0x188b18bd, 0x1859188b, 0x18261859, 0x17f41826, 0x17c217f4, 0x179017c2, 
0x175d1790, 0x172b175d, 0x16f9172b, 0x16c716f9, 0x169416c7, 0x16621694, 0x16301662, 0x15fe1630, 
0x15cb15fe, 0x159915cb, 0x15671599, 0x15351567, 0x15021535, 0x14d01502, 0x149e14d0, 0x146b149e, 
0x1439146b, 0x14071439, 0x13d51407, 0x13a213d5, 0x137013a2, 0x133e1370, 0x130c133e, 0x12d9130c, 
0x12a712d9, 0x127512a7, 0x12431275, 0x12101243, 0x11de1210, 0x11ac11de, 0x117911ac, 0x11471179, 
0x11151147, 0x10e31115, 0x10b010e3, 0x107e10b0, 0x104c107e, 0x101a104c, 0x0fe7101a, 0x0fb50fe7, 
0x0f830fb5, 0x0f510f83, 0x0f1e0f51, 0x0eec0f1e, 0x0eba0eec, 0x0e880eba, 0x0e550e88, 0x0e230e55, 
0x0df10e23, 0x0dbe0df1, 0x0d8c0dbe, 0x0d5a0d8c, 0x0d280d5a, 0x0cf50d28, 0x0cc30cf5, 0x0c910cc3, 
0x0c5f0c91, 0x0c2c0c5f, 0x0bfa0c2c, 0x0bc80bfa, 0x0b960bc8, 0x0b630b96, 0x0b310b63, 0x0aff0b31, 
0x0acd0aff, 0x0a9a0acd, 0x0a680a9a, 0x0a360a68, 0x0a030a36, 0x09d10a03, 0x099f09d1, 0x096d099f, 
0x093a096d, 0x0908093a, 0x08d60908, 0x08a408d6, 0x087108a4, 0x083f0871, 0x080d083f, 0x07db080d, 
0x07a807db, 0x077607a8, 0x07440776, 0x07120744, 0x06df0712, 0x06ad06df, 0x067b06ad, 0x0648067b, 
0x06160648, 0x05e40616, 0x05b205e4, 0x057f05b2, 0x054d057f, 0x051b054d, 0x04e9051b, 0x04b604e9, 
0x048404b6, 0x04520484, 0x04200452, 0x03ed0420, 0x03bb03ed, 0x038903bb, 0x03560389, 0x03240356, 
0x02f20324, 0x02c002f2, 0x028d02c0, 0x025b028d, 0x0229025b, 0x01f70229, 0x01c401f7, 0x019201c4, 
0x01600192, 0x012e0160, 0x00fb012e, 0x00c900fb, 0x009700c9, 0x00650097, 0x00320065, 0x00000032, 
},
// Table 1, base frequency 20.601722
{
0xffce0000, 0xff9bffce, 0xff69ff9b, 0xff37ff69, 0xff05ff37, 0xfed2ff05, 0xfea0fed2, 0xfe6efea0, 
0xfe3cfe6e, 0xfe09fe3c, 0xfdd7fe09, 0xfda5fdd7, 0xfd73fda5, 0xfd40fd73, 0xfd0efd40, 0xfcdcfd0e, 
0xfcaafcdc, 0xfc77fcaa, 0xfc45fc77, 0xfc13fc45, 0xfbe0fc13, 0xfbaefbe0, 0xfb7cfbae, 0xfb4afb7c, 
0xfb17fb4a, 0xfae5fb17, 0xfab3fae5, 0xfa81fab3, 0xfa4efa81, 0xfa1cfa4e, 0xf9eafa1c, 0xf9b8f9ea, 
0xf985f9b8, 0xf953f985, 0xf921f953, 0xf8eef921, 0xf8bcf8ee, 0xf88af8bc, 0xf858f88a, 0xf825f858, 
0xf7f3f825, 0xf7c1f7f3, 0xf78ff7c1, 0xf75cf78f, 0xf72af75c, 0xf6f8f72a, 0xf6c6f6f8, 0xf693f6c6, 
0xf661f693, 0xf62ff661, 0xf5fdf62f, 0xf5caf5fd, 0xf598f5ca, 0xf566f598, 0xf533f566, 0xf501f533, 
0xf4cff501, 0xf49df4cf, 0xf46af49d, 0xf438f46a, 0xf406f438, 0xf3d4f406, 0xf3a1f3d4, 0xf36ff3a1, 
0xf33df36f, 0xf30bf33d, 0xf2d8f30b, 0xf2a6f2d8, 0xf274f2a6, 0xf242f274, 0xf20ff242, 0xf1ddf20f, 
0xf1abf1dd, 0xf178f1ab, 0xf146f178, 0xf114f146, 0xf0e2f114, 0xf0aff0e2, 0xf07df0af, 0xf04bf07d, 
0xf019f04b, 0xefe6f019, 0xefb4efe6, 0xef82efb4, 0xef50ef82, 0xef1def50, 0xeeebef1d, 0xeeb9eeeb, 
0xee86eeb9, 0xee54ee86, 0xee22ee54, 0xedf0ee22, 0xedbdedf0, 0xed8bedbd, 0xed59ed8b, 0xed27ed59, 
0xecf4ed27, 0xecc2ecf4, 0xec90ecc2, 0xec5eec90, 0xec2bec5e, 0xebf9ec2b, 0xebc7ebf9, 0xeb95ebc7, 
0xeb62eb95, 0xeb30eb62, 0xeafeeb30, 0xeacbeafe, 0xea99eacb, 0xea67ea99, 0xea35ea67, 0xea02ea35, 
0xe9d0ea02, 0xe99ee9d0, 0xe96ce99e, 0xe939e96c, 0xe907e939, 0xe8d5e907, 0xe8a3e8d5, 0xe870e8a3, 
0xe83ee870, 0xe80ce83e, 0xe7dae80c, 0xe7a7e7da, 0xe775e7a7, 0xe743e775, 0xe710e743, 0xe6dee710, 
0xe6ace6de, 0xe67ae6ac, 0xe647e67a, 0xe615e647, 0xe5e3e615, 0xe5b1e5e3, 0xe57ee5b1, 0xe54ce57e, 
0xe51ae54c, 0xe4e8e51a, 0xe4b5e4e8, 0xe483e4b5, 0xe451e483, 0xe41fe451, 0xe3ece41f, 0xe3bae3ec, 
0xe388e3ba, 0xe355e388, 0xe323e355, 0xe2f1e323, 0xe2bfe2f1, 0xe28ce2bf, 0xe25ae28c, 0xe228e25a, 
0xe1f6e228, 0xe1c3e1f6, 0xe191e1c3, 0xe15fe191, 0xe12de15f, 0xe0fae12d, 0xe0c8e0fa, 0xe096e0c8, 
0xe063e096, 0xe031e063, 0xdfffe031, 0xdfcddfff, 0xdf9adfcd, 0xdf68df9a, 0xdf36df68, 0xdf04df36, 
0xded1df04, 0xde9fded1, 0xde6dde9f, 0xde3bde6d, 0xde08de3b, 0xddd6de08, 0xdda4ddd6, 0xdd72dda4, 
0xdd3fdd72, 0xdd0ddd3f, 0xdcdbdd0d, 0xdca8dcdb, 0xdc76dca8, 0xdc44dc76, 0xdc12dc44, 0xdbdfdc12, 
0xdbaddbdf, 0xdb7bdbad, 0xdb49db7b, 0xdb16db49, 0xdae4db16, 0xdab2dae4, 0xda80dab2, 0xda4dda80, 
0xda1bda4d, 0xd9e9da1b, 0xd9b7d9e9, 0xd984d9b7, 0xd952d984, 0xd920d952, 0xd8edd920, 0xd8bbd8ed, 
0xd889d8bb, 0xd857d889, 0xd824d857, 0xd7f2d824, 0xd7c0d7f2, 0xd78ed7c0, 0xd75bd78e, 0xd729d75b, 
0xd6f7d729, 0xd6c5d6f7, 0xd692d6c5, 0xd660d692, 0xd62ed660, 0xd5fcd62e, 0xd5c9d5fc, 0xd597d5c9, 
0xd565d597, 0xd532d565, 0xd500d532, 0xd4ced500, 0xd49cd4ce, 0xd469d49c, 0xd437d469, 0xd405d437, 
0xd3d3d405, 0xd3a0d3d3, 0xd36ed3a0, 0xd33cd36e, 0xd30ad33c, 0xd2d7d30a, 0xd2a5d2d7, 0xd273d2a5, 
0xd240d273, 0xd20ed240, 0xd1dcd20e, 0xd1aad1dc, 0xd177d1aa, 0xd145d177, 0xd113d145, 0xd0e1d113, 
0xd0aed0e1, 0xd07cd0ae, 0xd04ad07c, 0xd018d04a, 0xcfe5d018, 0xcfb3cfe5, 0xcf81cfb3, 0xcf4fcf81, 
0xcf1ccf4f, 0xceeacf1c, 0xceb8ceea, 0xce85ceb8, 0xce53ce85, 0xce21ce53, 0xcdefce21, 0xcdbccdef, 
0xcd8acdbc, 0xcd58cd8a, 0xcd26cd58, 0xccf3cd26, 0xccc1ccf3, 0xcc8fccc1, 0xcc5dcc8f, 0xcc2acc5d, 
0xcbf8cc2a, 0xcbc6cbf8, 0xcb94cbc6, 0xcb61cb94, 0xcb2fcb61, 0xcafdcb2f, 0xcacacafd, 0xca98caca, 
0xca66ca98, 0xca34ca66, 0xca01ca34, 0xc9cfca01, 0xc99dc9cf, 0xc96bc99d, 0xc938c96b, 0xc906c938, 
0xc8d4c906, 0xc8a2c8d4, 0xc86fc8a2, 0xc83dc86f, 0xc80bc83d, 0xc7d9c80b, 0xc7a6c7d9, 0xc774c7a6, 
0xc742c774, 0xc70fc742, 0xc6ddc70f, 0xc6abc6dd, 0xc679c6ab, 0xc646c679, 0xc614c646, 0xc5e2c614, 
0xc5b0c5e2, 0xc57dc5b0, 0xc54bc57d, 0xc519c54b, 0xc4e7c519, 0xc4b4c4e7, 0xc482c4b4, 0xc450c482, 
0xc41dc450, 0xc3ebc41d, 0xc3b9c3eb, 0xc387c3b9, 0xc354c387, 0xc322c354, 0xc2f0c322, 0xc2bec2f0, 
0xc28bc2be, 0xc259c28b, 0xc227c259, 0xc1f5c227, 0xc1c2c1f5, 0xc190c1c2, 0xc15ec190, 0xc12cc15e, 
0xc0f9c12c, 0xc0c7c0f9, 0xc095c0c7, 0xc062c095, 0xc030c062, 0xbffec030, 0xbfccbffe, 0xbf99bfcc, 
0xbf67bf99, 0xbf35bf67, 0xbf03bf35, 0xbed0bf03, 0xbe9ebed0, 0xbe6cbe9e, 0xbe3abe6c, 0xbe07be3a, 
0xbdd5be07, 0xbda3bdd5, 0xbd71bda3, 0xbd3ebd71, 0xbd0cbd3e, 0xbcdabd0c, 0xbca7bcda, 0xbc75bca7, 
0xbc43bc75, 0xbc11bc43, 0xbbdebc11, 0xbbacbbde, 0xbb7abbac, 0xbb48bb7a, 0xbb15bb48, 0xbae3bb15, 
0xbab1bae3, 0xba7fbab1, 0xba4cba7f, 0xba1aba4c, 0xb9e8ba1a, 0xb9b6b9e8, 0xb983b9b6, 0xb951b983, 
0xb91fb951, 0xb8ecb91f, 0xb8bab8ec, 0xb888b8ba, 0xb856b888, 0xb823b856, 0xb7f1b823, 0xb7bfb7f1, 
0xb78db7bf, 0xb75ab78d, 0xb728b75a, 0xb6f6b728, 0xb6c4b6f6, 0xb691b6c4, 0xb65fb691, 0xb62db65f, 
0xb5fbb62d, 0xb5c8b5fb, 0xb596b5c8, 0xb564b596, 0xb531b564, 0xb4ffb531, 0xb4cdb4ff, 0xb49bb4cd, 
0xb468b49b, 0xb436b468, 0xb404b436, 0xb3d2b404, 0xb39fb3d2, 0xb36db39f, 0xb33bb36d, 0xb309b33b, 
0xb2d6b309, 0xb2a4b2d6, 0xb272b2a4, 0xb23fb272, 0xb20db23f, 0xb1dbb20d, 0xb1a9b1db, 0xb176b1a9, 
0xb144b176, 0xb112b144, 0xb0e0b112, 0xb0adb0e0, 0xb07bb0ad, 0xb049b07b, 0xb017b049, 0xafe4b017, 
0xafb2afe4, 0xaf80afb2, 0xaf4eaf80, 0xaf1baf4e, 0xaee9af1b, 0xaeb7aee9, 0xae84aeb7, 0xae52ae84, 
0xae20ae52, 0xadeeae20, 0xadbbadee, 0xad89adbb, 0xad57ad89, 0xad25ad57, 0xacf2ad25, 0xacc0acf2, 
0xac8eacc0, 0xac5cac8e, 0xac29ac5c, 0xabf7ac29, 0xabc5abf7, 0xab93abc5, 0xab60ab93, 0xab2eab60, 
0xaafcab2e, 0xaac9aafc, 0xaa97aac9, 0xaa65aa97, 0xaa33aa65, 0xaa00aa33, 0xa9ceaa00, 0xa99ca9ce, 
0xa96aa99c, 0xa937a96a, 0xa905a937, 0xa8d3a905, 0xa8a1a8d3, 0xa86ea8a1, 0xa83ca86e, 0xa80aa83c, 
0xa7d8a80a, 0xa7a5a7d8, 0xa773a7a5, 0xa741a773, 0xa70ea741, 0xa6dca70e, 0xa6aaa6dc, 0xa678a6aa, 
0xa645a678, 0xa613a645, 0xa5e1a613, 0xa5afa5e1, 0xa57ca5af, 0xa54aa57c, 0xa518a54a, 0xa4e6a518, 
0xa4b3a4e6, 0xa481a4b3, 0xa44fa481, 0xa41da44f, 0xa3eaa41d, 0xa3b8a3ea, 0xa386a3b8, 0xa353a386, 
0xa321a353, 0xa2efa321, 0xa2bda2ef, 0xa28aa2bd, 0xa258a28a, 0xa226a258, 0xa1f4a226, 0xa1c1a1f4, 
0xa18fa1c1, 0xa15da18f, 0xa12ba15d, 0xa0f8a12b, 0xa0c6a0f8, 0xa094a0c6, 0xa062a094, 0xa02fa062, 
0x9ffda02f, 0x9fcb9ffd, 0x9f989fcb, 0x9f669f98, 0x9f349f66, 0x9f029f34, 0x9ecf9f02, 0x9e9d9ecf, 
0x9e6b9e9d, 0x9e399e6b, 0x9e069e39, 0x9dd49e06, 0x9da19dd4, 0x9d709da1, 0x9d3d9d70, 0x9d0b9d3d, 
0x9cd89d0b, 0x9ca79cd8, 0x9c749ca7, 0x9c439c74, 0x9c0f9c43, 0x9bde9c0f, 0x9ba99bde, 0x9b849ba9, 
0x9ba99b84, 0x9bde9ba9, 0x9c0f9bde, 0x9c439c0f, 0x9c749c43, 0x9ca79c74, 0x9cd89ca7, 0x9d0b9cd8, 
0x9d3d9d0b, 0x9d709d3d, 0x9da19d70, 0x9dd49da1, 0x9e069dd4, 0x9e399e06, 0x9e6b9e39, 0x9e9d9e6b, 
0x9ecf9e9d, 0x9f029ecf, 0x9f349f02, 0x9f669f34, 0x9f989f66, 0x9fcb9f98, 0x9ffd9fcb, 0xa02f9ffd, 
0xa062a02f, 0xa094a062, 0xa0c6a094, 0xa0f8a0c6, 0xa12ba0f8, 0xa15da12b, 0xa18fa15d, 0xa1c1a18f, 
0xa1f4a1c1, 0xa226a1f4, 0xa258a226, 0xa28aa258, 0xa2bda28a, 0xa2efa2bd, 0xa321a2ef, 0xa353a321, 
0xa386a353, 0xa3b8a386, 0xa3eaa3b8, 0xa41da3ea, 0xa44fa41d, 0xa481a44f, 0xa4b3a481, 0xa4e6a4b3, 
0xa518a4e6, 0xa54aa518, 0xa57ca54a, 0xa5afa57c, 0xa5e1a5af, 0xa613a5e1, 0xa645a613, 0xa678a645, 
0xa6aaa678, 0xa6dca6aa, 0xa70ea6dc, 0xa741a70e, 0xa773a741, 0xa7a5a773, 0xa7d8a7a5, 0xa80aa7d8, 
0xa83ca80a, 0xa86ea83c, 0xa8a1a86e, 0xa8d3a8a1, 0xa905a8d3, 0xa937a905, 0xa96aa937, 0xa99ca96a, 
0xa9cea99c, 0xaa00a9ce, 0xaa33aa00, 0xaa65aa33, 0xaa97aa65, 0xaac9aa97, 0xaafcaac9, 0xab2eaafc, 
0xab60ab2e, 0xab93ab60, 0xabc5ab93, 0xabf7abc5, 0xac29abf7, 0xac5cac29, 0xac8eac5c, 0xacc0ac8e, 
0xacf2acc0, 0xad25acf2, 0xad57ad25, 0xad89ad57, 0xadbbad89, 0xadeeadbb, 0xae20adee, 0xae52ae20, 
0xae84ae52, 0xaeb7ae84, 0xaee9aeb7, 0xaf1baee9, 0xaf4eaf1b, 0xaf80af4e, 0xafb2af80, 0xafe4afb2, 
0xb017afe4, 0xb049b017, 0xb07bb049, 0xb0adb07b, 0xb0e0b0ad, 0xb112b0e0, 0xb144b112, 0xb176b144, 
0xb1a9b176, 0xb1dbb1a9, 0xb20db1db, 0xb23fb20d, 0xb272b23f, 0xb2a4b272, 0xb2d6b2a4, 0xb309b2d6, 
0xb33bb309, 0xb36db33b, 0xb39fb36d, 0xb3d2b39f, 0xb404b3d2, 0xb436b404, 0xb468b436, 0xb49bb468, 
0xb4cdb49b, 0xb4ffb4cd, 0xb531b4ff, 0xb564b531, 0xb596b564, 0xb5c8b596, 0xb5fbb5c8, 0xb62db5fb, 
0xb65fb62d, 0xb691b65f, 0xb6c4b691, 0xb6f6b6c4, 0xb728b6f6, 0xb75ab728, 0xb78db75a, 0xb7bfb78d, 
0xb7f1b7bf, 0xb823b7f1, 0xb856b823, 0xb888b856, 0xb8bab888, 0xb8ecb8ba, 0xb91fb8ec, 0xb951b91f, 
0xb983b951, 0xb9b6b983, 0xb9e8b9b6, 0xba1ab9e8, 0xba4cba1a, 0xba7fba4c, 0xbab1ba7f, 0xbae3bab1, 
0xbb15bae3, 0xbb48bb15, 0xbb7abb48, 0xbbacbb7a, 0xbbdebbac, 0xbc11bbde, 0xbc43bc11, 0xbc75bc43, 
0xbca7bc75, 0xbcdabca7, 0xbd0cbcda, 0xbd3ebd0c, 0xbd71bd3e, 0xbda3bd71, 0xbdd5bda3, 0xbe07bdd5, 
0xbe3abe07, 0xbe6cbe3a, 0xbe9ebe6c, 0xbed0be9e, 0xbf03bed0, 0xbf35bf03, 0xbf67bf35, 0xbf99bf67, 
0xbfccbf99, 0xbffebfcc, 0xc030bffe, 0xc062c030, 0xc095c062, 0xc0c7c095, 0xc0f9c0c7, 0xc12cc0f9, 
0xc15ec12c, 0xc190c15e, 0xc1c2c190, 0xc1f5c1c2, 0xc227c1f5, 0xc259c227, 0xc28bc259, 0xc2bec28b, 
0xc2f0c2be, 0xc322c2f0, 0xc354c322, 0xc387c354, 0xc3b9c387, 0xc3ebc3b9, 0xc41dc3eb, 0xc450c41d, 
0xc482c450, 0xc4b4c482, 0xc4e7c4b4, 0xc519c4e7, 0xc54bc519, 0xc57dc54b, 0xc5b0c57d, 0xc5e2c5b0, 
0xc614c5e2, 0xc646c614, 0xc679c646, 0xc6abc679, 0xc6ddc6ab, 0xc70fc6dd, 0xc742c70f, 0xc774c742, 
0xc7a6c774, 0xc7d9c7a6, 0xc80bc7d9, 0xc83dc80b, 0xc86fc83d, 0xc8a2c86f, 0xc8d4c8a2, 0xc906c8d4, 
0xc938c906, 0xc96bc938, 0xc99dc96b, 0xc9cfc99d, 0xca01c9cf, 0xca34ca01, 0xca66ca34, 0xca98ca66, 
0xcacaca98, 0xcafdcaca, 0xcb2fcafd, 0xcb61cb2f, 0xcb94cb61, 0xcbc6cb94, 0xcbf8cbc6, 0xcc2acbf8, 
0xcc5dcc2a, 0xcc8fcc5d, 0xccc1cc8f, 0xccf3ccc1, 0xcd26ccf3, 0xcd58cd26, 0xcd8acd58, 0xcdbccd8a, 
0xcdefcdbc, 0xce21cdef, 0xce53ce21, 0xce85ce53, 0xceb8ce85, 0xceeaceb8, 0xcf1cceea, 0xcf4fcf1c, 
0xcf81cf4f, 0xcfb3cf81, 0xcfe5cfb3, 0xd018cfe5, 0xd04ad018, 0xd07cd04a, 0xd0aed07c, 0xd0e1d0ae, 
0xd113d0e1, 0xd145d113, 0xd177d145, 0xd1aad177, 0xd1dcd1aa, 0xd20ed1dc, 0xd240d20e, 0xd273d240, 
0xd2a5d273, 0xd2d7d2a5, 0xd30ad2d7, 0xd33cd30a, 0xd36ed33c, 0xd3a0d36e, 0xd3d3d3a0, 0xd405d3d3, 
0xd437d405, 0xd469d437, 0xd49cd469, 0xd4ced49c, 0xd500d4ce, 0xd532d500, 0xd565d532, 0xd597d565, 
0xd5c9d597, 0xd5fcd5c9, 0xd62ed5fc, 0xd660d62e, 0xd692d660, 0xd6c5d692, 0xd6f7d6c5, 0xd729d6f7, 
0xd75bd729, 0xd78ed75b, 0xd7c0d78e, 0xd7f2d7c0, 0xd824d7f2, 0xd857d824, 0xd889d857, 0xd8bbd889, 
0xd8edd8bb, 0xd920d8ed, 0xd952d920, 0xd984d952, 0xd9b7d984, 0xd9e9d9b7, 0xda1bd9e9, 0xda4dda1b, 
0xda80da4d, 0xdab2da80, 0xdae4dab2, 0xdb16dae4, 0xdb49db16, 0xdb7bdb49, 0xdbaddb7b, 0xdbdfdbad, 
0xdc12dbdf, 0xdc44dc12, 0xdc76dc44, 0xdca8dc76, 0xdcdbdca8, 0xdd0ddcdb, 0xdd3fdd0d, 0xdd72dd3f, 
0xdda4dd72, 0xddd6dda4, 0xde08ddd6, 0xde3bde08, 0xde6dde3b, 0xde9fde6d, 0xded1de9f, 0xdf04ded1, 
0xdf36df04, 0xdf68df36, 0xdf9adf68, 0xdfcddf9a, 0xdfffdfcd, 0xe031dfff, 0xe063e031, 0xe096e063, 
0xe0c8e096, 0xe0fae0c8, 0xe12de0fa, 0xe15fe12d, 0xe191e15f, 0xe1c3e191, 0xe1f6e1c3, 0xe228e1f6, 
0xe25ae228, 0xe28ce25a, 0xe2bfe28c, 0xe2f1e2bf, 0xe323e2f1, 0xe355e323, 0xe388e355, 0xe3bae388, 
0xe3ece3ba, 0xe41fe3ec, 0xe451e41f, 0xe483e451, 0xe4b5e483, 0xe4e8e4b5, 0xe51ae4e8, 0xe54ce51a, 
0xe57ee54c, 0xe5b1e57e, 0xe5e3e5b1, 0xe615e5e3, 0xe647e615, 0xe67ae647, 0xe6ace67a, 0xe6dee6ac, 
0xe710e6de, 0xe743e710, 0xe775e743, 0xe7a7e775, 0xe7dae7a7, 0xe80ce7da, 0xe83ee80c, 0xe870e83e, 
0xe8a3e870, 0xe8d5e8a3, 0xe907e8d5, 0xe939e907, 0xe96ce939, 0xe99ee96c, 0xe9d0e99e, 0xea02e9d0, 
0xea35ea02, 0xea67ea35, 0xea99ea67, 0xeacbea99, 0xeafeeacb, 0xeb30eafe, 0xeb62eb30, 0xeb95eb62, 
0xebc7eb95, 0xebf9ebc7, 0xec2bebf9, 0xec5eec2b, 0xec90ec5e, 0xecc2ec90, 0xecf4ecc2, 0xed27ecf4, 
0xed59ed27, 0xed8bed59, 0xedbded8b, 0xedf0edbd, 0xee22edf0, 0xee54ee22, 0xee86ee54, 0xeeb9ee86, 
0xeeebeeb9, 0xef1deeeb, 0xef50ef1d, 0xef82ef50, 0xefb4ef82, 0xefe6efb4, 0xf019efe6, 0xf04bf019, 
0xf07df04b, 0xf0aff07d, 0xf0e2f0af, 0xf114f0e2, 0xf146f114, 0xf178f146, 0xf1abf178, 0xf1ddf1ab, 
0xf20ff1dd, 0xf242f20f, 0xf274f242, 0xf2a6f274, 0xf2d8f2a6, 0xf30bf2d8, 0xf33df30b, 0xf36ff33d, 
0xf3a1f36f, 0xf3d4f3a1, 0xf406f3d4, 0xf438f406, 0xf46af438, 0xf49df46a, 0xf4cff49d, 0xf501f4cf, 
0xf533f501, 0xf566f533, 0xf598f566, 0xf5caf598, 0xf5fdf5ca, 0xf62ff5fd, 0xf661f62f, 0xf693f661, 
0xf6c6f693, 0xf6f8f6c6, 0xf72af6f8, 0xf75cf72a, 0xf78ff75c, 0xf7c1f78f, 0xf7f3f7c1, 0xf825f7f3, 
0xf858f825, 0xf88af858, 0xf8bcf88a, 0xf8eef8bc, 0xf921f8ee, 0xf953f921, 0xf985f953, 0xf9b8f985, 
0xf9eaf9b8, 0xfa1cf9ea, 0xfa4efa1c, 0xfa81fa4e, 0xfab3fa81, 0xfae5fab3, 0xfb17fae5, 0xfb4afb17, 
0xfb7cfb4a, 0xfbaefb7c, 0xfbe0fbae, 0xfc13fbe0, 0xfc45fc13, 0xfc77fc45, 0xfcaafc77, 0xfcdcfcaa, 
0xfd0efcdc, 0xfd40fd0e, 0xfd73fd40, 0xfda5fd73, 0xfdd7fda5, 0xfe09fdd7, 0xfe3cfe09, 0xfe6efe3c, 
0xfea0fe6e, 0xfed2fea0, 0xff05fed2, 0xff37ff05, 0xff69ff37, 0xff9bff69, 0xffceff9b, 0x0000ffce, 
0x00320000, 0x00650032, 0x00970065, 0x00c90097, 0x00fb00c9, 0x012e00fb, 0x0160012e, 0x01920160, 
0x01c40192, 0x01f701c4, 0x022901f7, 0x025b0229, 0x028d025b, 0x02c0028d, 0x02f202c0, 0x032402f2, 
0x03560324, 0x03890356, 0x03bb0389, 0x03ed03bb, 0x042003ed, 0x04520420, 0x04840452, 0x04b60484, 
0x04e904b6, 0x051b04e9, 0x054d051b, 0x057f054d, 0x05b2057f, 0x05e405b2, 0x061605e4, 0x06480616, 
0x067b0648, 0x06ad067b, 0x06df06ad, 0x071206df, 0x07440712, 0x07760744, 0x07a80776, 0x07db07a8, 
0x080d07db, 0x083f080d, 0x0871083f, 0x08a40871, 0x08d608a4, 0x090808d6, 0x093a0908, 0x096d093a, 
0x099f096d, 0x09d1099f, 0x0a0309d1, 0x0a360a03, 0x0a680a36, 0x0a9a0a68, 0x0acd0a9a, 0x0aff0acd, 
0x0b310aff, 0x0b630b31, 0x0b960b63, 0x0bc80b96, 0x0bfa0bc8, 0x0c2c0bfa, 0x0c5f0c2c, 0x0c910c5f, 
0x0cc30c91, 0x0cf50cc3, 0x0d280cf5, 0x0d5a0d28, 0x0d8c0d5a, 0x0dbe0d8c, 0x0df10dbe, 0x0e230df1, 
0x0e550e23, 0x0e880e55, 0x0eba0e88, 0x0eec0eba, 0x0f1e0eec, 0x0f510f1e, 0x0f830f51, 0x0fb50f83, 
0x0fe70fb5, 0x101a0fe7, 0x104c101a, 0x107e104c, 0x10b0107e, 0x10e310b0, 0x111510e3, 0x11471115, 
0x117a1147, 0x11ac117a, 0x11de11ac, 0x121011de, 0x12431210, 0x12751243, 0x12a71275, 0x12d912a7, 
0x130c12d9, 0x133e130c, 0x1370133e, 0x13a21370, 0x13d513a2, 0x140713d5, 0x14391407, 0x146b1439, 
0x149e146b, 0x14d0149e, 0x150214d0, 0x15351502, 0x15671535, 0x15991567, 0x15cb1599, 0x15fe15cb, 
0x163015fe, 0x16621630, 0x16941662, 0x16c71694, 0x16f916c7, 0x172b16f9, 0x175d172b, 0x1790175d, 
0x17c21790, 0x17f417c2, 0x182617f4, 0x18591826, 0x188b1859, 0x18bd188b, 0x18f018bd, 0x192218f0, 
0x19541922, 0x19861954, 0x19b91986, 0x19eb19b9, 0x1a1d19eb, 0x1a4f1a1d, 0x1a821a4f, 0x1ab41a82, 
0x1ae61ab4, 0x1b181ae6, 0x1b4b1b18, 0x1b7d1b4b, 0x1baf1b7d, 0x1be11baf, 0x1c141be1, 0x1c461c14, 
0x1c781c46, 0x1cab1c78, 0x1cdd1cab, 0x1d0f1cdd, 0x1d411d0f, 0x1d741d41, 0x1da61d74, 0x1dd81da6, 
0x1e0a1dd8, 0x1e3d1e0a, 0x1e6f1e3d, 0x1ea11e6f, 0x1ed31ea1, 0x1f061ed3, 0x1f381f06, 0x1f6a1f38, 
0x1f9d1f6a, 0x1fcf1f9d, 0x20011fcf, 0x20332001, 0x20662033, 0x20982066, 0x20ca2098, 0x20fc20ca, 
0x212f20fc, 0x2161212f, 0x21932161, 0x21c52193, 0x21f821c5, 0x222a21f8, 0x225c222a, 0x228e225c, 
0x22c1228e, 0x22f322c1, 0x232522f3, 0x23582325, 0x238a2358, 0x23bc238a, 0x23ee23bc, 0x242123ee, 
0x24532421, 0x24852453, 0x24b72485, 0x24ea24b7, 0x251c24ea, 0x254e251c, 0x2580254e, 0x25b32580, 
0x25e525b3, 0x261725e5, 0x26492617, 0x267c2649, 0x26ae267c, 0x26e026ae, 0x271326e0, 0x27452713, 
0x27772745, 0x27a92777, 0x27dc27a9, 0x280e27dc, 0x2840280e, 0x28722840, 0x28a52872, 0x28d728a5, 
0x290928d7, 0x293b2909, 0x296e293b, 0x29a0296e, 0x29d229a0, 0x2a0429d2, 0x2a372a04, 0x2a692a37, 
0x2a9b2a69, 0x2ace2a9b, 0x2b002ace, 0x2b322b00, 0x2b642b32, 0x2b972b64, 0x2bc92b97, 0x2bfb2bc9, 
0x2c2d2bfb, 0x2c602c2d, 0x2c922c60, 0x2cc42c92, 0x2cf62cc4, 0x2d292cf6, 0x2d5b2d29, 0x2d8d2d5b, 
0x2dc02d8d, 0x2df22dc0, 0x2e242df2, 0x2e562e24, 0x2e892e56, 0x2ebb2e89, 0x2eed2ebb, 0x2f1f2eed, 
0x2f522f1f, 0x2f842f52, 0x2fb62f84, 0x2fe82fb6, 0x301b2fe8, 0x304d301b, 0x307f304d, 0x30b1307f, 
0x30e430b1, 0x311630e4, 0x31483116, 0x317b3148, 0x31ad317b, 0x31df31ad, 0x321131df, 0x32443211, 
0x32763244, 0x32a83276, 0x32da32a8, 0x330d32da, 0x333f330d, 0x3371333f, 0x33a33371, 0x33d633a3, 
0x340833d6, 0x343a3408, 0x346c343a, 0x349f346c, 0x34d1349f, 0x350334d1, 0x35363503, 0x35683536, 
0x359a3568, 0x35cc359a, 0x35ff35cc, 0x363135ff, 0x36633631, 0x36953663, 0x36c83695, 0x36fa36c8, 
0x372c36fa, 0x375e372c, 0x3791375e, 0x37c33791, 0x37f537c3, 0x382737f5, 0x385a3827, 0x388c385a, 
0x38be388c, 0x38f138be, 0x392338f1, 0x39553923, 0x39873955, 0x39ba3987, 0x39ec39ba, 0x3a1e39ec, 
0x3a503a1e, 0x3a833a50, 0x3ab53a83, 0x3ae73ab5, 0x3b193ae7, 0x3b4c3b19, 0x3b7e3b4c, 0x3bb03b7e, 
0x3be33bb0, 0x3c153be3, 0x3c473c15, 0x3c793c47, 0x3cac3c79, 0x3cde3cac, 0x3d103cde, 0x3d423d10, 
0x3d753d42, 0x3da73d75, 0x3dd93da7, 0x3e0b3dd9, 0x3e3e3e0b, 0x3e703e3e, 0x3ea23e70, 0x3ed43ea2, 
0x3f073ed4, 0x3f393f07, 0x3f6b3f39, 0x3f9e3f6b, 0x3fd03f9e, 0x40023fd0, 0x40344002, 0x40674034, 
0x40994067, 0x40cb4099, 0x40fd40cb, 0x413040fd, 0x41624130, 0x41944162, 0x41c64194, 0x41f941c6, 
0x422b41f9, 0x425d422b, 0x428f425d, 0x42c2428f, 0x42f442c2, 0x432642f4, 0x43594326, 0x438b4359, 
0x43bd438b, 0x43ef43bd, 0x442243ef, 0x44544422, 0x44864454, 0x44b84486, 0x44eb44b8, 0x451d44eb, 
0x454f451d, 0x4581454f, 0x45b44581, 0x45e645b4, 0x461845e6, 0x464a4618, 0x467d464a, 0x46af467d, 
0x46e146af, 0x471446e1, 0x47464714, 0x47784746, 0x47aa4778, 0x47dd47aa, 0x480f47dd, 0x4841480f, 
0x48734841, 0x48a64873, 0x48d848a6, 0x490a48d8, 0x493c490a, 0x496f493c, 0x49a1496f, 0x49d349a1, 
0x4a0549d3, 0x4a384a05, 0x4a6a4a38, 0x4a9c4a6a, 0x4acf4a9c, 0x4b014acf, 0x4b334b01, 0x4b654b33, 
0x4b984b65, 0x4bca4b98, 0x4bfc4bca, 0x4c2e4bfc, 0x4c614c2e, 0x4c934c61, 0x4cc54c93, 0x4cf74cc5, 
0x4d2a4cf7, 0x4d5c4d2a, 0x4d8e4d5c, 0x4dc14d8e, 0x4df34dc1, 0x4e254df3, 0x4e574e25, 0x4e8a4e57, 
0x4ebc4e8a, 0x4eee4ebc, 0x4f204eee, 0x4f534f20, 0x4f854f53, 0x4fb74f85, 0x4fe94fb7, 0x501c4fe9, 
0x504e501c, 0x5080504e, 0x50b25080, 0x50e550b2, 0x511750e5, 0x51495117, 0x517c5149, 0x51ae517c, 
0x51e051ae, 0x521251e0, 0x52455212, 0x52775245, 0x52a95277, 0x52db52a9, 0x530e52db, 0x5340530e, 
0x53725340, 0x53a45372, 0x53d753a4, 0x540953d7, 0x543b5409, 0x546d543b, 0x54a0546d, 0x54d254a0, 
0x550454d2, 0x55375504, 0x55695537, 0x559b5569, 0x55cd559b, 0x560055cd, 0x56325600, 0x56645632, 
0x56965664, 0x56c95696, 0x56fb56c9, 0x572d56fb, 0x575f572d, 0x5792575f, 0x57c45792, 0x57f657c4, 
0x582857f6, 0x585b5828, 0x588d585b, 0x58bf588d, 0x58f258bf, 0x592458f2, 0x59565924, 0x59885956, 
0x59bb5988, 0x59ed59bb, 0x5a1f59ed, 0x5a515a1f, 0x5a845a51, 0x5ab65a84, 0x5ae85ab6, 0x5b1a5ae8, 
0x5b4d5b1a, 0x5b7f5b4d, 0x5bb15b7f, 0x5be35bb1, 0x5c165be3, 0x5c485c16, 0x5c7a5c48, 0x5cad5c7a, 
0x5cdf5cad, 0x5d115cdf, 0x5d435d11, 0x5d765d43, 0x5da85d76, 0x5dda5da8, 0x5e0c5dda, 0x5e3f5e0c, 
0x5e715e3f, 0x5ea35e71, 0x5ed55ea3, 0x5f085ed5, 0x5f3a5f08, 0x5f6c5f3a, 0x5f9e5f6c, 0x5fd15f9e, 
0x60035fd1, 0x60356003, 0x60686035, 0x609a6068, 0x60cc609a, 0x60fe60cc, 0x613160fe, 0x61636131, 
0x61956163, 0x61c76195, 0x61fa61c7, 0x622c61fa, 0x625f622c, 0x6290625f, 0x62c36290, 0x62f562c3, 
0x632862f5, 0x63596328, 0x638c6359, 0x63bd638c, 0x63f163bd, 0x642263f1, 0x64576422, 0x647c6457, 
0x6457647c, 0x64226457, 0x63f16422, 0x63bd63f1, 0x638c63bd, 0x6359638c, 0x63286359, 0x62f56328, 
0x62c362f5, 0x629062c3, 0x625f6290, 0x622c625f, 0x61fa622c, 0x61c761fa, 0x619561c7, 0x61636195, 
0x61316163, 0x60fe6131, 0x60cc60fe, 0x609a60cc, 0x6068609a, 0x60356068, 0x60036035, 0x5fd16003, 
0x5f9e5fd1, 0x5f6c5f9e, 0x5f3a5f6c, 0x5f085f3a, 0x5ed55f08, 0x5ea35ed5, 0x5e715ea3, 0x5e3f5e71, 
0x5e0c5e3f, 0x5dda5e0c, 0x5da85dda, 0x5d765da8, 0x5d435d76, 0x5d115d43, 0x5cdf5d11, 0x5cad5cdf, 
0x5c7a5cad, 0x5c485c7a, 0x5c165c48, 0x5be35c16, 0x5bb15be3, 0x5b7f5bb1, 0x5b4d5b7f, 0x5b1a5b4d, 
0x5ae85b1a, 0x5ab65ae8, 0x5a845ab6, 0x5a515a84, 0x5a1f5a51, 0x59ed5a1f, 0x59bb59ed, 0x598859bb, 
0x59565988, 0x59245956, 0x58f25924, 0x58bf58f2, 0x588d58bf, 0x585b588d, 0x5828585b, 0x57f65828, 
0x57c457f6, 0x579257c4, 0x575f5792, 0x572d575f, 0x56fb572d, 0x56c956fb, 0x569656c9, 0x56645696, 
0x56325664, 0x56005632, 0x55cd5600, 0x559b55cd, 0x5569559b, 0x55375569, 0x55045537, 0x54d25504, 
0x54a054d2, 0x546d54a0, 0x543b546d, 0x5409543b, 0x53d75409, 0x53a453d7, 0x537253a4, 0x53405372, 
0x530e5340, 0x52db530e, 0x52a952db, 0x527752a9, 0x52455277, 0x52125245, 0x51e05212, 0x51ae51e0, 
0x517c51ae, 0x5149517c, 0x51175149, 0x50e55117, 0x50b250e5, 0x508050b2, 0x504e5080, 0x501c504e, 
0x4fe9501c, 0x4fb74fe9, 0x4f854fb7, 0x4f534f85, 0x4f204f53, 0x4eee4f20, 0x4ebc4eee, 0x4e8a4ebc, 
0x4e574e8a, 0x4e254e57, 0x4df34e25, 0x4dc14df3, 0x4d8e4dc1, 0x4d5c4d8e, 0x4d2a4d5c, 0x4cf74d2a, 
0x4cc54cf7, 0x4c934cc5, 0x4c614c93, 0x4c2e4c61, 0x4bfc4c2e, 0x4bca4bfc, 0x4b984bca, 0x4b654b98, 
0x4b334b65, 0x4b014b33, 0x4acf4b01, 0x4a9c4acf, 0x4a6a4a9c, 0x4a384a6a, 0x4a054a38, 0x49d34a05, 
0x49a149d3, 0x496f49a1, 0x493c496f, 0x490a493c, 0x48d8490a, 0x48a648d8, 0x487348a6, 0x48414873, 
0x480f4841, 0x47dd480f, 0x47aa47dd, 0x477847aa, 0x47464778, 0x47144746, 0x46e14714, 0x46af46e1, 
0x467d46af, 0x464a467d, 0x4618464a, 0x45e64618, 0x45b445e6, 0x458145b4, 0x454f4581, 0x451d454f, 
0x44eb451d, 0x44b844eb, 0x448644b8, 0x44544486, 0x44224454, 0x43ef4422, 0x43bd43ef, 0x438b43bd, 
0x4359438b, 0x43264359, 0x42f44326, 0x42c242f4, 0x428f42c2, 0x425d428f, 0x422b425d, 0x41f9422b, 
0x41c641f9, 0x419441c6, 0x41624194, 0x41304162, 0x40fd4130, 0x40cb40fd, 0x409940cb, 0x40674099, 
0x40344067, 0x40024034, 0x3fd04002, 0x3f9e3fd0, 0x3f6b3f9e, 0x3f393f6b, 0x3f073f39, 0x3ed43f07, 
0x3ea23ed4, 0x3e703ea2, 0x3e3e3e70, 0x3e0b3e3e, 0x3dd93e0b, 0x3da73dd9, 0x3d753da7, 0x3d423d75, 
0x3d103d42, 0x3cde3d10, 0x3cac3cde, 0x3c793cac, 0x3c473c79, 0x3c153c47, 0x3be33c15, 0x3bb03be3, 
0x3b7e3bb0, 0x3b4c3b7e, 0x3b193b4c, 0x3ae73b19, 0x3ab53ae7, 0x3a833ab5, 0x3a503a83, 0x3a1e3a50, 
0x39ec3a1e, 0x39ba39ec, 0x398739ba, 0x39553987, 0x39233955, 0x38f13923, 0x38be38f1, 0x388c38be, 
0x385a388c, 0x3827385a, 0x37f53827, 0x37c337f5, 0x379137c3, 0x375e3791, 0x372c375e, 0x36fa372c, 
0x36c836fa, 0x369536c8, 0x36633695, 0x36313663, 0x35ff3631, 0x35cc35ff, 0x359a35cc, 0x3568359a, 
0x35363568, 0x35033536, 0x34d13503, 0x349f34d1, 0x346c349f, 0x343a346c, 0x3408343a, 0x33d63408, 
0x33a333d6, 0x337133a3, 0x333f3371, 0x330d333f, 0x32da330d, 0x32a832da, 0x327632a8, 0x32443276, 
0x32113244, 0x31df3211, 0x31ad31df, 0x317b31ad, 0x3148317b, 0x31163148, 0x30e43116, 0x30b130e4, 
0x307f30b1, 0x304d307f, 0x301b304d, 0x2fe8301b, 0x2fb62fe8, 0x2f842fb6, 0x2f522f84, 0x2f1f2f52, 
0x2eed2f1f, 0x2ebb2eed, 0x2e892ebb, 0x2e562e89, 0x2e242e56, 0x2df22e24, 0x2dc02df2, 0x2d8d2dc0, 
0x2d5b2d8d, 0x2d292d5b, 0x2cf62d29, 0x2cc42cf6, 0x2c922cc4, 0x2c602c92, 0x2c2d2c60, 0x2bfb2c2d, 
0x2bc92bfb, 0x2b972bc9, 0x2b642b97, 0x2b322b64, 0x2b002b32, 0x2ace2b00, 0x2a9b2ace, 0x2a692a9b, 
0x2a372a69, 0x2a042a37, 0x29d22a04, 0x29a029d2, 0x296e29a0, 0x293b296e, 0x2909293b, 0x28d72909, 
0x28a528d7, 0x287228a5, 0x28402872, 0x280e2840, 0x27dc280e, 0x27a927dc, 0x277727a9, 0x27452777, 
0x27132745, 0x26e02713, 0x26ae26e0, 0x267c26ae, 0x2649267c, 0x26172649, 0x25e52617, 0x25b325e5, 
0x258025b3, 0x254e2580, 0x251c254e, 0x24ea251c, 0x24b724ea, 0x248524b7, 0x24532485, 0x24212453, 
0x23ee2421, 0x23bc23ee, 0x238a23bc, 0x2358238a, 0x23252358, 0x22f32325, 0x22c122f3, 0x228e22c1, 
0x225c228e, 0x222a225c, 0x21f8222a, 0x21c521f8, 0x219321c5, 0x21612193, 0x212f2161, 0x20fc212f, 
0x20ca20fc, 0x209820ca, 0x20662098, 0x20332066, 0x20012033, 0x1fcf2001, 0x1f9d1fcf, 0x1f6a1f9d, 
0x1f381f6a, 0x1f061f38, 0x1ed31f06, 0x1ea11ed3, 0x1e6f1ea1, 0x1e3d1e6f, 0x1e0a1e3d, 0x1dd81e0a, 
0x1da61dd8, 0x1d741da6, 0x1d411d74, 0x1d0f1d41, 0x1cdd1d0f, 0x1cab1cdd, 0x1c781cab, 0x1c461c78, 
0x1c141c46, 0x1be11c14, 0x1baf1be1, 0x1b7d1baf, 0x1b4b1b7d, 0x1b181b4b, 0x1ae61b18, 0x1ab41ae6, 
0x1a821ab4, 0x1a4f1a82, 0x1a1d1a4f, 0x19eb1a1d, 0x19b919eb, 0x198619b9, 0x19541986, 0x19221954, 
0x18f01922, 0x18bd18f0, 0x188b18bd, 0x1859188b, 0x18261859, 0x17f41826, 0x17c217f4, 0x179017c2, 
0x175d1790, 0x172b175d, 0x16f9172b, 0x16c716f9, 0x169416c7, 0x16621694, 0x16301662, 0x15fe1630, 
0x15cb15fe, 0x159915cb, 0x15671599, 0x15351567, 0x15021535, 0x14d01502, 0x149e14d0, 0x146b149e, 
0x1439146b, 0x14071439, 0x13d51407, 0x13a213d5, 0x137013a2, 0x133e1370, 0x130c133e, 0x12d9130c, 
0x12a712d9, 0x127512a7, 0x12431275, 0x12101243, 0x11de1210, 0x11ac11de, 0x117a11ac, 0x1147117a, 
0x11151147, 0x10e31115, 0x10b010e3, 0x107e10b0, 0x104c107e, 0x101a104c, 0x0fe7101a, 0x0fb50fe7, 
0x0f830fb5, 0x0f510f83, 0x0f1e0f51, 0x0eec0f1e, 0x0eba0eec, 0x0e880eba, 0x0e550e88, 0x0e230e55, 
0x0df10e23, 0x0dbe0df1, 0x0d8c0dbe, 0x0d5a0d8c, 0x0d280d5a, 0x0cf50d28, 0x0cc30cf5, 0x0c910cc3, 
0x0c5f0c91, 0x0c2c0c5f, 0x0bfa0c2c, 0x0bc80bfa, 0x0b960bc8, 0x0b630b96, 0x0b310b63, 0x0aff0b31, 
0x0acd0aff, 0x0a9a0acd, 0x0a680a9a, 0x0a360a68, 0x0a030a36, 0x09d10a03, 0x099f09d1, 0x096d099f, 
0x093a096d, 0x0908093a, 0x08d60908, 0x08a408d6, 0x087108a4, 0x083f0871, 0x080d083f, 0x07db080d, 
0x07a807db, 0x077607a8, 0x07440776, 0x07120744, 0x06df0712, 0x06ad06df, 0x067b06ad, 0x0648067b, 
0x06160648, 0x05e40616, 0x05b205e4, 0x057f05b2, 0x054d057f, 0x051b054d, 0x04e9051b, 0x04b604e9, 
0x048404b6, 0x04520484, 0x04200452, 0x03ed0420, 0x03bb03ed, 0x038903bb, 0x03560389, 0x03240356, 
0x02f20324, 0x02c002f2, 0x028d02c0, 0x025b028d, 0x0229025b, 0x01f70229, 0x01c401f7, 0x019201c4, 
0x01600192, 0x012e0160, 0x00fb012e, 0x00c900fb, 0x009700c9, 0x00650097, 0x00320065, 0x00000032, 
},
// Table 2, base frequency 51.913087
{
0xffce0000, 0xff9bffce, 0xff69ff9b, 0xff37ff69, 0xff05ff37, 0xfed2ff05, 0xfea0fed2, 0xfe6efea0, 
0xfe3cfe6e, 0xfe09fe3c, 0xfdd7fe09, 0xfda5fdd7, 0xfd73fda5, 0xfd40fd73, 0xfd0efd40, 0xfcdcfd0e, 
0xfca9fcdc, 0xfc77fca9, 0xfc45fc77, 0xfc13fc45, 0xfbe0fc13, 0xfbaefbe0, 0xfb7cfbae, 0xfb4afb7c, 
0xfb17fb4a, 0xfae5fb17, 0xfab3fae5, 0xfa81fab3, 0xfa4efa81, 0xfa1cfa4e, 0xf9eafa1c, 0xf9b8f9ea, 
0xf985f9b8, 0xf953f985, 0xf921f953, 0xf8eff921, 0xf8bcf8ef, 0xf88af8bc, 0xf858f88a, 0xf825f858, 
0xf7f3f825, 0xf7c1f7f3, 0xf78ff7c1, 0xf75cf78f, 0xf72af75c, 0xf6f8f72a, 0xf6c6f6f8, 0xf693f6c6, 
0xf661f693, 0xf62ff661, 0xf5fdf62f, 0xf5caf5fd, 0xf598f5ca, 0xf566f598, 0xf533f566, 0xf501f533, 
0xf4cff501, 0xf49df4cf, 0xf46af49d, 0xf438f46a, 0xf406f438, 0xf3d4f406, 0xf3a1f3d4, 0xf36ff3a1, 
0xf33df36f, 0xf30bf33d, 0xf2d8f30b, 0xf2a6f2d8, 0xf274f2a6, 0xf241f274, 0xf20ff241, 0xf1ddf20f, 
0xf1abf1dd, 0xf178f1ab, 0xf146f178, 0xf114f146, 0xf0e2f114, 0xf0aff0e2, 0xf07df0af, 0xf04bf07d, 
0xf019f04b, 0xefe6f019, 0xefb4efe6, 0xef82efb4, 0xef50ef82, 0xef1def50, 0xeeebef1d, 0xeeb9eeeb, 
0xee87eeb9, 0xee54ee87, 0xee22ee54, 0xedf0ee22, 0xedbdedf0, 0xed8bedbd, 0xed59ed8b, 0xed27ed59, 
0xecf4ed27, 0xecc2ecf4, 0xec90ecc2, 0xec5eec90, 0xec2bec5e, 0xebf9ec2b, 0xebc7ebf9, 0xeb95ebc7, 
0xeb62eb95, 0xeb30eb62, 0xeafeeb30, 0xeacbeafe, 0xea99eacb, 0xea67ea99, 0xea35ea67, 0xea02ea35, 
0xe9d0ea02, 0xe99ee9d0, 0xe96ce99e, 0xe939e96c, 0xe907e939, 0xe8d5e907, 0xe8a3e8d5, 0xe870e8a3, 
0xe83ee870, 0xe80ce83e, 0xe7d9e80c, 0xe7a7e7d9, 0xe775e7a7, 0xe743e775, 0xe711e743, 0xe6dee711, 
0xe6ace6de, 0xe67ae6ac, 0xe647e67a, 0xe615e647, 0xe5e3e615, 0xe5b1e5e3, 0xe57ee5b1, 0xe54ce57e, 
0xe51ae54c, 0xe4e8e51a, 0xe4b5e4e8, 0xe483e4b5, 0xe451e483, 0xe41fe451, 0xe3ece41f, 0xe3bae3ec, 
0xe388e3ba, 0xe355e388, 0xe323e355, 0xe2f1e323, 0xe2bfe2f1, 0xe28ce2bf, 0xe25ae28c, 0xe228e25a, 
0xe1f6e228, 0xe1c3e1f6, 0xe191e1c3, 0xe15fe191, 0xe12de15f, 0xe0fae12d, 0xe0c8e0fa, 0xe096e0c8, 
0xe063e096, 0xe031e063, 0xdfffe031, 0xdfcddfff, 0xdf9adfcd, 0xdf68df9a, 0xdf36df68, 0xdf04df36, 
0xded1df04, 0xde9fded1, 0xde6dde9f, 0xde3bde6d, 0xde08de3b, 0xddd6de08, 0xdda4ddd6, 0xdd71dda4, 
0xdd3fdd71, 0xdd0ddd3f, 0xdcdbdd0d, 0xdca9dcdb, 0xdc76dca9, 0xdc44dc76, 0xdc12dc44, 0xdbe0dc12, 
0xdbaddbe0, 0xdb7bdbad, 0xdb49db7b, 0xdb16db49, 0xdae4db16, 0xdab2dae4, 0xda80dab2, 0xda4dda80, 
0xda1bda4d, 0xd9e9da1b, 0xd9b7d9e9, 0xd984d9b7, 0xd952d984, 0xd920d952, 0xd8edd920, 0xd8bbd8ed, 
0xd889d8bb, 0xd857d889, 0xd824d857, 0xd7f2d824, 0xd7c0d7f2, 0xd78ed7c0, 0xd75bd78e, 0xd729d75b, 
0xd6f7d729, 0xd6c5d6f7, 0xd692d6c5, 0xd660d692, 0xd62ed660, 0xd5fbd62e, 0xd5c9d5fb, 0xd597d5c9, 
0xd565d597, 0xd532d565, 0xd500d532, 0xd4ced500, 0xd49cd4ce, 0xd469d49c, 0xd437d469, 0xd405d437, 
0xd3d3d405, 0xd3a0d3d3, 0xd36ed3a0, 0xd33cd36e, 0xd309d33c, 0xd2d7d309, 0xd2a5d2d7, 0xd273d2a5, 
0xd241d273, 0xd20ed241, 0xd1dcd20e, 0xd1aad1dc, 0xd178d1aa, 0xd145d178, 0xd113d145, 0xd0e1d113, 
0xd0aed0e1, 0xd07cd0ae, 0xd04ad07c, 0xd018d04a, 0xcfe5d018, 0xcfb3cfe5, 0xcf81cfb3, 0xcf4fcf81, 
0xcf1ccf4f, 0xceeacf1c, 0xceb8ceea, 0xce85ceb8, 0xce53ce85, 0xce21ce53, 0xcdefce21, 0xcdbccdef, 
0xcd8acdbc, 0xcd58cd8a, 0xcd26cd58, 0xccf3cd26, 0xccc1ccf3, 0xcc8fccc1, 0xcc5dcc8f, 0xcc2acc5d, 
0xcbf8cc2a, 0xcbc6cbf8, 0xcb93cbc6, 0xcb61cb93, 0xcb2fcb61, 0xcafdcb2f, 0xcacacafd, 0xca98caca, 
0xca66ca98, 0xca34ca66, 0xca02ca34, 0xc9cfca02, 0xc99dc9cf, 0xc96bc99d, 0xc938c96b, 0xc906c938, 
0xc8d4c906, 0xc8a1c8d4, 0xc86fc8a1, 0xc83dc86f, 0xc80bc83d, 0xc7d9c80b, 0xc7a6c7d9, 0xc774c7a6, 
0xc742c774, 0xc710c742, 0xc6ddc710, 0xc6abc6dd, 0xc679c6ab, 0xc646c679, 0xc614c646, 0xc5e2c614, 
0xc5b0c5e2, 0xc57dc5b0, 0xc54bc57d, 0xc519c54b, 0xc4e7c519, 0xc4b4c4e7, 0xc482c4b4, 0xc450c482, 
0xc41dc450, 0xc3ebc41d, 0xc3b9c3eb, 0xc387c3b9, 0xc354c387, 0xc322c354, 0xc2f0c322, 0xc2bec2f0, 
0xc28bc2be, 0xc259c28b, 0xc227c259, 0xc1f5c227, 0xc1c2c1f5, 0xc190c1c2, 0xc15ec190, 0xc12bc15e, 
0xc0f9c12b, 0xc0c7c0f9, 0xc095c0c7, 0xc062c095, 0xc030c062, 0xbffec030, 0xbfccbffe, 0xbf9abfcc, 
0xbf67bf9a, 0xbf35bf67, 0xbf03bf35, 0xbed0bf03, 0xbe9ebed0, 0xbe6cbe9e, 0xbe39be6c, 0xbe07be39, 
0xbdd5be07, 0xbda3bdd5, 0xbd71bda3, 0xbd3ebd71, 0xbd0cbd3e, 0xbcdabd0c, 0xbca8bcda, 0xbc75bca8, 
0xbc43bc75, 0xbc11bc43, 0xbbdebc11, 0xbbacbbde, 0xbb7abbac, 0xbb48bb7a, 0xbb15bb48, 0xbae3bb15, 
0xbab1bae3, 0xba7fbab1, 0xba4cba7f, 0xba1aba4c, 0xb9e8ba1a, 0xb9b5b9e8, 0xb983b9b5, 0xb951b983, 
0xb91fb951, 0xb8ecb91f, 0xb8bab8ec, 0xb888b8ba, 0xb856b888, 0xb823b856, 0xb7f1b823, 0xb7bfb7f1, 
0xb78db7bf, 0xb75bb78d, 0xb728b75b, 0xb6f6b728, 0xb6c3b6f6, 0xb691b6c3, 0xb65fb691, 0xb62db65f, 
0xb5fab62d, 0xb5c8b5fa, 0xb596b5c8, 0xb564b596, 0xb532b564, 0xb4ffb532, 0xb4cdb4ff, 0xb49bb4cd, 
0xb468b49b, 0xb436b468, 0xb404b436, 0xb3d1b404, 0xb39fb3d1, 0xb36db39f, 0xb33bb36d, 0xb309b33b, 
0xb2d6b309, 0xb2a4b2d6, 0xb272b2a4, 0xb240b272, 0xb20db240, 0xb1dbb20d, 0xb1a8b1db, 0xb176b1a8, 
0xb144b176, 0xb112b144, 0xb0e0b112, 0xb0adb0e0, 0xb07bb0ad, 0xb049b07b, 0xb017b049, 0xafe4b017, 
0xafb2afe4, 0xaf80afb2, 0xaf4daf80, 0xaf1baf4d, 0xaee9af1b, 0xaeb7aee9, 0xae84aeb7, 0xae52ae84, 
0xae20ae52, 0xadeeae20, 0xadbbadee, 0xad89adbb, 0xad57ad89, 0xad25ad57, 0xacf3ad25, 0xacc0acf3, 
0xac8eacc0, 0xac5bac8e, 0xac29ac5b, 0xabf7ac29, 0xabc5abf7, 0xab92abc5, 0xab60ab92, 0xab2eab60, 
0xaafcab2e, 0xaacaaafc, 0xaa97aaca, 0xaa65aa97, 0xaa32aa65, 0xaa00aa32, 0xa9ceaa00, 0xa99ca9ce, 
0xa969a99c, 0xa937a969, 0xa905a937, 0xa8d3a905, 0xa8a1a8d3, 0xa86ea8a1, 0xa83ca86e, 0xa80aa83c, 
0xa7d8a80a, 0xa7a6a7d8, 0xa773a7a6, 0xa740a773, 0xa70ea740, 0xa6dca70e, 0xa6aaa6dc, 0xa678a6aa, 
0xa645a678, 0xa613a645, 0xa5e1a613, 0xa5afa5e1, 0xa57da5af, 0xa54aa57d, 0xa517a54a, 0xa4e5a517, 
0xa4b4a4e5, 0xa481a4b4, 0xa44fa481, 0xa41ca44f, 0xa3eaa41c, 0xa3b8a3ea, 0xa386a3b8, 0xa354a386, 
0xa321a354, 0xa2eea321, 0xa2bda2ee, 0xa28ba2bd, 0xa258a28b, 0xa225a258, 0xa1f3a225, 0xa1c1a1f3, 
0xa190a1c1, 0xa15da190, 0xa12aa15d, 0xa0f7a12a, 0xa0c6a0f7, 0xa094a0c6, 0xa062a094, 0xa02fa062, 
0x9ffca02f, 0x9fca9ffc, 0x9f999fca, 0x9f679f99, 0x9f349f67, 0x9f019f34, 0x9ece9f01, 0x9e9d9ece, 
0x9e6c9e9d, 0x9e3a9e6c, 0x9e069e3a, 0x9dd29e06, 0x9da19dd2, 0x9d719da1, 0x9d3f9d71, 0x9d0b9d3f, 
0x9cd69d0b, 0x9ca59cd6, 0x9c779ca5, 0x9c479c77, 0x9c109c47, 0x9bd59c10, 0x9ba69bd5, 0x9b949ba6, 
0x9ba69b94, 0x9bd59ba6, 0x9c109bd5, 0x9c479c10, 0x9c779c47, 0x9ca59c77, 0x9cd69ca5, 0x9d0b9cd6, 
0x9d3f9d0b, 0x9d719d3f, 0x9da19d71, 0x9dd29da1, 0x9e069dd2, 0x9e3a9e06, 0x9e6c9e3a, 0x9e9d9e6c, 
0x9ece9e9d, 0x9f019ece, 0x9f349f01, 0x9f679f34, 0x9f999f67, 0x9fca9f99, 0x9ffc9fca, 0xa02f9ffc, 
0xa062a02f, 0xa094a062, 0xa0c6a094, 0xa0f7a0c6, 0xa12aa0f7, 0xa15da12a, 0xa190a15d, 0xa1c1a190, 
0xa1f3a1c1, 0xa225a1f3, 0xa258a225, 0xa28ba258, 0xa2bda28b, 0xa2eea2bd, 0xa321a2ee, 0xa354a321, 
0xa386a354, 0xa3b8a386, 0xa3eaa3b8, 0xa41ca3ea, 0xa44fa41c, 0xa481a44f, 0xa4b4a481, 0xa4e5a4b4, 
0xa517a4e5, 0xa54aa517, 0xa57da54a, 0xa5afa57d, 0xa5e1a5af, 0xa613a5e1, 0xa645a613, 0xa678a645, 
0xa6aaa678, 0xa6dca6aa, 0xa70ea6dc, 0xa740a70e, 0xa773a740, 0xa7a6a773, 0xa7d8a7a6, 0xa80aa7d8, 
0xa83ca80a, 0xa86ea83c, 0xa8a1a86e, 0xa8d3a8a1, 0xa905a8d3, 0xa937a905, 0xa969a937, 0xa99ca969, 
0xa9cea99c, 0xaa00a9ce, 0xaa32aa00, 0xaa65aa32, 0xaa97aa65, 0xaacaaa97, 0xaafcaaca, 0xab2eaafc, 
0xab60ab2e, 0xab92ab60, 0xabc5ab92, 0xabf7abc5, 0xac29abf7, 0xac5bac29, 0xac8eac5b, 0xacc0ac8e, 
0xacf3acc0, 0xad25acf3, 0xad57ad25, 0xad89ad57, 0xadbbad89, 0xadeeadbb, 0xae20adee, 0xae52ae20, 
0xae84ae52, 0xaeb7ae84, 0xaee9aeb7, 0xaf1baee9, 0xaf4daf1b, 0xaf80af4d, 0xafb2af80, 0xafe4afb2, 
0xb017afe4, 0xb049b017, 0xb07bb049, 0xb0adb07b, 0xb0e0b0ad, 0xb112b0e0, 0xb144b112, 0xb176b144, 
0xb1a8b176, 0xb1dbb1a8, 0xb20db1db, 0xb240b20d, 0xb272b240, 0xb2a4b272, 0xb2d6b2a4, 0xb309b2d6, 
0xb33bb309, 0xb36db33b, 0xb39fb36d, 0xb3d1b39f, 0xb404b3d1, 0xb436b404, 0xb468b436, 0xb49bb468, 
0xb4cdb49b, 0xb4ffb4cd, 0xb532b4ff, 0xb564b532, 0xb596b564, 0xb5c8b596, 0xb5fab5c8, 0xb62db5fa, 
0xb65fb62d, 0xb691b65f, 0xb6c3b691, 0xb6f6b6c3, 0xb728b6f6, 0xb75bb728, 0xb78db75b, 0xb7bfb78d, 
0xb7f1b7bf, 0xb823b7f1, 0xb856b823, 0xb888b856, 0xb8bab888, 0xb8ecb8ba, 0xb91fb8ec, 0xb951b91f, 
0xb983b951, 0xb9b5b983, 0xb9e8b9b5, 0xba1ab9e8, 0xba4cba1a, 0xba7fba4c, 0xbab1ba7f, 0xbae3bab1, 
0xbb15bae3, 0xbb48bb15, 0xbb7abb48, 0xbbacbb7a, 0xbbdebbac, 0xbc11bbde, 0xbc43bc11, 0xbc75bc43, 
0xbca8bc75, 0xbcdabca8, 0xbd0cbcda, 0xbd3ebd0c, 0xbd71bd3e, 0xbda3bd71, 0xbdd5bda3, 0xbe07bdd5, 
0xbe39be07, 0xbe6cbe39, 0xbe9ebe6c, 0xbed0be9e, 0xbf03bed0, 0xbf35bf03, 0xbf67bf35, 0xbf9abf67, 
0xbfccbf9a, 0xbffebfcc, 0xc030bffe, 0xc062c030, 0xc095c062, 0xc0c7c095, 0xc0f9c0c7, 0xc12bc0f9, 
0xc15ec12b, 0xc190c15e, 0xc1c2c190, 0xc1f5c1c2, 0xc227c1f5, 0xc259c227, 0xc28bc259, 0xc2bec28b, 
0xc2f0c2be, 0xc322c2f0, 0xc354c322, 0xc387c354, 0xc3b9c387, 0xc3ebc3b9, 0xc41dc3eb, 0xc450c41d, 
0xc482c450, 0xc4b4c482, 0xc4e7c4b4, 0xc519c4e7, 0xc54bc519, 0xc57dc54b, 0xc5b0c57d, 0xc5e2c5b0, 
0xc614c5e2, 0xc646c614, 0xc679c646, 0xc6abc679, 0xc6ddc6ab, 0xc710c6dd, 0xc742c710, 0xc774c742, 
0xc7a6c774, 0xc7d9c7a6, 0xc80bc7d9, 0xc83dc80b, 0xc86fc83d, 0xc8a1c86f, 0xc8d4c8a1, 0xc906c8d4, 
0xc938c906, 0xc96bc938, 0xc99dc96b, 0xc9cfc99d, 0xca02c9cf, 0xca34ca02, 0xca66ca34, 0xca98ca66, 
0xcacaca98, 0xcafdcaca, 0xcb2fcafd, 0xcb61cb2f, 0xcb93cb61, 0xcbc6cb93, 0xcbf8cbc6, 0xcc2acbf8, 
0xcc5dcc2a, 0xcc8fcc5d, 0xccc1cc8f, 0xccf3ccc1, 0xcd26ccf3, 0xcd58cd26, 0xcd8acd58, 0xcdbccd8a, 
0xcdefcdbc, 0xce21cdef, 0xce53ce21, 0xce85ce53, 0xceb8ce85, 0xceeaceb8, 0xcf1cceea, 0xcf4fcf1c, 
0xcf81cf4f, 0xcfb3cf81, 0xcfe5cfb3, 0xd018cfe5, 0xd04ad018, 0xd07cd04a, 0xd0aed07c, 0xd0e1d0ae, 
0xd113d0e1, 0xd145d113, 0xd178d145, 0xd1aad178, 0xd1dcd1aa, 0xd20ed1dc, 0xd241d20e, 0xd273d241, 
0xd2a5d273, 0xd2d7d2a5, 0xd309d2d7, 0xd33cd309, 0xd36ed33c, 0xd3a0d36e, 0xd3d3d3a0, 0xd405d3d3, 
0xd437d405, 0xd469d437, 0xd49cd469, 0xd4ced49c, 0xd500d4ce, 0xd532d500, 0xd565d532, 0xd597d565, 
0xd5c9d597, 0xd5fbd5c9, 0xd62ed5fb, 0xd660d62e, 0xd692d660, 0xd6c5d692, 0xd6f7d6c5, 0xd729d6f7, 
0xd75bd729, 0xd78ed75b, 0xd7c0d78e, 0xd7f2d7c0, 0xd824d7f2, 0xd857d824, 0xd889d857, 0xd8bbd889, 
0xd8edd8bb, 0xd920d8ed, 0xd952d920, 0xd984d952, 0xd9b7d984, 0xd9e9d9b7, 0xda1bd9e9, 0xda4dda1b, 
0xda80da4d, 0xdab2da80, 0xdae4dab2, 0xdb16dae4, 0xdb49db16, 0xdb7bdb49, 0xdbaddb7b, 0xdbe0dbad, 
0xdc12dbe0, 0xdc44dc12, 0xdc76dc44, 0xdca9dc76, 0xdcdbdca9, 0xdd0ddcdb, 0xdd3fdd0d, 0xdd71dd3f, 
0xdda4dd71, 0xddd6dda4, 0xde08ddd6, 0xde3bde08, 0xde6dde3b, 0xde9fde6d, 0xded1de9f, 0xdf04ded1, 
0xdf36df04, 0xdf68df36, 0xdf9adf68, 0xdfcddf9a, 0xdfffdfcd, 0xe031dfff, 0xe063e031, 0xe096e063, 
0xe0c8e096, 0xe0fae0c8, 0xe12de0fa, 0xe15fe12d, 0xe191e15f, 0xe1c3e191, 0xe1f6e1c3, 0xe228e1f6, 
0xe25ae228, 0xe28ce25a, 0xe2bfe28c, 0xe2f1e2bf, 0xe323e2f1, 0xe355e323, 0xe388e355, 0xe3bae388, 
0xe3ece3ba, 0xe41fe3ec, 0xe451e41f, 0xe483e451, 0xe4b5e483, 0xe4e8e4b5, 0xe51ae4e8, 0xe54ce51a, 
0xe57ee54c, 0xe5b1e57e, 0xe5e3e5b1, 0xe615e5e3, 0xe647e615, 0xe67ae647, 0xe6ace67a, 0xe6dee6ac, 
0xe711e6de, 0xe743e711, 0xe775e743, 0xe7a7e775, 0xe7d9e7a7, 0xe80ce7d9, 0xe83ee80c, 0xe870e83e, 
0xe8a3e870, 0xe8d5e8a3, 0xe907e8d5, 0xe939e907, 0xe96ce939, 0xe99ee96c, 0xe9d0e99e, 0xea02e9d0, 
0xea35ea02, 0xea67ea35, 0xea99ea67, 0xeacbea99, 0xeafeeacb, 0xeb30eafe, 0xeb62eb30, 0xeb95eb62, 
0xebc7eb95, 0xebf9ebc7, 0xec2bebf9, 0xec5eec2b, 0xec90ec5e, 0xecc2ec90, 0xecf4ecc2, 0xed27ecf4, 
0xed59ed27, 0xed8bed59, 0xedbded8b, 0xedf0edbd, 0xee22edf0, 0xee54ee22, 0xee87ee54, 0xeeb9ee87, 
0xeeebeeb9, 0xef1deeeb, 0xef50ef1d, 0xef82ef50, 0xefb4ef82, 0xefe6efb4, 0xf019efe6, 0xf04bf019, 
0xf07df04b, 0xf0aff07d, 0xf0e2f0af, 0xf114f0e2, 0xf146f114, 0xf178f146, 0xf1abf178, 0xf1ddf1ab, 
0xf20ff1dd, 0xf241f20f, 0xf274f241, 0xf2a6f274, 0xf2d8f2a6, 0xf30bf2d8, 0xf33df30b, 0xf36ff33d, 
0xf3a1f36f, 0xf3d4f3a1, 0xf406f3d4, 0xf438f406, 0xf46af438, 0xf49df46a, 0xf4cff49d, 0xf501f4cf, 
0xf533f501, 0xf566f533, 0xf598f566, 0xf5caf598, 0xf5fdf5ca, 0xf62ff5fd, 0xf661f62f, 0xf693f661, 
0xf6c6f693, 0xf6f8f6c6, 0xf72af6f8, 0xf75cf72a, 0xf78ff75c, 0xf7c1f78f, 0xf7f3f7c1, 0xf825f7f3, 
0xf858f825, 0xf88af858, 0xf8bcf88a, 0xf8eff8bc, 0xf921f8ef, 0xf953f921, 0xf985f953, 0xf9b8f985, 
0xf9eaf9b8, 0xfa1cf9ea, 0xfa4efa1c, 0xfa81fa4e, 0xfab3fa81, 0xfae5fab3, 0xfb17fae5, 0xfb4afb17, 
0xfb7cfb4a, 0xfbaefb7c, 0xfbe0fbae, 0xfc13fbe0, 0xfc45fc13, 0xfc77fc45, 0xfca9fc77, 0xfcdcfca9, 
0xfd0efcdc, 0xfd40fd0e, 0xfd73fd40, 0xfda5fd73, 0xfdd7fda5, 0xfe09fdd7, 0xfe3cfe09, 0xfe6efe3c, 
0xfea0fe6e, 0xfed2fea0, 0xff05fed2, 0xff37ff05, 0xff69ff37, 0xff9bff69, 0xffceff9b, 0x0000ffce, 
0x00320000, 0x00650032, 0x00970065, 0x00c90097, 0x00fb00c9, 0x012e00fb, 0x0160012e, 0x01920160, 
0x01c40192, 0x01f701c4, 0x022901f7, 0x025b0229, 0x028d025b, 0x02c0028d, 0x02f202c0, 0x032402f2, 
0x03570324, 0x03890357, 0x03bb0389, 0x03ed03bb, 0x042003ed, 0x04520420, 0x04840452, 0x04b60484, 
0x04e904b6, 0x051b04e9, 0x054d051b, 0x057f054d, 0x05b2057f, 0x05e405b2, 0x061605e4, 0x06480616, 
0x067b0648, 0x06ad067b, 0x06df06ad, 0x071106df, 0x07440711, 0x07760744, 0x07a80776, 0x07db07a8, 
0x080d07db, 0x083f080d, 0x0871083f, 0x08a40871, 0x08d608a4, 0x090808d6, 0x093a0908, 0x096d093a, 
0x099f096d, 0x09d1099f, 0x0a0309d1, 0x0a360a03, 0x0a680a36, 0x0a9a0a68, 0x0acd0a9a, 0x0aff0acd, 
0x0b310aff, 0x0b630b31, 0x0b960b63, 0x0bc80b96, 0x0bfa0bc8, 0x0c2c0bfa, 0x0c5f0c2c, 0x0c910c5f, 
0x0cc30c91, 0x0cf50cc3, 0x0d280cf5, 0x0d5a0d28, 0x0d8c0d5a, 0x0dbf0d8c, 0x0df10dbf, 0x0e230df1, 
0x0e550e23, 0x0e880e55, 0x0eba0e88, 0x0eec0eba, 0x0f1e0eec, 0x0f510f1e, 0x0f830f51, 0x0fb50f83, 
0x0fe70fb5, 0x101a0fe7, 0x104c101a, 0x107e104c, 0x10b0107e, 0x10e310b0, 0x111510e3, 0x11471115, 
0x11791147, 0x11ac1179, 0x11de11ac, 0x121011de, 0x12431210, 0x12751243, 0x12a71275, 0x12d912a7, 
0x130c12d9, 0x133e130c, 0x1370133e, 0x13a21370, 0x13d513a2, 0x140713d5, 0x14391407, 0x146b1439, 
0x149e146b, 0x14d0149e, 0x150214d0, 0x15351502, 0x15671535, 0x15991567, 0x15cb1599, 0x15fe15cb, 
0x163015fe, 0x16621630, 0x16941662, 0x16c71694, 0x16f916c7, 0x172b16f9, 0x175d172b, 0x1790175d, 
0x17c21790, 0x17f417c2, 0x182717f4, 0x18591827, 0x188b1859, 0x18bd188b, 0x18ef18bd, 0x192218ef, 
0x19541922, 0x19861954, 0x19b91986, 0x19eb19b9, 0x1a1d19eb, 0x1a4f1a1d, 0x1a821a4f, 0x1ab41a82, 
0x1ae61ab4, 0x1b181ae6, 0x1b4b1b18, 0x1b7d1b4b, 0x1baf1b7d, 0x1be11baf, 0x1c141be1, 0x1c461c14, 
0x1c781c46, 0x1cab1c78, 0x1cdd1cab, 0x1d0f1cdd, 0x1d411d0f, 0x1d741d41, 0x1da61d74, 0x1dd81da6, 
0x1e0a1dd8, 0x1e3d1e0a, 0x1e6f1e3d, 0x1ea11e6f, 0x1ed31ea1, 0x1f061ed3, 0x1f381f06, 0x1f6a1f38, 
0x1f9d1f6a, 0x1fcf1f9d, 0x20011fcf, 0x20332001, 0x20662033, 0x20982066, 0x20ca2098, 0x20fc20ca, 
0x212f20fc, 0x2161212f, 0x21932161, 0x21c52193, 0x21f821c5, 0x222a21f8, 0x225c222a, 0x228f225c, 
0x22c1228f, 0x22f322c1, 0x232522f3, 0x23572325, 0x238a2357, 0x23bc238a, 0x23ee23bc, 0x242023ee, 
0x24532420, 0x24852453, 0x24b72485, 0x24ea24b7, 0x251c24ea, 0x254e251c, 0x2580254e, 0x25b32580, 
0x25e525b3, 0x261725e5, 0x26492617, 0x267c2649, 0x26ae267c, 0x26e026ae, 0x271326e0, 0x27452713, 
0x27772745, 0x27a92777, 0x27dc27a9, 0x280e27dc, 0x2840280e, 0x28722840, 0x28a52872, 0x28d728a5, 
0x290928d7, 0x293b2909, 0x296e293b, 0x29a0296e, 0x29d229a0, 0x2a0529d2, 0x2a372a05, 0x2a692a37, 
0x2a9b2a69, 0x2ace2a9b, 0x2b002ace, 0x2b322b00, 0x2b642b32, 0x2b972b64, 0x2bc92b97, 0x2bfb2bc9, 
0x2c2d2bfb, 0x2c602c2d, 0x2c922c60, 0x2cc42c92, 0x2cf72cc4, 0x2d292cf7, 0x2d5b2d29, 0x2d8d2d5b, 
0x2dbf2d8d, 0x2df22dbf, 0x2e242df2, 0x2e562e24, 0x2e882e56, 0x2ebb2e88, 0x2eed2ebb, 0x2f1f2eed, 
0x2f522f1f, 0x2f842f52, 0x2fb62f84, 0x2fe82fb6, 0x301b2fe8, 0x304d301b, 0x307f304d, 0x30b1307f, 
0x30e430b1, 0x311630e4, 0x31483116, 0x317b3148, 0x31ad317b, 0x31df31ad, 0x321131df, 0x32443211, 
0x32763244, 0x32a83276, 0x32da32a8, 0x330d32da, 0x333f330d, 0x3371333f, 0x33a33371, 0x33d633a3, 
0x340833d6, 0x343a3408, 0x346d343a, 0x349f346d, 0x34d1349f, 0x350334d1, 0x35363503, 0x35683536, 
0x359a3568, 0x35cc359a, 0x35fe35cc, 0x363135fe, 0x36633631, 0x36953663, 0x36c83695, 0x36fa36c8, 
0x372c36fa, 0x375f372c, 0x3791375f, 0x37c33791, 0x37f537c3, 0x382737f5, 0x385a3827, 0x388c385a, 
0x38be388c, 0x38f038be, 0x392338f0, 0x39553923, 0x39873955, 0x39ba3987, 0x39ec39ba, 0x3a1e39ec, 
0x3a503a1e, 0x3a833a50, 0x3ab53a83, 0x3ae73ab5, 0x3b193ae7, 0x3b4c3b19, 0x3b7e3b4c, 0x3bb03b7e, 
0x3be33bb0, 0x3c153be3, 0x3c473c15, 0x3c793c47, 0x3cac3c79, 0x3cde3cac, 0x3d103cde, 0x3d423d10, 
0x3d753d42, 0x3da73d75, 0x3dd93da7, 0x3e0b3dd9, 0x3e3e3e0b, 0x3e703e3e, 0x3ea23e70, 0x3ed53ea2, 
0x3f073ed5, 0x3f393f07, 0x3f6b3f39, 0x3f9e3f6b, 0x3fd03f9e, 0x40023fd0, 0x40344002, 0x40664034, 
0x40994066, 0x40cb4099, 0x40fd40cb, 0x413040fd, 0x41624130, 0x41944162, 0x41c74194, 0x41f941c7, 
0x422b41f9, 0x425d422b, 0x428f425d, 0x42c2428f, 0x42f442c2, 0x432642f4, 0x43584326, 0x438b4358, 
0x43bd438b, 0x43ef43bd, 0x442243ef, 0x44544422, 0x44864454, 0x44b84486, 0x44eb44b8, 0x451d44eb, 
0x454f451d, 0x4581454f, 0x45b44581, 0x45e645b4, 0x461845e6, 0x464b4618, 0x467d464b, 0x46af467d, 
0x46e146af, 0x471446e1, 0x47464714, 0x47784746, 0x47aa4778, 0x47dd47aa, 0x480f47dd, 0x4841480f, 
0x48734841, 0x48a54873, 0x48d848a5, 0x490a48d8, 0x493d490a, 0x496f493d, 0x49a1496f, 0x49d349a1, 
0x4a0649d3, 0x4a384a06, 0x4a6a4a38, 0x4a9c4a6a, 0x4ace4a9c, 0x4b014ace, 0x4b334b01, 0x4b654b33, 
0x4b984b65, 0x4bca4b98, 0x4bfc4bca, 0x4c2f4bfc, 0x4c614c2f, 0x4c934c61, 0x4cc54c93, 0x4cf74cc5, 
0x4d2a4cf7, 0x4d5c4d2a, 0x4d8e4d5c, 0x4dc04d8e, 0x4df34dc0, 0x4e254df3, 0x4e584e25, 0x4e8a4e58, 
0x4ebc4e8a, 0x4eee4ebc, 0x4f204eee, 0x4f534f20, 0x4f854f53, 0x4fb74f85, 0x4fe94fb7, 0x501c4fe9, 
0x504e501c, 0x5080504e, 0x50b35080, 0x50e550b3, 0x511750e5, 0x51495117, 0x517c5149, 0x51ae517c, 
0x51e051ae, 0x521251e0, 0x52455212, 0x52775245, 0x52a95277, 0x52db52a9, 0x530d52db, 0x5340530d, 
0x53725340, 0x53a55372, 0x53d753a5, 0x540953d7, 0x543b5409, 0x546e543b, 0x54a0546e, 0x54d254a0, 
0x550454d2, 0x55365504, 0x55695536, 0x559b5569, 0x55ce559b, 0x560055ce, 0x56325600, 0x56645632, 
0x56975664, 0x56c95697, 0x56fb56c9, 0x572d56fb, 0x575f572d, 0x5792575f, 0x57c45792, 0x57f657c4, 
0x582857f6, 0x585a5828, 0x588d585a, 0x58c0588d, 0x58f258c0, 0x592458f2, 0x59565924, 0x59885956, 
0x59bb5988, 0x59ed59bb, 0x5a1f59ed, 0x5a515a1f, 0x5a835a51, 0x5ab65a83, 0x5ae95ab6, 0x5b1b5ae9, 
0x5b4c5b1b, 0x5b7f5b4c, 0x5bb15b7f, 0x5be45bb1, 0x5c165be4, 0x5c485c16, 0x5c7a5c48, 0x5cac5c7a, 
0x5cdf5cac, 0x5d125cdf, 0x5d435d12, 0x5d755d43, 0x5da85d75, 0x5ddb5da8, 0x5e0d5ddb, 0x5e3f5e0d, 
0x5e705e3f, 0x5ea35e70, 0x5ed65ea3, 0x5f095ed6, 0x5f3a5f09, 0x5f6c5f3a, 0x5f9e5f6c, 0x5fd15f9e, 
0x60045fd1, 0x60366004, 0x60676036, 0x60996067, 0x60cc6099, 0x60ff60cc, 0x613260ff, 0x61636132, 
0x61946163, 0x61c66194, 0x61fa61c6, 0x622e61fa, 0x625f622e, 0x628f625f, 0x62c1628f, 0x62f562c1, 
0x632a62f5, 0x635b632a, 0x6389635b, 0x63b96389, 0x63f063b9, 0x642b63f0, 0x645a642b, 0x646c645a, 
0x645a646c, 0x642b645a, 0x63f0642b, 0x63b963f0, 0x638963b9, 0x635b6389, 0x632a635b, 0x62f5632a, 
0x62c162f5, 0x628f62c1, 0x625f628f, 0x622e625f, 0x61fa622e, 0x61c661fa, 0x619461c6, 0x61636194, 
0x61326163, 0x60ff6132, 0x60cc60ff, 0x609960cc, 0x60676099, 0x60366067, 0x60046036, 0x5fd16004, 
0x5f9e5fd1, 0x5f6c5f9e, 0x5f3a5f6c, 0x5f095f3a, 0x5ed65f09, 0x5ea35ed6, 0x5e705ea3, 0x5e3f5e70, 
0x5e0d5e3f, 0x5ddb5e0d, 0x5da85ddb, 0x5d755da8, 0x5d435d75, 0x5d125d43, 0x5cdf5d12, 0x5cac5cdf, 
0x5c7a5cac, 0x5c485c7a, 0x5c165c48, 0x5be45c16, 0x5bb15be4, 0x5b7f5bb1, 0x5b4c5b7f, 0x5b1b5b4c, 
0x5ae95b1b, 0x5ab65ae9, 0x5a835ab6, 0x5a515a83, 0x5a1f5a51, 0x59ed5a1f, 0x59bb59ed, 0x598859bb, 
0x59565988, 0x59245956, 0x58f25924, 0x58c058f2, 0x588d58c0, 0x585a588d, 0x5828585a, 0x57f65828, 
0x57c457f6, 0x579257c4, 0x575f5792, 0x572d575f, 0x56fb572d, 0x56c956fb, 0x569756c9, 0x56645697, 
0x56325664, 0x56005632, 0x55ce5600, 0x559b55ce, 0x5569559b, 0x55365569, 0x55045536, 0x54d25504, 
0x54a054d2, 0x546e54a0, 0x543b546e, 0x5409543b, 0x53d75409, 0x53a553d7, 0x537253a5, 0x53405372, 
0x530d5340, 0x52db530d, 0x52a952db, 0x527752a9, 0x52455277, 0x52125245, 0x51e05212, 0x51ae51e0, 
0x517c51ae, 0x5149517c, 0x51175149, 0x50e55117, 0x50b350e5, 0x508050b3, 0x504e5080, 0x501c504e, 
0x4fe9501c, 0x4fb74fe9, 0x4f854fb7, 0x4f534f85, 0x4f204f53, 0x4eee4f20, 0x4ebc4eee, 0x4e8a4ebc, 
0x4e584e8a, 0x4e254e58, 0x4df34e25, 0x4dc04df3, 0x4d8e4dc0, 0x4d5c4d8e, 0x4d2a4d5c, 0x4cf74d2a, 
0x4cc54cf7, 0x4c934cc5, 0x4c614c93, 0x4c2f4c61, 0x4bfc4c2f, 0x4bca4bfc, 0x4b984bca, 0x4b654b98, 
0x4b334b65, 0x4b014b33, 0x4ace4b01, 0x4a9c4ace, 0x4a6a4a9c, 0x4a384a6a, 0x4a064a38, 0x49d34a06, 
0x49a149d3, 0x496f49a1, 0x493d496f, 0x490a493d, 0x48d8490a, 0x48a548d8, 0x487348a5, 0x48414873, 
0x480f4841, 0x47dd480f, 0x47aa47dd, 0x477847aa, 0x47464778, 0x47144746, 0x46e14714, 0x46af46e1, 
0x467d46af, 0x464b467d, 0x4618464b, 0x45e64618, 0x45b445e6, 0x458145b4, 0x454f4581, 0x451d454f, 
0x44eb451d, 0x44b844eb, 0x448644b8, 0x44544486, 0x44224454, 0x43ef4422, 0x43bd43ef, 0x438b43bd, 
0x4358438b, 0x43264358, 0x42f44326, 0x42c242f4, 0x428f42c2, 0x425d428f, 0x422b425d, 0x41f9422b, 
0x41c741f9, 0x419441c7, 0x41624194, 0x41304162, 0x40fd4130, 0x40cb40fd, 0x409940cb, 0x40664099, 
0x40344066, 0x40024034, 0x3fd04002, 0x3f9e3fd0, 0x3f6b3f9e, 0x3f393f6b, 0x3f073f39, 0x3ed53f07, 
0x3ea23ed5, 0x3e703ea2, 0x3e3e3e70, 0x3e0b3e3e, 0x3dd93e0b, 0x3da73dd9, 0x3d753da7, 0x3d423d75, 
0x3d103d42, 0x3cde3d10, 0x3cac3cde, 0x3c793cac, 0x3c473c79, 0x3c153c47, 0x3be33c15, 0x3bb03be3, 
0x3b7e3bb0, 0x3b4c3b7e, 0x3b193b4c, 0x3ae73b19, 0x3ab53ae7, 0x3a833ab5, 0x3a503a83, 0x3a1e3a50, 
0x39ec3a1e, 0x39ba39ec, 0x398739ba, 0x39553987, 0x39233955, 0x38f03923, 0x38be38f0, 0x388c38be, 
0x385a388c, 0x3827385a, 0x37f53827, 0x37c337f5, 0x379137c3, 0x375f3791, 0x372c375f, 0x36fa372c, 
0x36c836fa, 0x369536c8, 0x36633695, 0x36313663, 0x35fe3631, 0x35cc35fe, 0x359a35cc, 0x3568359a, 
0x35363568, 0x35033536, 0x34d13503, 0x349f34d1, 0x346d349f, 0x343a346d, 0x3408343a, 0x33d63408, 
0x33a333d6, 0x337133a3, 0x333f3371, 0x330d333f, 0x32da330d, 0x32a832da, 0x327632a8, 0x32443276, 
0x32113244, 0x31df3211, 0x31ad31df, 0x317b31ad, 0x3148317b, 0x31163148, 0x30e43116, 0x30b130e4, 
0x307f30b1, 0x304d307f, 0x301b304d, 0x2fe8301b, 0x2fb62fe8, 0x2f842fb6, 0x2f522f84, 0x2f1f2f52, 
0x2eed2f1f, 0x2ebb2eed, 0x2e882ebb, 0x2e562e88, 0x2e242e56, 0x2df22e24, 0x2dbf2df2, 0x2d8d2dbf, 
0x2d5b2d8d, 0x2d292d5b, 0x2cf72d29, 0x2cc42cf7, 0x2c922cc4, 0x2c602c92, 0x2c2d2c60, 0x2bfb2c2d, 
0x2bc92bfb, 0x2b972bc9, 0x2b642b97, 0x2b322b64, 0x2b002b32, 0x2ace2b00, 0x2a9b2ace, 0x2a692a9b, 
0x2a372a69, 0x2a052a37, 0x29d22a05, 0x29a029d2, 0x296e29a0, 0x293b296e, 0x2909293b, 0x28d72909, 
0x28a528d7, 0x287228a5, 0x28402872, 0x280e2840, 0x27dc280e, 0x27a927dc, 0x277727a9, 0x27452777, 
0x27132745, 0x26e02713, 0x26ae26e0, 0x267c26ae, 0x2649267c, 0x26172649, 0x25e52617, 0x25b325e5, 
0x258025b3, 0x254e2580, 0x251c254e, 0x24ea251c, 0x24b724ea, 0x248524b7, 0x24532485, 0x24202453, 
0x23ee2420, 0x23bc23ee, 0x238a23bc, 0x2357238a, 0x23252357, 0x22f32325, 0x22c122f3, 0x228f22c1, 
0x225c228f, 0x222a225c, 0x21f8222a, 0x21c521f8, 0x219321c5, 0x21612193, 0x212f2161, 0x20fc212f, 
0x20ca20fc, 0x209820ca, 0x20662098, 0x20332066, 0x20012033, 0x1fcf2001, 0x1f9d1fcf, 0x1f6a1f9d, 
0x1f381f6a, 0x1f061f38, 0x1ed31f06, 0x1ea11ed3, 0x1e6f1ea1, 0x1e3d1e6f, 0x1e0a1e3d, 0x1dd81e0a, 
0x1da61dd8, 0x1d741da6, 0x1d411d74, 0x1d0f1d41, 0x1cdd1d0f, 0x1cab1cdd, 0x1c781cab, 0x1c461c78, 
0x1c141c46, 0x1be11c14, 0x1baf1be1, 0x1b7d1baf, 0x1b4b1b7d, 0x1b181b4b, 0x1ae61b18, 0x1ab41ae6, 
0x1a821ab4, 0x1a4f1a82, 0x1a1d1a4f, 0x19eb1a1d, 0x19b919eb, 0x198619b9, 0x19541986, 0x19221954, 
0x18ef1922, 0x18bd18ef, 0x188b18bd, 0x1859188b, 0x18271859, 0x17f41827, 0x17c217f4, 0x179017c2, 
0x175d1790, 0x172b175d, 0x16f9172b, 0x16c716f9, 0x169416c7, 0x16621694, 0x16301662, 0x15fe1630, 
0x15cb15fe, 0x159915cb, 0x15671599, 0x15351567, 0x15021535, 0x14d01502, 0x149e14d0, 0x146b149e, 
0x1439146b, 0x14071439, 0x13d51407, 0x13a213d5, 0x137013a2, 0x133e1370, 0x130c133e, 0x12d9130c, 
0x12a712d9, 0x127512a7, 0x12431275, 0x12101243, 0x11de1210, 0x11ac11de, 0x117911ac, 0x11471179, 
0x11151147, 0x10e31115, 0x10b010e3, 0x107e10b0, 0x104c107e, 0x101a104c, 0x0fe7101a, 0x0fb50fe7, 
0x0f830fb5, 0x0f510f83, 0x0f1e0f51, 0x0eec0f1e, 0x0eba0eec, 0x0e880eba, 0x0e550e88, 0x0e230e55, 
0x0df10e23, 0x0dbf0df1, 0x0d8c0dbf, 0x0d5a0d8c, 0x0d280d5a, 0x0cf50d28, 0x0cc30cf5, 0x0c910cc3, 
0x0c5f0c91, 0x0c2c0c5f, 0x0bfa0c2c, 0x0bc80bfa, 0x0b960bc8, 0x0b630b96, 0x0b310b63, 0x0aff0b31, 
0x0acd0aff, 0x0a9a0acd, 0x0a680a9a, 0x0a360a68, 0x0a030a36, 0x09d10a03, 0x099f09d1, 0x096d099f, 
0x093a096d, 0x0908093a, 0x08d60908, 0x08a408d6, 0x087108a4, 0x083f0871, 0x080d083f, 0x07db080d, 
0x07a807db, 0x077607a8, 0x07440776, 0x07110744, 0x06df0711, 0x06ad06df, 0x067b06ad, 0x0648067b, 
0x06160648, 0x05e40616, 0x05b205e4, 0x057f05b2, 0x054d057f, 0x051b054d, 0x04e9051b, 0x04b604e9, 
0x048404b6, 0x04520484, 0x04200452, 0x03ed0420, 0x03bb03ed, 0x038903bb, 0x03570389, 0x03240357, 
0x02f20324, 0x02c002f2, 0x028d02c0, 0x025b028d, 0x0229025b, 0x01f70229, 0x01c401f7, 0x019201c4, 
0x01600192, 0x012e0160, 0x00fb012e, 0x00c900fb, 0x009700c9, 0x00650097, 0x00320065, 0x00000032, 
},
// Table 3, base frequency 130.812783
{
0xffce0000, 0xff9cffce, 0xff6aff9c, 0xff37ff6a, 0xff05ff37, 0xfed3ff05, 0xfea0fed3, 0xfe6efea0, 
0xfe3bfe6e, 0xfe09fe3b, 0xfdd7fe09, 0xfda5fdd7, 0xfd72fda5, 0xfd40fd72, 0xfd0efd40, 0xfcdcfd0e, 
0xfcaafcdc, 0xfc78fcaa, 0xfc45fc78, 0xfc13fc45, 0xfbe0fc13, 0xfbaefbe0, 0xfb7bfbae, 0xfb49fb7b, 
0xfb17fb49, 0xfae5fb17, 0xfab3fae5, 0xfa81fab3, 0xfa4ffa81, 0xfa1dfa4f, 0xf9eafa1d, 0xf9b8f9ea, 
0xf985f9b8, 0xf953f985, 0xf920f953, 0xf8eef920, 0xf8bcf8ee, 0xf88af8bc, 0xf857f88a, 0xf825f857, 
0xf7f3f825, 0xf7c1f7f3, 0xf78ff7c1, 0xf75df78f, 0xf72bf75d, 0xf6f8f72b, 0xf6c6f6f8, 0xf693f6c6, 
0xf661f693, 0xf62ef661, 0xf5fcf62e, 0xf5caf5fc, 0xf598f5ca, 0xf566f598, 0xf534f566, 0xf502f534, 
0xf4cff502, 0xf49df4cf, 0xf46bf49d, 0xf438f46b, 0xf406f438, 0xf3d3f406, 0xf3a1f3d3, 0xf36ff3a1, 
0xf33cf36f, 0xf30af33c, 0xf2d8f30a, 0xf2a6f2d8, 0xf274f2a6, 0xf242f274, 0xf210f242, 0xf1ddf210, 
0xf1abf1dd, 0xf178f1ab, 0xf146f178, 0xf114f146, 0xf0e1f114, 0xf0aff0e1, 0xf07df0af, 0xf04bf07d, 
0xf019f04b, 0xefe7f019, 0xefb4efe7, 0xef82efb4, 0xef50ef82, 0xef1eef50, 0xeeebef1e, 0xeeb9eeeb, 
0xee86eeb9, 0xee54ee86, 0xee22ee54, 0xedefee22, 0xedbdedef, 0xed8bedbd, 0xed59ed8b, 0xed27ed59, 
0xecf5ed27, 0xecc3ecf5, 0xec90ecc3, 0xec5eec90, 0xec2bec5e, 0xebf9ec2b, 0xebc6ebf9, 0xeb94ebc6, 
0xeb62eb94, 0xeb30eb62, 0xeafeeb30, 0xeacceafe, 0xea99eacc, 0xea67ea99, 0xea35ea67, 0xea03ea35, 
0xe9d0ea03, 0xe99ee9d0, 0xe96ce99e, 0xe939e96c, 0xe907e939, 0xe8d4e907, 0xe8a2e8d4, 0xe870e8a2, 
0xe83ee870, 0xe80ce83e, 0xe7dae80c, 0xe7a8e7da, 0xe775e7a8, 0xe743e775, 0xe711e743, 0xe6dee711, 
0xe6ace6de, 0xe679e6ac, 0xe647e679, 0xe615e647, 0xe5e3e615, 0xe5b0e5e3, 0xe57ee5b0, 0xe54ce57e, 
0xe51ae54c, 0xe4e8e51a, 0xe4b6e4e8, 0xe483e4b6, 0xe451e483, 0xe41ee451, 0xe3ece41e, 0xe3bae3ec, 
0xe387e3ba, 0xe355e387, 0xe323e355, 0xe2f1e323, 0xe2bfe2f1, 0xe28de2bf, 0xe25be28d, 0xe228e25b, 
0xe1f6e228, 0xe1c4e1f6, 0xe191e1c4, 0xe15fe191, 0xe12ce15f, 0xe0fae12c, 0xe0c8e0fa, 0xe095e0c8, 
0xe063e095, 0xe031e063, 0xdfffe031, 0xdfcddfff, 0xdf9bdfcd, 0xdf69df9b, 0xdf36df69, 0xdf04df36, 
0xded1df04, 0xde9fded1, 0xde6cde9f, 0xde3ade6c, 0xde08de3a, 0xddd6de08, 0xdda4ddd6, 0xdd72dda4, 
0xdd40dd72, 0xdd0edd40, 0xdcdbdd0e, 0xdca9dcdb, 0xdc76dca9, 0xdc44dc76, 0xdc11dc44, 0xdbdfdc11, 
0xdbaddbdf, 0xdb7adbad, 0xdb48db7a, 0xdb16db48, 0xdae4db16, 0xdab2dae4, 0xda80dab2, 0xda4eda80, 
0xda1cda4e, 0xd9e9da1c, 0xd9b7d9e9, 0xd984d9b7, 0xd952d984, 0xd91fd952, 0xd8edd91f, 0xd8bbd8ed, 
0xd889d8bb, 0xd857d889, 0xd825d857, 0xd7f3d825, 0xd7c0d7f3, 0xd78ed7c0, 0xd75cd78e, 0xd729d75c, 
0xd6f7d729, 0xd6c4d6f7, 0xd692d6c4, 0xd65fd692, 0xd62dd65f, 0xd5fbd62d, 0xd5c9d5fb, 0xd597d5c9, 
0xd565d597, 0xd533d565, 0xd501d533, 0xd4ced501, 0xd49cd4ce, 0xd469d49c, 0xd437d469, 0xd404d437, 
0xd3d2d404, 0xd3a0d3d2, 0xd36ed3a0, 0xd33cd36e, 0xd30ad33c, 0xd2d8d30a, 0xd2a6d2d8, 0xd273d2a6, 
0xd241d273, 0xd20fd241, 0xd1dcd20f, 0xd1aad1dc, 0xd177d1aa, 0xd145d177, 0xd112d145, 0xd0e0d112, 
0xd0aed0e0, 0xd07cd0ae, 0xd04ad07c, 0xd018d04a, 0xcfe6d018, 0xcfb4cfe6, 0xcf81cfb4, 0xcf4fcf81, 
0xcf1ccf4f, 0xceeacf1c, 0xceb7ceea, 0xce85ceb7, 0xce53ce85, 0xce20ce53, 0xcdeece20, 0xcdbccdee, 
0xcd8acdbc, 0xcd58cd8a, 0xcd26cd58, 0xccf4cd26, 0xccc2ccf4, 0xcc8fccc2, 0xcc5ccc8f, 0xcc2acc5c, 
0xcbf7cc2a, 0xcbc5cbf7, 0xcb93cbc5, 0xcb61cb93, 0xcb2fcb61, 0xcafdcb2f, 0xcacbcafd, 0xca99cacb, 
0xca67ca99, 0xca34ca67, 0xca02ca34, 0xc9cfca02, 0xc99dc9cf, 0xc96ac99d, 0xc938c96a, 0xc905c938, 
0xc8d3c905, 0xc8a1c8d3, 0xc86fc8a1, 0xc83dc86f, 0xc80bc83d, 0xc7d9c80b, 0xc7a7c7d9, 0xc774c7a7, 
0xc742c774, 0xc70fc742, 0xc6ddc70f, 0xc6aac6dd, 0xc678c6aa, 0xc646c678, 0xc614c646, 0xc5e2c614, 
0xc5b0c5e2, 0xc57ec5b0, 0xc54cc57e, 0xc51ac54c, 0xc4e7c51a, 0xc4b5c4e7, 0xc482c4b5, 0xc44fc482, 
0xc41dc44f, 0xc3eac41d, 0xc3b8c3ea, 0xc386c3b8, 0xc354c386, 0xc322c354, 0xc2f0c322, 0xc2bec2f0, 
0xc28cc2be, 0xc25ac28c, 0xc227c25a, 0xc1f5c227, 0xc1c2c1f5, 0xc190c1c2, 0xc15dc190, 0xc12bc15d, 
0xc0f9c12b, 0xc0c7c0f9, 0xc095c0c7, 0xc063c095, 0xc031c063, 0xbfffc031, 0xbfcdbfff, 0xbf9abfcd, 
0xbf68bf9a, 0xbf35bf68, 0xbf02bf35, 0xbed0bf02, 0xbe9dbed0, 0xbe6bbe9d, 0xbe39be6b, 0xbe07be39, 
0xbdd5be07, 0xbda3bdd5, 0xbd71bda3, 0xbd3fbd71, 0xbd0dbd3f, 0xbcdabd0d, 0xbca8bcda, 0xbc75bca8, 
0xbc42bc75, 0xbc10bc42, 0xbbddbc10, 0xbbabbbdd, 0xbb79bbab, 0xbb48bb79, 0xbb16bb48, 0xbae4bb16, 
0xbab2bae4, 0xba80bab2, 0xba4dba80, 0xba1aba4d, 0xb9e8ba1a, 0xb9b5b9e8, 0xb982b9b5, 0xb950b982, 
0xb91eb950, 0xb8ecb91e, 0xb8bab8ec, 0xb888b8ba, 0xb856b888, 0xb824b856, 0xb7f2b824, 0xb7c0b7f2, 
0xb78db7c0, 0xb75bb78d, 0xb728b75b, 0xb6f5b728, 0xb6c3b6f5, 0xb690b6c3, 0xb65eb690, 0xb62cb65e, 
0xb5fab62c, 0xb5c9b5fa, 0xb597b5c9, 0xb565b597, 0xb533b565, 0xb500b533, 0xb4cdb500, 0xb49bb4cd, 
0xb468b49b, 0xb435b468, 0xb403b435, 0xb3d0b403, 0xb39eb3d0, 0xb36db39e, 0xb33bb36d, 0xb309b33b, 
0xb2d7b309, 0xb2a5b2d7, 0xb273b2a5, 0xb240b273, 0xb20db240, 0xb1dbb20d, 0xb1a8b1db, 0xb175b1a8, 
0xb143b175, 0xb111b143, 0xb0dfb111, 0xb0adb0df, 0xb07cb0ad, 0xb04ab07c, 0xb018b04a, 0xafe6b018, 
0xafb3afe6, 0xaf80afb3, 0xaf4daf80, 0xaf1aaf4d, 0xaee8af1a, 0xaeb5aee8, 0xae83aeb5, 0xae51ae83, 
0xae20ae51, 0xadeeae20, 0xadbcadee, 0xad8badbc, 0xad59ad8b, 0xad26ad59, 0xacf3ad26, 0xacc0acf3, 
0xac8dacc0, 0xac5aac8d, 0xac28ac5a, 0xabf5ac28, 0xabc3abf5, 0xab92abc3, 0xab60ab92, 0xab2fab60, 
0xaafdab2f, 0xaacbaafd, 0xaa99aacb, 0xaa66aa99, 0xaa33aa66, 0xaa00aa33, 0xa9cdaa00, 0xa99aa9cd, 
0xa968a99a, 0xa935a968, 0xa904a935, 0xa8d2a904, 0xa8a1a8d2, 0xa870a8a1, 0xa83ea870, 0xa80ca83e, 
0xa7daa80c, 0xa7a7a7da, 0xa773a7a7, 0xa740a773, 0xa70da740, 0xa6daa70d, 0xa6a7a6da, 0xa676a6a7, 
0xa644a676, 0xa613a644, 0xa5e2a613, 0xa5b1a5e2, 0xa57fa5b1, 0xa54da57f, 0xa51aa54d, 0xa4e6a51a, 
0xa4b3a4e6, 0xa47fa4b3, 0xa44ca47f, 0xa419a44c, 0xa3e7a419, 0xa3b6a3e7, 0xa385a3b6, 0xa354a385, 
0xa324a354, 0xa2f3a324, 0xa2c1a2f3, 0xa28ea2c1, 0xa25aa28e, 0xa226a25a, 0xa1f2a226, 0xa1bea1f2, 
0xa18aa1be, 0xa158a18a, 0xa127a158, 0xa0f7a127, 0xa0c7a0f7, 0xa097a0c7, 0xa066a097, 0xa035a066, 
0xa003a035, 0x9fcfa003, 0x9f9a9fcf, 0x9f649f9a, 0x9f2f9f64, 0x9efa9f2f, 0x9ec79efa, 0x9e969ec7, 
0x9e679e96, 0x9e399e67, 0x9e0b9e39, 0x9ddd9e0b, 0x9dae9ddd, 0x9d7c9dae, 0x9d469d7c, 0x9d0e9d46, 
0x9cd39d0e, 0x9c989cd3, 0x9c5f9c98, 0x9c2a9c5f, 0x9bfd9c2a, 0x9bdb9bfd, 0x9bc59bdb, 0x9bbd9bc5, 
0x9bc59bbd, 0x9bdb9bc5, 0x9bfd9bdb, 0x9c2a9bfd, 0x9c5f9c2a, 0x9c989c5f, 0x9cd39c98, 0x9d0e9cd3, 
0x9d469d0e, 0x9d7c9d46, 0x9dae9d7c, 0x9ddd9dae, 0x9e0b9ddd, 0x9e399e0b, 0x9e679e39, 0x9e969e67, 
0x9ec79e96, 0x9efa9ec7, 0x9f2f9efa, 0x9f649f2f, 0x9f9a9f64, 0x9fcf9f9a, 0xa0039fcf, 0xa035a003, 
0xa066a035, 0xa097a066, 0xa0c7a097, 0xa0f7a0c7, 0xa127a0f7, 0xa158a127, 0xa18aa158, 0xa1bea18a, 
0xa1f2a1be, 0xa226a1f2, 0xa25aa226, 0xa28ea25a, 0xa2c1a28e, 0xa2f3a2c1, 0xa324a2f3, 0xa354a324, 
0xa385a354, 0xa3b6a385, 0xa3e7a3b6, 0xa419a3e7, 0xa44ca419, 0xa47fa44c, 0xa4b3a47f, 0xa4e6a4b3, 
0xa51aa4e6, 0xa54da51a, 0xa57fa54d, 0xa5b1a57f, 0xa5e2a5b1, 0xa613a5e2, 0xa644a613, 0xa676a644, 
0xa6a7a676, 0xa6daa6a7, 0xa70da6da, 0xa740a70d, 0xa773a740, 0xa7a7a773, 0xa7daa7a7, 0xa80ca7da, 
0xa83ea80c, 0xa870a83e, 0xa8a1a870, 0xa8d2a8a1, 0xa904a8d2, 0xa935a904, 0xa968a935, 0xa99aa968, 
0xa9cda99a, 0xaa00a9cd, 0xaa33aa00, 0xaa66aa33, 0xaa99aa66, 0xaacbaa99, 0xaafdaacb, 0xab2faafd, 
0xab60ab2f, 0xab92ab60, 0xabc3ab92, 0xabf5abc3, 0xac28abf5, 0xac5aac28, 0xac8dac5a, 0xacc0ac8d, 
0xacf3acc0, 0xad26acf3, 0xad59ad26, 0xad8bad59, 0xadbcad8b, 0xadeeadbc, 0xae20adee, 0xae51ae20, 
0xae83ae51, 0xaeb5ae83, 0xaee8aeb5, 0xaf1aaee8, 0xaf4daf1a, 0xaf80af4d, 0xafb3af80, 0xafe6afb3, 
0xb018afe6, 0xb04ab018, 0xb07cb04a, 0xb0adb07c, 0xb0dfb0ad, 0xb111b0df, 0xb143b111, 0xb175b143, 
0xb1a8b175, 0xb1dbb1a8, 0xb20db1db, 0xb240b20d, 0xb273b240, 0xb2a5b273, 0xb2d7b2a5, 0xb309b2d7, 
0xb33bb309, 0xb36db33b, 0xb39eb36d, 0xb3d0b39e, 0xb403b3d0, 0xb435b403, 0xb468b435, 0xb49bb468, 
0xb4cdb49b, 0xb500b4cd, 0xb533b500, 0xb565b533, 0xb597b565, 0xb5c9b597, 0xb5fab5c9, 0xb62cb5fa, 
0xb65eb62c, 0xb690b65e, 0xb6c3b690, 0xb6f5b6c3, 0xb728b6f5, 0xb75bb728, 0xb78db75b, 0xb7c0b78d, 
0xb7f2b7c0, 0xb824b7f2, 0xb856b824, 0xb888b856, 0xb8bab888, 0xb8ecb8ba, 0xb91eb8ec, 0xb950b91e, 
0xb982b950, 0xb9b5b982, 0xb9e8b9b5, 0xba1ab9e8, 0xba4dba1a, 0xba80ba4d, 0xbab2ba80, 0xbae4bab2, 
0xbb16bae4, 0xbb48bb16, 0xbb79bb48, 0xbbabbb79, 0xbbddbbab, 0xbc10bbdd, 0xbc42bc10, 0xbc75bc42, 
0xbca8bc75, 0xbcdabca8, 0xbd0dbcda, 0xbd3fbd0d, 0xbd71bd3f, 0xbda3bd71, 0xbdd5bda3, 0xbe07bdd5, 
0xbe39be07, 0xbe6bbe39, 0xbe9dbe6b, 0xbed0be9d, 0xbf02bed0, 0xbf35bf02, 0xbf68bf35, 0xbf9abf68, 
0xbfcdbf9a, 0xbfffbfcd, 0xc031bfff, 0xc063c031, 0xc095c063, 0xc0c7c095, 0xc0f9c0c7, 0xc12bc0f9, 
0xc15dc12b, 0xc190c15d, 0xc1c2c190, 0xc1f5c1c2, 0xc227c1f5, 0xc25ac227, 0xc28cc25a, 0xc2bec28c, 
0xc2f0c2be, 0xc322c2f0, 0xc354c322, 0xc386c354, 0xc3b8c386, 0xc3eac3b8, 0xc41dc3ea, 0xc44fc41d, 
0xc482c44f, 0xc4b5c482, 0xc4e7c4b5, 0xc51ac4e7, 0xc54cc51a, 0xc57ec54c, 0xc5b0c57e, 0xc5e2c5b0, 
0xc614c5e2, 0xc646c614, 0xc678c646, 0xc6aac678, 0xc6ddc6aa, 0xc70fc6dd, 0xc742c70f, 0xc774c742, 
0xc7a7c774, 0xc7d9c7a7, 0xc80bc7d9, 0xc83dc80b, 0xc86fc83d, 0xc8a1c86f, 0xc8d3c8a1, 0xc905c8d3, 
0xc938c905, 0xc96ac938, 0xc99dc96a, 0xc9cfc99d, 0xca02c9cf, 0xca34ca02, 0xca67ca34, 0xca99ca67, 
0xcacbca99, 0xcafdcacb, 0xcb2fcafd, 0xcb61cb2f, 0xcb93cb61, 0xcbc5cb93, 0xcbf7cbc5, 0xcc2acbf7, 
0xcc5ccc2a, 0xcc8fcc5c, 0xccc2cc8f, 0xccf4ccc2, 0xcd26ccf4, 0xcd58cd26, 0xcd8acd58, 0xcdbccd8a, 
0xcdeecdbc, 0xce20cdee, 0xce53ce20, 0xce85ce53, 0xceb7ce85, 0xceeaceb7, 0xcf1cceea, 0xcf4fcf1c, 
0xcf81cf4f, 0xcfb4cf81, 0xcfe6cfb4, 0xd018cfe6, 0xd04ad018, 0xd07cd04a, 0xd0aed07c, 0xd0e0d0ae, 
0xd112d0e0, 0xd145d112, 0xd177d145, 0xd1aad177, 0xd1dcd1aa, 0xd20fd1dc, 0xd241d20f, 0xd273d241, 
0xd2a6d273, 0xd2d8d2a6, 0xd30ad2d8, 0xd33cd30a, 0xd36ed33c, 0xd3a0d36e, 0xd3d2d3a0, 0xd404d3d2, 
0xd437d404, 0xd469d437, 0xd49cd469, 0xd4ced49c, 0xd501d4ce, 0xd533d501, 0xd565d533, 0xd597d565, 
0xd5c9d597, 0xd5fbd5c9, 0xd62dd5fb, 0xd65fd62d, 0xd692d65f, 0xd6c4d692, 0xd6f7d6c4, 0xd729d6f7, 
0xd75cd729, 0xd78ed75c, 0xd7c0d78e, 0xd7f3d7c0, 0xd825d7f3, 0xd857d825, 0xd889d857, 0xd8bbd889, 
0xd8edd8bb, 0xd91fd8ed, 0xd952d91f, 0xd984d952, 0xd9b7d984, 0xd9e9d9b7, 0xda1cd9e9, 0xda4eda1c, 
0xda80da4e, 0xdab2da80, 0xdae4dab2, 0xdb16dae4, 0xdb48db16, 0xdb7adb48, 0xdbaddb7a, 0xdbdfdbad, 
0xdc11dbdf, 0xdc44dc11, 0xdc76dc44, 0xdca9dc76, 0xdcdbdca9, 0xdd0edcdb, 0xdd40dd0e, 0xdd72dd40, 
0xdda4dd72, 0xddd6dda4, 0xde08ddd6, 0xde3ade08, 0xde6cde3a, 0xde9fde6c, 0xded1de9f, 0xdf04ded1, 
0xdf36df04, 0xdf69df36, 0xdf9bdf69, 0xdfcddf9b, 0xdfffdfcd, 0xe031dfff, 0xe063e031, 0xe095e063, 
0xe0c8e095, 0xe0fae0c8, 0xe12ce0fa, 0xe15fe12c, 0xe191e15f, 0xe1c4e191, 0xe1f6e1c4, 0xe228e1f6, 
0xe25be228, 0xe28de25b, 0xe2bfe28d, 0xe2f1e2bf, 0xe323e2f1, 0xe355e323, 0xe387e355, 0xe3bae387, 
0xe3ece3ba, 0xe41ee3ec, 0xe451e41e, 0xe483e451, 0xe4b6e483, 0xe4e8e4b6, 0xe51ae4e8, 0xe54ce51a, 
0xe57ee54c, 0xe5b0e57e, 0xe5e3e5b0, 0xe615e5e3, 0xe647e615, 0xe679e647, 0xe6ace679, 0xe6dee6ac, 
0xe711e6de, 0xe743e711, 0xe775e743, 0xe7a8e775, 0xe7dae7a8, 0xe80ce7da, 0xe83ee80c, 0xe870e83e, 
0xe8a2e870, 0xe8d4e8a2, 0xe907e8d4, 0xe939e907, 0xe96ce939, 0xe99ee96c, 0xe9d0e99e, 0xea03e9d0, 
0xea35ea03, 0xea67ea35, 0xea99ea67, 0xeaccea99, 0xeafeeacc, 0xeb30eafe, 0xeb62eb30, 0xeb94eb62, 
0xebc6eb94, 0xebf9ebc6, 0xec2bebf9, 0xec5eec2b, 0xec90ec5e, 0xecc3ec90, 0xecf5ecc3, 0xed27ecf5, 
0xed59ed27, 0xed8bed59, 0xedbded8b, 0xedefedbd, 0xee22edef, 0xee54ee22, 0xee86ee54, 0xeeb9ee86, 
0xeeebeeb9, 0xef1eeeeb, 0xef50ef1e, 0xef82ef50, 0xefb4ef82, 0xefe7efb4, 0xf019efe7, 0xf04bf019, 
0xf07df04b, 0xf0aff07d, 0xf0e1f0af, 0xf114f0e1, 0xf146f114, 0xf178f146, 0xf1abf178, 0xf1ddf1ab, 
0xf210f1dd, 0xf242f210, 0xf274f242, 0xf2a6f274, 0xf2d8f2a6, 0xf30af2d8, 0xf33cf30a, 0xf36ff33c, 
0xf3a1f36f, 0xf3d3f3a1, 0xf406f3d3, 0xf438f406, 0xf46bf438, 0xf49df46b, 0xf4cff49d, 0xf502f4cf, 
0xf534f502, 0xf566f534, 0xf598f566, 0xf5caf598, 0xf5fcf5ca, 0xf62ef5fc, 0xf661f62e, 0xf693f661, 
0xf6c6f693, 0xf6f8f6c6, 0xf72bf6f8, 0xf75df72b, 0xf78ff75d, 0xf7c1f78f, 0xf7f3f7c1, 0xf825f7f3, 
0xf857f825, 0xf88af857, 0xf8bcf88a, 0xf8eef8bc, 0xf920f8ee, 0xf953f920, 0xf985f953, 0xf9b8f985, 
0xf9eaf9b8, 0xfa1df9ea, 0xfa4ffa1d, 0xfa81fa4f, 0xfab3fa81, 0xfae5fab3, 0xfb17fae5, 0xfb49fb17, 
0xfb7bfb49, 0xfbaefb7b, 0xfbe0fbae, 0xfc13fbe0, 0xfc45fc13, 0xfc78fc45, 0xfcaafc78, 0xfcdcfcaa, 
0xfd0efcdc, 0xfd40fd0e, 0xfd72fd40, 0xfda5fd72, 0xfdd7fda5, 0xfe09fdd7, 0xfe3bfe09, 0xfe6efe3b, 
0xfea0fe6e, 0xfed3fea0, 0xff05fed3, 0xff37ff05, 0xff6aff37, 0xff9cff6a, 0xffceff9c, 0x0000ffce, 
0x00320000, 0x00640032, 0x00960064, 0x00c90096, 0x00fb00c9, 0x012d00fb, 0x0160012d, 0x01920160, 
0x01c50192, 0x01f701c5, 0x022901f7, 0x025b0229, 0x028e025b, 0x02c0028e, 0x02f202c0, 0x032402f2, 
0x03560324, 0x03880356, 0x03bb0388, 0x03ed03bb, 0x042003ed, 0x04520420, 0x04850452, 0x04b70485, 
0x04e904b7, 0x051b04e9, 0x054d051b, 0x057f054d, 0x05b1057f, 0x05e305b1, 0x061605e3, 0x06480616, 
0x067b0648, 0x06ad067b, 0x06e006ad, 0x071206e0, 0x07440712, 0x07760744, 0x07a90776, 0x07db07a9, 
0x080d07db, 0x083f080d, 0x0871083f, 0x08a30871, 0x08d508a3, 0x090808d5, 0x093a0908, 0x096d093a, 
0x099f096d, 0x09d2099f, 0x0a0409d2, 0x0a360a04, 0x0a680a36, 0x0a9a0a68, 0x0acc0a9a, 0x0afe0acc, 
0x0b310afe, 0x0b630b31, 0x0b950b63, 0x0bc80b95, 0x0bfa0bc8, 0x0c2d0bfa, 0x0c5f0c2d, 0x0c910c5f, 
0x0cc40c91, 0x0cf60cc4, 0x0d280cf6, 0x0d5a0d28, 0x0d8c0d5a, 0x0dbe0d8c, 0x0df00dbe, 0x0e230df0, 
0x0e550e23, 0x0e880e55, 0x0eba0e88, 0x0eec0eba, 0x0f1f0eec, 0x0f510f1f, 0x0f830f51, 0x0fb50f83, 
0x0fe70fb5, 0x10190fe7, 0x104c1019, 0x107e104c, 0x10b0107e, 0x10e210b0, 0x111510e2, 0x11471115, 
0x117a1147, 0x11ac117a, 0x11de11ac, 0x121111de, 0x12431211, 0x12751243, 0x12a71275, 0x12d912a7, 
0x130b12d9, 0x133d130b, 0x1370133d, 0x13a21370, 0x13d513a2, 0x140713d5, 0x143a1407, 0x146c143a, 
0x149e146c, 0x14d0149e, 0x150214d0, 0x15341502, 0x15671534, 0x15991567, 0x15cb1599, 0x15fd15cb, 
0x163015fd, 0x16621630, 0x16941662, 0x16c71694, 0x16f916c7, 0x172c16f9, 0x175e172c, 0x1790175e, 
0x17c21790, 0x17f417c2, 0x182617f4, 0x18581826, 0x188b1858, 0x18bd188b, 0x18ef18bd, 0x192218ef, 
0x19541922, 0x19871954, 0x19b91987, 0x19eb19b9, 0x1a1d19eb, 0x1a501a1d, 0x1a821a50, 0x1ab41a82, 
0x1ae61ab4, 0x1b181ae6, 0x1b4a1b18, 0x1b7d1b4a, 0x1baf1b7d, 0x1be21baf, 0x1c141be2, 0x1c461c14, 
0x1c791c46, 0x1cab1c79, 0x1cdd1cab, 0x1d0f1cdd, 0x1d411d0f, 0x1d731d41, 0x1da51d73, 0x1dd81da5, 
0x1e0a1dd8, 0x1e3c1e0a, 0x1e6f1e3c, 0x1ea11e6f, 0x1ed41ea1, 0x1f061ed4, 0x1f381f06, 0x1f6b1f38, 
0x1f9d1f6b, 0x1fcf1f9d, 0x20011fcf, 0x20332001, 0x20652033, 0x20972065, 0x20ca2097, 0x20fc20ca, 
0x212f20fc, 0x2161212f, 0x21942161, 0x21c62194, 0x21f821c6, 0x222a21f8, 0x225c222a, 0x228e225c, 
0x22c0228e, 0x22f222c0, 0x232522f2, 0x23572325, 0x238a2357, 0x23bc238a, 0x23ef23bc, 0x242123ef, 
0x24532421, 0x24862453, 0x24b82486, 0x24ea24b8, 0x251c24ea, 0x254e251c, 0x2580254e, 0x25b22580, 
0x25e425b2, 0x261725e4, 0x26492617, 0x267c2649, 0x26ae267c, 0x26e126ae, 0x271326e1, 0x27452713, 
0x27772745, 0x27a92777, 0x27db27a9, 0x280d27db, 0x2840280d, 0x28722840, 0x28a42872, 0x28d728a4, 
0x290928d7, 0x293c2909, 0x296e293c, 0x29a1296e, 0x29d329a1, 0x2a0529d3, 0x2a372a05, 0x2a692a37, 
0x2a9b2a69, 0x2acd2a9b, 0x2aff2acd, 0x2b322aff, 0x2b642b32, 0x2b972b64, 0x2bc92b97, 0x2bfc2bc9, 
0x2c2e2bfc, 0x2c602c2e, 0x2c922c60, 0x2cc42c92, 0x2cf62cc4, 0x2d282cf6, 0x2d5a2d28, 0x2d8d2d5a, 
0x2dbf2d8d, 0x2df12dbf, 0x2e242df1, 0x2e562e24, 0x2e892e56, 0x2ebb2e89, 0x2eee2ebb, 0x2f202eee, 
0x2f522f20, 0x2f842f52, 0x2fb62f84, 0x2fe82fb6, 0x301a2fe8, 0x304c301a, 0x307f304c, 0x30b1307f, 
0x30e430b1, 0x311630e4, 0x31493116, 0x317b3149, 0x31ad317b, 0x31e031ad, 0x321231e0, 0x32443212, 
0x32763244, 0x32a83276, 0x32da32a8, 0x330c32da, 0x333e330c, 0x3371333e, 0x33a43371, 0x33d633a4, 
0x340933d6, 0x343b3409, 0x346d343b, 0x349f346d, 0x34d1349f, 0x350334d1, 0x35353503, 0x35673535, 
0x35993567, 0x35cc3599, 0x35fe35cc, 0x363135fe, 0x36633631, 0x36963663, 0x36c83696, 0x36fb36c8, 
0x372d36fb, 0x375f372d, 0x3791375f, 0x37c33791, 0x37f537c3, 0x382737f5, 0x38593827, 0x388c3859, 
0x38be388c, 0x38f138be, 0x392338f1, 0x39563923, 0x39883956, 0x39ba3988, 0x39ec39ba, 0x3a1e39ec, 
0x3a503a1e, 0x3a823a50, 0x3ab43a82, 0x3ae63ab4, 0x3b193ae6, 0x3b4b3b19, 0x3b7e3b4b, 0x3bb13b7e, 
0x3be33bb1, 0x3c163be3, 0x3c483c16, 0x3c7a3c48, 0x3cac3c7a, 0x3cde3cac, 0x3d103cde, 0x3d423d10, 
0x3d743d42, 0x3da63d74, 0x3dd93da6, 0x3e0b3dd9, 0x3e3e3e0b, 0x3e703e3e, 0x3ea33e70, 0x3ed53ea3, 
0x3f073ed5, 0x3f393f07, 0x3f6b3f39, 0x3f9d3f6b, 0x3fcf3f9d, 0x40013fcf, 0x40334001, 0x40664033, 
0x40984066, 0x40cb4098, 0x40fe40cb, 0x413040fe, 0x41634130, 0x41954163, 0x41c74195, 0x41f941c7, 
0x422b41f9, 0x425d422b, 0x428f425d, 0x42c1428f, 0x42f342c1, 0x432642f3, 0x43584326, 0x438b4358, 
0x43be438b, 0x43f043be, 0x442343f0, 0x44554423, 0x44874455, 0x44b84487, 0x44ea44b8, 0x451c44ea, 
0x454e451c, 0x4580454e, 0x45b34580, 0x45e645b3, 0x461845e6, 0x464b4618, 0x467e464b, 0x46b0467e, 
0x46e246b0, 0x471446e2, 0x47464714, 0x47784746, 0x47aa4778, 0x47dc47aa, 0x480e47dc, 0x4840480e, 
0x48734840, 0x48a54873, 0x48d848a5, 0x490b48d8, 0x493d490b, 0x4970493d, 0x49a24970, 0x49d449a2, 
0x4a0649d4, 0x4a374a06, 0x4a694a37, 0x4a9b4a69, 0x4acd4a9b, 0x4b004acd, 0x4b334b00, 0x4b654b33, 
0x4b984b65, 0x4bcb4b98, 0x4bfd4bcb, 0x4c304bfd, 0x4c624c30, 0x4c934c62, 0x4cc54c93, 0x4cf74cc5, 
0x4d294cf7, 0x4d5b4d29, 0x4d8d4d5b, 0x4dc04d8d, 0x4df34dc0, 0x4e254df3, 0x4e584e25, 0x4e8b4e58, 
0x4ebd4e8b, 0x4eef4ebd, 0x4f214eef, 0x4f534f21, 0x4f844f53, 0x4fb64f84, 0x4fe84fb6, 0x501a4fe8, 
0x504d501a, 0x5080504d, 0x50b35080, 0x50e650b3, 0x511850e6, 0x514b5118, 0x517d514b, 0x51af517d, 
0x51e051af, 0x521251e0, 0x52445212, 0x52755244, 0x52a75275, 0x52da52a7, 0x530d52da, 0x5340530d, 
0x53735340, 0x53a65373, 0x53d853a6, 0x540b53d8, 0x543d540b, 0x546e543d, 0x54a0546e, 0x54d154a0, 
0x550354d1, 0x55355503, 0x55675535, 0x559a5567, 0x55cd559a, 0x560055cd, 0x56335600, 0x56665633, 
0x56985666, 0x56cb5698, 0x56fc56cb, 0x572e56fc, 0x575f572e, 0x5790575f, 0x57c25790, 0x57f457c2, 
0x582657f4, 0x58595826, 0x588d5859, 0x58c0588d, 0x58f358c0, 0x592658f3, 0x59595926, 0x598a5959, 
0x59bc598a, 0x59ed59bc, 0x5a1e59ed, 0x5a4f5a1e, 0x5a815a4f, 0x5ab35a81, 0x5ae65ab3, 0x5b1a5ae6, 
0x5b4d5b1a, 0x5b815b4d, 0x5bb45b81, 0x5be75bb4, 0x5c195be7, 0x5c4a5c19, 0x5c7b5c4a, 0x5cac5c7b, 
0x5cdc5cac, 0x5d0d5cdc, 0x5d3f5d0d, 0x5d725d3f, 0x5da65d72, 0x5dda5da6, 0x5e0e5dda, 0x5e425e0e, 
0x5e765e42, 0x5ea85e76, 0x5ed95ea8, 0x5f095ed9, 0x5f395f09, 0x5f695f39, 0x5f9a5f69, 0x5fcb5f9a, 
0x5ffd5fcb, 0x60315ffd, 0x60666031, 0x609c6066, 0x60d1609c, 0x610660d1, 0x61396106, 0x616a6139, 
0x6199616a, 0x61c76199, 0x61f561c7, 0x622361f5, 0x62526223, 0x62846252, 0x62ba6284, 0x62f262ba, 
0x632d62f2, 0x6368632d, 0x63a16368, 0x63d663a1, 0x640363d6, 0x64256403, 0x643b6425, 0x6443643b, 
0x643b6443, 0x6425643b, 0x64036425, 0x63d66403, 0x63a163d6, 0x636863a1, 0x632d6368, 0x62f2632d, 
0x62ba62f2, 0x628462ba, 0x62526284, 0x62236252, 0x61f56223, 0x61c761f5, 0x619961c7, 0x616a6199, 
0x6139616a, 0x61066139, 0x60d16106, 0x609c60d1, 0x6066609c, 0x60316066, 0x5ffd6031, 0x5fcb5ffd, 
0x5f9a5fcb, 0x5f695f9a, 0x5f395f69, 0x5f095f39, 0x5ed95f09, 0x5ea85ed9, 0x5e765ea8, 0x5e425e76, 
0x5e0e5e42, 0x5dda5e0e, 0x5da65dda, 0x5d725da6, 0x5d3f5d72, 0x5d0d5d3f, 0x5cdc5d0d, 0x5cac5cdc, 
0x5c7b5cac, 0x5c4a5c7b, 0x5c195c4a, 0x5be75c19, 0x5bb45be7, 0x5b815bb4, 0x5b4d5b81, 0x5b1a5b4d, 
0x5ae65b1a, 0x5ab35ae6, 0x5a815ab3, 0x5a4f5a81, 0x5a1e5a4f, 0x59ed5a1e, 0x59bc59ed, 0x598a59bc, 
0x5959598a, 0x59265959, 0x58f35926, 0x58c058f3, 0x588d58c0, 0x5859588d, 0x58265859, 0x57f45826, 
0x57c257f4, 0x579057c2, 0x575f5790, 0x572e575f, 0x56fc572e, 0x56cb56fc, 0x569856cb, 0x56665698, 
0x56335666, 0x56005633, 0x55cd5600, 0x559a55cd, 0x5567559a, 0x55355567, 0x55035535, 0x54d15503, 
0x54a054d1, 0x546e54a0, 0x543d546e, 0x540b543d, 0x53d8540b, 0x53a653d8, 0x537353a6, 0x53405373, 
0x530d5340, 0x52da530d, 0x52a752da, 0x527552a7, 0x52445275, 0x52125244, 0x51e05212, 0x51af51e0, 
0x517d51af, 0x514b517d, 0x5118514b, 0x50e65118, 0x50b350e6, 0x508050b3, 0x504d5080, 0x501a504d, 
0x4fe8501a, 0x4fb64fe8, 0x4f844fb6, 0x4f534f84, 0x4f214f53, 0x4eef4f21, 0x4ebd4eef, 0x4e8b4ebd, 
0x4e584e8b, 0x4e254e58, 0x4df34e25, 0x4dc04df3, 0x4d8d4dc0, 0x4d5b4d8d, 0x4d294d5b, 0x4cf74d29, 
0x4cc54cf7, 0x4c934cc5, 0x4c624c93, 0x4c304c62, 0x4bfd4c30, 0x4bcb4bfd, 0x4b984bcb, 0x4b654b98, 
0x4b334b65, 0x4b004b33, 0x4acd4b00, 0x4a9b4acd, 0x4a694a9b, 0x4a374a69, 0x4a064a37, 0x49d44a06, 
0x49a249d4, 0x497049a2, 0x493d4970, 0x490b493d, 0x48d8490b, 0x48a548d8, 0x487348a5, 0x48404873, 
0x480e4840, 0x47dc480e, 0x47aa47dc, 0x477847aa, 0x47464778, 0x47144746, 0x46e24714, 0x46b046e2, 
0x467e46b0, 0x464b467e, 0x4618464b, 0x45e64618, 0x45b345e6, 0x458045b3, 0x454e4580, 0x451c454e, 
0x44ea451c, 0x44b844ea, 0x448744b8, 0x44554487, 0x44234455, 0x43f04423, 0x43be43f0, 0x438b43be, 
0x4358438b, 0x43264358, 0x42f34326, 0x42c142f3, 0x428f42c1, 0x425d428f, 0x422b425d, 0x41f9422b, 
0x41c741f9, 0x419541c7, 0x41634195, 0x41304163, 0x40fe4130, 0x40cb40fe, 0x409840cb, 0x40664098, 
0x40334066, 0x40014033, 0x3fcf4001, 0x3f9d3fcf, 0x3f6b3f9d, 0x3f393f6b, 0x3f073f39, 0x3ed53f07, 
0x3ea33ed5, 0x3e703ea3, 0x3e3e3e70, 0x3e0b3e3e, 0x3dd93e0b, 0x3da63dd9, 0x3d743da6, 0x3d423d74, 
0x3d103d42, 0x3cde3d10, 0x3cac3cde, 0x3c7a3cac, 0x3c483c7a, 0x3c163c48, 0x3be33c16, 0x3bb13be3, 
0x3b7e3bb1, 0x3b4b3b7e, 0x3b193b4b, 0x3ae63b19, 0x3ab43ae6, 0x3a823ab4, 0x3a503a82, 0x3a1e3a50, 
0x39ec3a1e, 0x39ba39ec, 0x398839ba, 0x39563988, 0x39233956, 0x38f13923, 0x38be38f1, 0x388c38be, 
0x3859388c, 0x38273859, 0x37f53827, 0x37c337f5, 0x379137c3, 0x375f3791, 0x372d375f, 0x36fb372d, 
0x36c836fb, 0x369636c8, 0x36633696, 0x36313663, 0x35fe3631, 0x35cc35fe, 0x359935cc, 0x35673599, 
0x35353567, 0x35033535, 0x34d13503, 0x349f34d1, 0x346d349f, 0x343b346d, 0x3409343b, 0x33d63409, 
0x33a433d6, 0x337133a4, 0x333e3371, 0x330c333e, 0x32da330c, 0x32a832da, 0x327632a8, 0x32443276, 
0x32123244, 0x31e03212, 0x31ad31e0, 0x317b31ad, 0x3149317b, 0x31163149, 0x30e43116, 0x30b130e4, 
0x307f30b1, 0x304c307f, 0x301a304c, 0x2fe8301a, 0x2fb62fe8, 0x2f842fb6, 0x2f522f84, 0x2f202f52, 
0x2eee2f20, 0x2ebb2eee, 0x2e892ebb, 0x2e562e89, 0x2e242e56, 0x2df12e24, 0x2dbf2df1, 0x2d8d2dbf, 
0x2d5a2d8d, 0x2d282d5a, 0x2cf62d28, 0x2cc42cf6, 0x2c922cc4, 0x2c602c92, 0x2c2e2c60, 0x2bfc2c2e, 
0x2bc92bfc, 0x2b972bc9, 0x2b642b97, 0x2b322b64, 0x2aff2b32, 0x2acd2aff, 0x2a9b2acd, 0x2a692a9b, 
0x2a372a69, 0x2a052a37, 0x29d32a05, 0x29a129d3, 0x296e29a1, 0x293c296e, 0x2909293c, 0x28d72909, 
0x28a428d7, 0x287228a4, 0x28402872, 0x280d2840, 0x27db280d, 0x27a927db, 0x277727a9, 0x27452777, 
0x27132745, 0x26e12713, 0x26ae26e1, 0x267c26ae, 0x2649267c, 0x26172649, 0x25e42617, 0x25b225e4, 
0x258025b2, 0x254e2580, 0x251c254e, 0x24ea251c, 0x24b824ea, 0x248624b8, 0x24532486, 0x24212453, 
0x23ef2421, 0x23bc23ef, 0x238a23bc, 0x2357238a, 0x23252357, 0x22f22325, 0x22c022f2, 0x228e22c0, 
0x225c228e, 0x222a225c, 0x21f8222a, 0x21c621f8, 0x219421c6, 0x21612194, 0x212f2161, 0x20fc212f, 
0x20ca20fc, 0x209720ca, 0x20652097, 0x20332065, 0x20012033, 0x1fcf2001, 0x1f9d1fcf, 0x1f6b1f9d, 
0x1f381f6b, 0x1f061f38, 0x1ed41f06, 0x1ea11ed4, 0x1e6f1ea1, 0x1e3c1e6f, 0x1e0a1e3c, 0x1dd81e0a, 
0x1da51dd8, 0x1d731da5, 0x1d411d73, 0x1d0f1d41, 0x1cdd1d0f, 0x1cab1cdd, 0x1c791cab, 0x1c461c79, 
0x1c141c46, 0x1be21c14, 0x1baf1be2, 0x1b7d1baf, 0x1b4a1b7d, 0x1b181b4a, 0x1ae61b18, 0x1ab41ae6, 
0x1a821ab4, 0x1a501a82, 0x1a1d1a50, 0x19eb1a1d, 0x19b919eb, 0x198719b9, 0x19541987, 0x19221954, 
0x18ef1922, 0x18bd18ef, 0x188b18bd, 0x1858188b, 0x18261858, 0x17f41826, 0x17c217f4, 0x179017c2, 
0x175e1790, 0x172c175e, 0x16f9172c, 0x16c716f9, 0x169416c7, 0x16621694, 0x16301662, 0x15fd1630, 
0x15cb15fd, 0x159915cb, 0x15671599, 0x15341567, 0x15021534, 0x14d01502, 0x149e14d0, 0x146c149e, 
0x143a146c, 0x1407143a, 0x13d51407, 0x13a213d5, 0x137013a2, 0x133d1370, 0x130b133d, 0x12d9130b, 
0x12a712d9, 0x127512a7, 0x12431275, 0x12111243, 0x11de1211, 0x11ac11de, 0x117a11ac, 0x1147117a, 
0x11151147, 0x10e21115, 0x10b010e2, 0x107e10b0, 0x104c107e, 0x1019104c, 0x0fe71019, 0x0fb50fe7, 
0x0f830fb5, 0x0f510f83, 0x0f1f0f51, 0x0eec0f1f, 0x0eba0eec, 0x0e880eba, 0x0e550e88, 0x0e230e55, 
0x0df00e23, 0x0dbe0df0, 0x0d8c0dbe, 0x0d5a0d8c, 0x0d280d5a, 0x0cf60d28, 0x0cc40cf6, 0x0c910cc4, 
0x0c5f0c91, 0x0c2d0c5f, 0x0bfa0c2d, 0x0bc80bfa, 0x0b950bc8, 0x0b630b95, 0x0b310b63, 0x0afe0b31, 
0x0acc0afe, 0x0a9a0acc, 0x0a680a9a, 0x0a360a68, 0x0a040a36, 0x09d20a04, 0x099f09d2, 0x096d099f, 
0x093a096d, 0x0908093a, 0x08d50908, 0x08a308d5, 0x087108a3, 0x083f0871, 0x080d083f, 0x07db080d, 
0x07a907db, 0x077607a9, 0x07440776, 0x07120744, 0x06e00712, 0x06ad06e0, 0x067b06ad, 0x0648067b, 
0x06160648, 0x05e30616, 0x05b105e3, 0x057f05b1, 0x054d057f, 0x051b054d, 0x04e9051b, 0x04b704e9, 
0x048504b7, 0x04520485, 0x04200452, 0x03ed0420, 0x03bb03ed, 0x038803bb, 0x03560388, 0x03240356, 
0x02f20324, 0x02c002f2, 0x028e02c0, 0x025b028e, 0x0229025b, 0x01f70229, 0x01c501f7, 0x019201c5, 
0x01600192, 0x012d0160, 0x00fb012d, 0x00c900fb, 0x009600c9, 0x00640096, 0x00320064, 0x00000032, 
},
// Table 4, base frequency 329.627557
{
0xffce0000, 0xff9dffce, 0xff6bff9d, 0xff39ff6b, 0xff07ff39, 0xfed5ff07, 0xfea3fed5, 0xfe71fea3, 
0xfe3ffe71, 0xfe0cfe3f, 0xfddafe0c, 0xfda7fdda, 0xfd75fda7, 0xfd42fd75, 0xfd0ffd42, 0xfcdcfd0f, 
0xfcaafcdc, 0xfc77fcaa, 0xfc44fc77, 0xfc11fc44, 0xfbdffc11, 0xfbacfbdf, 0xfb79fbac, 0xfb47fb79, 
0xfb15fb47, 0xfae2fb15, 0xfab0fae2, 0xfa7efab0, 0xfa4cfa7e, 0xfa1afa4c, 0xf9e8fa1a, 0xf9b6f9e8, 
0xf985f9b6, 0xf953f985, 0xf921f953, 0xf8eff921, 0xf8bef8ef, 0xf88cf8be, 0xf85af88c, 0xf828f85a, 
0xf7f6f828, 0xf7c4f7f6, 0xf792f7c4, 0xf75ff792, 0xf72df75f, 0xf6faf72d, 0xf6c8f6fa, 0xf695f6c8, 
0xf662f695, 0xf62ff662, 0xf5fdf62f, 0xf5caf5fd, 0xf597f5ca, 0xf564f597, 0xf532f564, 0xf4fff532, 
0xf4ccf4ff, 0xf49af4cc, 0xf468f49a, 0xf435f468, 0xf403f435, 0xf3d1f403, 0xf39ff3d1, 0xf36df39f, 
0xf33bf36d, 0xf309f33b, 0xf2d8f309, 0xf2a6f2d8, 0xf274f2a6, 0xf242f274, 0xf211f242, 0xf1dff211, 
0xf1adf1df, 0xf17bf1ad, 0xf149f17b, 0xf117f149, 0xf0e5f117, 0xf0b2f0e5, 0xf080f0b2, 0xf04df080, 
0xf01bf04d, 0xefe8f01b, 0xefb5efe8, 0xef83efb5, 0xef50ef83, 0xef1def50, 0xeeeaef1d, 0xeeb7eeea, 
0xee85eeb7, 0xee52ee85, 0xee1fee52, 0xededee1f, 0xedbaeded, 0xed88edba, 0xed56ed88, 0xed24ed56, 
0xecf2ed24, 0xecc0ecf2, 0xec8eecc0, 0xec5cec8e, 0xec2bec5c, 0xebf9ec2b, 0xebc7ebf9, 0xeb95ebc7, 
0xeb64eb95, 0xeb32eb64, 0xeb00eb32, 0xeaceeb00, 0xea9ceace, 0xea6aea9c, 0xea38ea6a, 0xea05ea38, 
0xe9d3ea05, 0xe9a0e9d3, 0xe96ee9a0, 0xe93be96e, 0xe908e93b, 0xe8d6e908, 0xe8a3e8d6, 0xe870e8a3, 
0xe83de870, 0xe80ae83d, 0xe7d8e80a, 0xe7a5e7d8, 0xe772e7a5, 0xe740e772, 0xe70de740, 0xe6dbe70d, 
0xe6a9e6db, 0xe677e6a9, 0xe645e677, 0xe613e645, 0xe5e1e613, 0xe5afe5e1, 0xe57ee5af, 0xe54ce57e, 
0xe51ae54c, 0xe4e8e51a, 0xe4b7e4e8, 0xe485e4b7, 0xe453e485, 0xe421e453, 0xe3efe421, 0xe3bde3ef, 
0xe38be3bd, 0xe359e38b, 0xe326e359, 0xe2f4e326, 0xe2c1e2f4, 0xe28ee2c1, 0xe25ce28e, 0xe229e25c, 
0xe1f6e229, 0xe1c3e1f6, 0xe190e1c3, 0xe15de190, 0xe12be15d, 0xe0f8e12b, 0xe0c5e0f8, 0xe093e0c5, 
0xe060e093, 0xe02ee060, 0xdffce02e, 0xdfcadffc, 0xdf98dfca, 0xdf66df98, 0xdf34df66, 0xdf02df34, 
0xded0df02, 0xde9fded0, 0xde6dde9f, 0xde3bde6d, 0xde0ade3b, 0xddd8de0a, 0xdda6ddd8, 0xdd74dda6, 
0xdd42dd74, 0xdd10dd42, 0xdcdedd10, 0xdcacdcde, 0xdc79dcac, 0xdc47dc79, 0xdc14dc47, 0xdbe2dc14, 
0xdbafdbe2, 0xdb7cdbaf, 0xdb49db7c, 0xdb16db49, 0xdae3db16, 0xdab0dae3, 0xda7edab0, 0xda4bda7e, 
0xda18da4b, 0xd9e6da18, 0xd9b3d9e6, 0xd981d9b3, 0xd94fd981, 0xd91cd94f, 0xd8ead91c, 0xd8b9d8ea, 
0xd887d8b9, 0xd855d887, 0xd823d855, 0xd7f2d823, 0xd7c0d7f2, 0xd78ed7c0, 0xd75dd78e, 0xd72bd75d, 
0xd6f9d72b, 0xd6c8d6f9, 0xd696d6c8, 0xd664d696, 0xd631d664, 0xd5ffd631, 0xd5cdd5ff, 0xd59ad5cd, 
0xd568d59a, 0xd535d568, 0xd502d535, 0xd4cfd502, 0xd49cd4cf, 0xd469d49c, 0xd436d469, 0xd403d436, 
0xd3d0d403, 0xd39ed3d0, 0xd36bd39e, 0xd338d36b, 0xd306d338, 0xd2d3d306, 0xd2a1d2d3, 0xd26fd2a1, 
0xd23dd26f, 0xd20bd23d, 0xd1dad20b, 0xd1a8d1da, 0xd176d1a8, 0xd145d176, 0xd113d145, 0xd0e2d113, 
0xd0b0d0e2, 0xd07ed0b0, 0xd04dd07e, 0xd01bd04d, 0xcfe9d01b, 0xcfb7cfe9, 0xcf85cfb7, 0xcf53cf85, 
0xcf20cf53, 0xceeecf20, 0xcebbceee, 0xce88cebb, 0xce55ce88, 0xce22ce55, 0xcdefce22, 0xcdbccdef, 
0xcd89cdbc, 0xcd56cd89, 0xcd23cd56, 0xccf0cd23, 0xccbeccf0, 0xcc8bccbe, 0xcc59cc8b, 0xcc26cc59, 
0xcbf4cc26, 0xcbc2cbf4, 0xcb90cbc2, 0xcb5ecb90, 0xcb2ccb5e, 0xcafbcb2c, 0xcac9cafb, 0xca98cac9, 
0xca66ca98, 0xca35ca66, 0xca03ca35, 0xc9d2ca03, 0xc9a0c9d2, 0xc96ec9a0, 0xc93cc96e, 0xc90ac93c, 
0xc8d8c90a, 0xc8a6c8d8, 0xc874c8a6, 0xc841c874, 0xc80ec841, 0xc7dbc80e, 0xc7a9c7db, 0xc776c7a9, 
0xc742c776, 0xc70fc742, 0xc6dcc70f, 0xc6a9c6dc, 0xc676c6a9, 0xc643c676, 0xc610c643, 0xc5dec610, 
0xc5abc5de, 0xc579c5ab, 0xc546c579, 0xc514c546, 0xc4e2c514, 0xc4b0c4e2, 0xc47fc4b0, 0xc44dc47f, 
0xc41cc44d, 0xc3eac41c, 0xc3b9c3ea, 0xc388c3b9, 0xc356c388, 0xc325c356, 0xc2f3c325, 0xc2c2c2f3, 
0xc290c2c2, 0xc25ec290, 0xc22cc25e, 0xc1fac22c, 0xc1c7c1fa, 0xc195c1c7, 0xc162c195, 0xc12fc162, 
0xc0fcc12f, 0xc0c9c0fc, 0xc096c0c9, 0xc062c096, 0xc02fc062, 0xbffcc02f, 0xbfc9bffc, 0xbf96bfc9, 
0xbf63bf96, 0xbf30bf63, 0xbefdbf30, 0xbecbbefd, 0xbe99becb, 0xbe66be99, 0xbe35be66, 0xbe03be35, 
0xbdd1be03, 0xbda0bdd1, 0xbd6ebda0, 0xbd3dbd6e, 0xbd0cbd3d, 0xbcdbbd0c, 0xbcaabcdb, 0xbc78bcaa, 
0xbc47bc78, 0xbc15bc47, 0xbbe4bc15, 0xbbb2bbe4, 0xbb80bbb2, 0xbb4ebb80, 0xbb1bbb4e, 0xbae9bb1b, 
0xbab6bae9, 0xba83bab6, 0xba50ba83, 0xba1cba50, 0xb9e9ba1c, 0xb9b6b9e9, 0xb982b9b6, 0xb94fb982, 
0xb91bb94f, 0xb8e8b91b, 0xb8b5b8e8, 0xb882b8b5, 0xb84fb882, 0xb81db84f, 0xb7eab81d, 0xb7b8b7ea, 
0xb786b7b8, 0xb755b786, 0xb723b755, 0xb6f2b723, 0xb6c1b6f2, 0xb690b6c1, 0xb65fb690, 0xb62eb65f, 
0xb5fdb62e, 0xb5ccb5fd, 0xb59bb5cc, 0xb569b59b, 0xb538b569, 0xb506b538, 0xb4d4b506, 0xb4a2b4d4, 
0xb470b4a2, 0xb43db470, 0xb40ab43d, 0xb3d7b40a, 0xb3a4b3d7, 0xb370b3a4, 0xb33cb370, 0xb309b33c, 
0xb2d5b309, 0xb2a1b2d5, 0xb26eb2a1, 0xb23ab26e, 0xb207b23a, 0xb1d3b207, 0xb1a1b1d3, 0xb16eb1a1, 
0xb13cb16e, 0xb10ab13c, 0xb0d8b10a, 0xb0a6b0d8, 0xb075b0a6, 0xb044b075, 0xb013b044, 0xafe3b013, 
0xafb2afe3, 0xaf81afb2, 0xaf51af81, 0xaf20af51, 0xaeefaf20, 0xaebeaeef, 0xae8daebe, 0xae5cae8d, 
0xae2aae5c, 0xadf8ae2a, 0xadc5adf8, 0xad92adc5, 0xad5fad92, 0xad2cad5f, 0xacf8ad2c, 0xacc4acf8, 
0xac90acc4, 0xac5cac90, 0xac27ac5c, 0xabf3ac27, 0xabbfabf3, 0xab8babbf, 0xab57ab8b, 0xab23ab57, 
0xaaf0ab23, 0xaabdaaf0, 0xaa8baabd, 0xaa59aa8b, 0xaa28aa59, 0xa9f6aa28, 0xa9c6a9f6, 0xa995a9c6, 
0xa965a995, 0xa935a965, 0xa905a935, 0xa8d6a905, 0xa8a6a8d6, 0xa876a8a6, 0xa846a876, 0xa815a846, 
0xa7e5a815, 0xa7b4a7e5, 0xa782a7b4, 0xa750a782, 0xa71da750, 0xa6eaa71d, 0xa6b6a6ea, 0xa682a6b6, 
0xa64ea682, 0xa619a64e, 0xa5e3a619, 0xa5aea5e3, 0xa578a5ae, 0xa543a578, 0xa50da543, 0xa4d8a50d, 
0xa4a3a4d8, 0xa46fa4a3, 0xa43ba46f, 0xa408a43b, 0xa3d6a408, 0xa3a4a3d6, 0xa373a3a4, 0xa343a373, 
0xa313a343, 0xa2e5a313, 0xa2b6a2e5, 0xa289a2b6, 0xa25ba289, 0xa22ea25b, 0xa200a22e, 0xa1d3a200, 
0xa1a5a1d3, 0xa176a1a5, 0xa147a176, 0xa117a147, 0xa0e5a117, 0xa0b3a0e5, 0xa07fa0b3, 0xa04aa07f, 
0xa014a04a, 0x9fdda014, 0x9fa49fdd, 0x9f6b9fa4, 0x9f319f6b, 0x9ef69f31, 0x9eba9ef6, 0x9e7f9eba, 
0x9e449e7f, 0x9e0a9e44, 0x9dd29e0a, 0x9d9b9dd2, 0x9d669d9b, 0x9d339d66, 0x9d049d33, 0x9cd89d04, 
0x9cb19cd8, 0x9c8d9cb1, 0x9c6f9c8d, 0x9c559c6f, 0x9c419c55, 0x9c329c41, 0x9c2a9c32, 0x9c279c2a, 
0x9c2a9c27, 0x9c329c2a, 0x9c419c32, 0x9c559c41, 0x9c6f9c55, 0x9c8d9c6f, 0x9cb19c8d, 0x9cd89cb1, 
0x9d049cd8, 0x9d339d04, 0x9d669d33, 0x9d9b9d66, 0x9dd29d9b, 0x9e0a9dd2, 0x9e449e0a, 0x9e7f9e44, 
0x9eba9e7f, 0x9ef69eba, 0x9f319ef6, 0x9f6b9f31, 0x9fa49f6b, 0x9fdd9fa4, 0xa0149fdd, 0xa04aa014, 
0xa07fa04a, 0xa0b3a07f, 0xa0e5a0b3, 0xa117a0e5, 0xa147a117, 0xa176a147, 0xa1a5a176, 0xa1d3a1a5, 
0xa200a1d3, 0xa22ea200, 0xa25ba22e, 0xa289a25b, 0xa2b6a289, 0xa2e5a2b6, 0xa313a2e5, 0xa343a313, 
0xa373a343, 0xa3a4a373, 0xa3d6a3a4, 0xa408a3d6, 0xa43ba408, 0xa46fa43b, 0xa4a3a46f, 0xa4d8a4a3, 
0xa50da4d8, 0xa543a50d, 0xa578a543, 0xa5aea578, 0xa5e3a5ae, 0xa619a5e3, 0xa64ea619, 0xa682a64e, 
0xa6b6a682, 0xa6eaa6b6, 0xa71da6ea, 0xa750a71d, 0xa782a750, 0xa7b4a782, 0xa7e5a7b4, 0xa815a7e5, 
0xa846a815, 0xa876a846, 0xa8a6a876, 0xa8d6a8a6, 0xa905a8d6, 0xa935a905, 0xa965a935, 0xa995a965, 
0xa9c6a995, 0xa9f6a9c6, 0xaa28a9f6, 0xaa59aa28, 0xaa8baa59, 0xaabdaa8b, 0xaaf0aabd, 0xab23aaf0, 
0xab57ab23, 0xab8bab57, 0xabbfab8b, 0xabf3abbf, 0xac27abf3, 0xac5cac27, 0xac90ac5c, 0xacc4ac90, 
0xacf8acc4, 0xad2cacf8, 0xad5fad2c, 0xad92ad5f, 0xadc5ad92, 0xadf8adc5, 0xae2aadf8, 0xae5cae2a, 
0xae8dae5c, 0xaebeae8d, 0xaeefaebe, 0xaf20aeef, 0xaf51af20, 0xaf81af51, 0xafb2af81, 0xafe3afb2, 
0xb013afe3, 0xb044b013, 0xb075b044, 0xb0a6b075, 0xb0d8b0a6, 0xb10ab0d8, 0xb13cb10a, 0xb16eb13c, 
0xb1a1b16e, 0xb1d3b1a1, 0xb207b1d3, 0xb23ab207, 0xb26eb23a, 0xb2a1b26e, 0xb2d5b2a1, 0xb309b2d5, 
0xb33cb309, 0xb370b33c, 0xb3a4b370, 0xb3d7b3a4, 0xb40ab3d7, 0xb43db40a, 0xb470b43d, 0xb4a2b470, 
0xb4d4b4a2, 0xb506b4d4, 0xb538b506, 0xb569b538, 0xb59bb569, 0xb5ccb59b, 0xb5fdb5cc, 0xb62eb5fd, 
0xb65fb62e, 0xb690b65f, 0xb6c1b690, 0xb6f2b6c1, 0xb723b6f2, 0xb755b723, 0xb786b755, 0xb7b8b786, 
0xb7eab7b8, 0xb81db7ea, 0xb84fb81d, 0xb882b84f, 0xb8b5b882, 0xb8e8b8b5, 0xb91bb8e8, 0xb94fb91b, 
0xb982b94f, 0xb9b6b982, 0xb9e9b9b6, 0xba1cb9e9, 0xba50ba1c, 0xba83ba50, 0xbab6ba83, 0xbae9bab6, 
0xbb1bbae9, 0xbb4ebb1b, 0xbb80bb4e, 0xbbb2bb80, 0xbbe4bbb2, 0xbc15bbe4, 0xbc47bc15, 0xbc78bc47, 
0xbcaabc78, 0xbcdbbcaa, 0xbd0cbcdb, 0xbd3dbd0c, 0xbd6ebd3d, 0xbda0bd6e, 0xbdd1bda0, 0xbe03bdd1, 
0xbe35be03, 0xbe66be35, 0xbe99be66, 0xbecbbe99, 0xbefdbecb, 0xbf30befd, 0xbf63bf30, 0xbf96bf63, 
0xbfc9bf96, 0xbffcbfc9, 0xc02fbffc, 0xc062c02f, 0xc096c062, 0xc0c9c096, 0xc0fcc0c9, 0xc12fc0fc, 
0xc162c12f, 0xc195c162, 0xc1c7c195, 0xc1fac1c7, 0xc22cc1fa, 0xc25ec22c, 0xc290c25e, 0xc2c2c290, 
0xc2f3c2c2, 0xc325c2f3, 0xc356c325, 0xc388c356, 0xc3b9c388, 0xc3eac3b9, 0xc41cc3ea, 0xc44dc41c, 
0xc47fc44d, 0xc4b0c47f, 0xc4e2c4b0, 0xc514c4e2, 0xc546c514, 0xc579c546, 0xc5abc579, 0xc5dec5ab, 
0xc610c5de, 0xc643c610, 0xc676c643, 0xc6a9c676, 0xc6dcc6a9, 0xc70fc6dc, 0xc742c70f, 0xc776c742, 
0xc7a9c776, 0xc7dbc7a9, 0xc80ec7db, 0xc841c80e, 0xc874c841, 0xc8a6c874, 0xc8d8c8a6, 0xc90ac8d8, 
0xc93cc90a, 0xc96ec93c, 0xc9a0c96e, 0xc9d2c9a0, 0xca03c9d2, 0xca35ca03, 0xca66ca35, 0xca98ca66, 
0xcac9ca98, 0xcafbcac9, 0xcb2ccafb, 0xcb5ecb2c, 0xcb90cb5e, 0xcbc2cb90, 0xcbf4cbc2, 0xcc26cbf4, 
0xcc59cc26, 0xcc8bcc59, 0xccbecc8b, 0xccf0ccbe, 0xcd23ccf0, 0xcd56cd23, 0xcd89cd56, 0xcdbccd89, 
0xcdefcdbc, 0xce22cdef, 0xce55ce22, 0xce88ce55, 0xcebbce88, 0xceeecebb, 0xcf20ceee, 0xcf53cf20, 
0xcf85cf53, 0xcfb7cf85, 0xcfe9cfb7, 0xd01bcfe9, 0xd04dd01b, 0xd07ed04d, 0xd0b0d07e, 0xd0e2d0b0, 
0xd113d0e2, 0xd145d113, 0xd176d145, 0xd1a8d176, 0xd1dad1a8, 0xd20bd1da, 0xd23dd20b, 0xd26fd23d, 
0xd2a1d26f, 0xd2d3d2a1, 0xd306d2d3, 0xd338d306, 0xd36bd338, 0xd39ed36b, 0xd3d0d39e, 0xd403d3d0, 
0xd436d403, 0xd469d436, 0xd49cd469, 0xd4cfd49c, 0xd502d4cf, 0xd535d502, 0xd568d535, 0xd59ad568, 
0xd5cdd59a, 0xd5ffd5cd, 0xd631d5ff, 0xd664d631, 0xd696d664, 0xd6c8d696, 0xd6f9d6c8, 0xd72bd6f9, 
0xd75dd72b, 0xd78ed75d, 0xd7c0d78e, 0xd7f2d7c0, 0xd823d7f2, 0xd855d823, 0xd887d855, 0xd8b9d887, 
0xd8ead8b9, 0xd91cd8ea, 0xd94fd91c, 0xd981d94f, 0xd9b3d981, 0xd9e6d9b3, 0xda18d9e6, 0xda4bda18, 
0xda7eda4b, 0xdab0da7e, 0xdae3dab0, 0xdb16dae3, 0xdb49db16, 0xdb7cdb49, 0xdbafdb7c, 0xdbe2dbaf, 
0xdc14dbe2, 0xdc47dc14, 0xdc79dc47, 0xdcacdc79, 0xdcdedcac, 0xdd10dcde, 0xdd42dd10, 0xdd74dd42, 
0xdda6dd74, 0xddd8dda6, 0xde0addd8, 0xde3bde0a, 0xde6dde3b, 0xde9fde6d, 0xded0de9f, 0xdf02ded0, 
0xdf34df02, 0xdf66df34, 0xdf98df66, 0xdfcadf98, 0xdffcdfca, 0xe02edffc, 0xe060e02e, 0xe093e060, 
0xe0c5e093, 0xe0f8e0c5, 0xe12be0f8, 0xe15de12b, 0xe190e15d, 0xe1c3e190, 0xe1f6e1c3, 0xe229e1f6, 
0xe25ce229, 0xe28ee25c, 0xe2c1e28e, 0xe2f4e2c1, 0xe326e2f4, 0xe359e326, 0xe38be359, 0xe3bde38b, 
0xe3efe3bd, 0xe421e3ef, 0xe453e421, 0xe485e453, 0xe4b7e485, 0xe4e8e4b7, 0xe51ae4e8, 0xe54ce51a, 
0xe57ee54c, 0xe5afe57e, 0xe5e1e5af, 0xe613e5e1, 0xe645e613, 0xe677e645, 0xe6a9e677, 0xe6dbe6a9, 
0xe70de6db, 0xe740e70d, 0xe772e740, 0xe7a5e772, 0xe7d8e7a5, 0xe80ae7d8, 0xe83de80a, 0xe870e83d, 
0xe8a3e870, 0xe8d6e8a3, 0xe908e8d6, 0xe93be908, 0xe96ee93b, 0xe9a0e96e, 0xe9d3e9a0, 0xea05e9d3, 
0xea38ea05, 0xea6aea38, 0xea9cea6a, 0xeaceea9c, 0xeb00eace, 0xeb32eb00, 0xeb64eb32, 0xeb95eb64, 
0xebc7eb95, 0xebf9ebc7, 0xec2bebf9, 0xec5cec2b, 0xec8eec5c, 0xecc0ec8e, 0xecf2ecc0, 0xed24ecf2, 
0xed56ed24, 0xed88ed56, 0xedbaed88, 0xedededba, 0xee1feded, 0xee52ee1f, 0xee85ee52, 0xeeb7ee85, 
0xeeeaeeb7, 0xef1deeea, 0xef50ef1d, 0xef83ef50, 0xefb5ef83, 0xefe8efb5, 0xf01befe8, 0xf04df01b, 
0xf080f04d, 0xf0b2f080, 0xf0e5f0b2, 0xf117f0e5, 0xf149f117, 0xf17bf149, 0xf1adf17b, 0xf1dff1ad, 
0xf211f1df, 0xf242f211, 0xf274f242, 0xf2a6f274, 0xf2d8f2a6, 0xf309f2d8, 0xf33bf309, 0xf36df33b, 
0xf39ff36d, 0xf3d1f39f, 0xf403f3d1, 0xf435f403, 0xf468f435, 0xf49af468, 0xf4ccf49a, 0xf4fff4cc, 
0xf532f4ff, 0xf564f532, 0xf597f564, 0xf5caf597, 0xf5fdf5ca, 0xf62ff5fd, 0xf662f62f, 0xf695f662, 
0xf6c8f695, 0xf6faf6c8, 0xf72df6fa, 0xf75ff72d, 0xf792f75f, 0xf7c4f792, 0xf7f6f7c4, 0xf828f7f6, 
0xf85af828, 0xf88cf85a, 0xf8bef88c, 0xf8eff8be, 0xf921f8ef, 0xf953f921, 0xf985f953, 0xf9b6f985, 
0xf9e8f9b6, 0xfa1af9e8, 0xfa4cfa1a, 0xfa7efa4c, 0xfab0fa7e, 0xfae2fab0, 0xfb15fae2, 0xfb47fb15, 
0xfb79fb47, 0xfbacfb79, 0xfbdffbac, 0xfc11fbdf, 0xfc44fc11, 0xfc77fc44, 0xfcaafc77, 0xfcdcfcaa, 
0xfd0ffcdc, 0xfd42fd0f, 0xfd75fd42, 0xfda7fd75, 0xfddafda7, 0xfe0cfdda, 0xfe3ffe0c, 0xfe71fe3f, 
0xfea3fe71, 0xfed5fea3, 0xff07fed5, 0xff39ff07, 0xff6bff39, 0xff9dff6b, 0xffceff9d, 0x0000ffce, 
0x00320000, 0x00630032, 0x00950063, 0x00c70095, 0x00f900c7, 0x012b00f9, 0x015d012b, 0x018f015d, 
0x01c1018f, 0x01f401c1, 0x022601f4, 0x02590226, 0x028b0259, 0x02be028b, 0x02f102be, 0x032402f1, 
0x03560324, 0x03890356, 0x03bc0389, 0x03ef03bc, 0x042103ef, 0x04540421, 0x04870454, 0x04b90487, 
0x04eb04b9, 0x051e04eb, 0x0550051e, 0x05820550, 0x05b40582, 0x05e605b4, 0x061805e6, 0x064a0618, 
0x067b064a, 0x06ad067b, 0x06df06ad, 0x071106df, 0x07420711, 0x07740742, 0x07a60774, 0x07d807a6, 
0x080a07d8, 0x083c080a, 0x086e083c, 0x08a1086e, 0x08d308a1, 0x090608d3, 0x09380906, 0x096b0938, 
0x099e096b, 0x09d1099e, 0x0a0309d1, 0x0a360a03, 0x0a690a36, 0x0a9c0a69, 0x0ace0a9c, 0x0b010ace, 
0x0b340b01, 0x0b660b34, 0x0b980b66, 0x0bcb0b98, 0x0bfd0bcb, 0x0c2f0bfd, 0x0c610c2f, 0x0c930c61, 
0x0cc50c93, 0x0cf70cc5, 0x0d280cf7, 0x0d5a0d28, 0x0d8c0d5a, 0x0dbe0d8c, 0x0def0dbe, 0x0e210def, 
0x0e530e21, 0x0e850e53, 0x0eb70e85, 0x0ee90eb7, 0x0f1b0ee9, 0x0f4e0f1b, 0x0f800f4e, 0x0fb30f80, 
0x0fe50fb3, 0x10180fe5, 0x104b1018, 0x107d104b, 0x10b0107d, 0x10e310b0, 0x111610e3, 0x11491116, 
0x117b1149, 0x11ae117b, 0x11e111ae, 0x121311e1, 0x12461213, 0x12781246, 0x12aa1278, 0x12dc12aa, 
0x130e12dc, 0x1340130e, 0x13721340, 0x13a41372, 0x13d513a4, 0x140713d5, 0x14391407, 0x146b1439, 
0x149c146b, 0x14ce149c, 0x150014ce, 0x15321500, 0x15641532, 0x15961564, 0x15c81596, 0x15fb15c8, 
0x162d15fb, 0x1660162d, 0x16921660, 0x16c51692, 0x16f816c5, 0x172a16f8, 0x175d172a, 0x1790175d, 
0x17c31790, 0x17f617c3, 0x182817f6, 0x185b1828, 0x188e185b, 0x18c0188e, 0x18f318c0, 0x192518f3, 
0x19571925, 0x19891957, 0x19bb1989, 0x19ed19bb, 0x1a1f19ed, 0x1a511a1f, 0x1a821a51, 0x1ab41a82, 
0x1ae61ab4, 0x1b181ae6, 0x1b491b18, 0x1b7b1b49, 0x1bad1b7b, 0x1bdf1bad, 0x1c111bdf, 0x1c431c11, 
0x1c751c43, 0x1ca71c75, 0x1cda1ca7, 0x1d0c1cda, 0x1d3f1d0c, 0x1d721d3f, 0x1da41d72, 0x1dd71da4, 
0x1e0a1dd7, 0x1e3d1e0a, 0x1e701e3d, 0x1ea31e70, 0x1ed51ea3, 0x1f081ed5, 0x1f3b1f08, 0x1f6d1f3b, 
0x1fa01f6d, 0x1fd21fa0, 0x20041fd2, 0x20362004, 0x20682036, 0x209a2068, 0x20cc209a, 0x20fe20cc, 
0x213020fe, 0x21612130, 0x21932161, 0x21c52193, 0x21f621c5, 0x222821f6, 0x225a2228, 0x228c225a, 
0x22be228c, 0x22f022be, 0x232222f0, 0x23542322, 0x23872354, 0x23b92387, 0x23ec23b9, 0x241e23ec, 
0x2451241e, 0x24842451, 0x24b72484, 0x24ea24b7, 0x251d24ea, 0x2550251d, 0x25822550, 0x25b52582, 
0x25e825b5, 0x261a25e8, 0x264d261a, 0x267f264d, 0x26b1267f, 0x26e426b1, 0x271626e4, 0x27472716, 
0x27792747, 0x27ab2779, 0x27dd27ab, 0x280e27dd, 0x2840280e, 0x28722840, 0x28a32872, 0x28d528a3, 
0x290728d5, 0x29382907, 0x296a2938, 0x299c296a, 0x29cf299c, 0x2a0129cf, 0x2a332a01, 0x2a662a33, 
0x2a982a66, 0x2acb2a98, 0x2afe2acb, 0x2b312afe, 0x2b642b31, 0x2b972b64, 0x2bca2b97, 0x2bfd2bca, 
0x2c302bfd, 0x2c622c30, 0x2c952c62, 0x2cc82c95, 0x2cfa2cc8, 0x2d2d2cfa, 0x2d5f2d2d, 0x2d912d5f, 
0x2dc32d91, 0x2df52dc3, 0x2e262df5, 0x2e582e26, 0x2e8a2e58, 0x2ebb2e8a, 0x2eed2ebb, 0x2f1e2eed, 
0x2f502f1e, 0x2f822f50, 0x2fb32f82, 0x2fe52fb3, 0x30172fe5, 0x30493017, 0x307b3049, 0x30ad307b, 
0x30e030ad, 0x311230e0, 0x31453112, 0x31783145, 0x31ab3178, 0x31de31ab, 0x321131de, 0x32443211, 
0x32773244, 0x32aa3277, 0x32dd32aa, 0x331032dd, 0x33423310, 0x33753342, 0x33a73375, 0x33da33a7, 
0x340c33da, 0x343e340c, 0x3470343e, 0x34a23470, 0x34d434a2, 0x350534d4, 0x35373505, 0x35683537, 
0x359a3568, 0x35cb359a, 0x35fd35cb, 0x362e35fd, 0x3660362e, 0x36923660, 0x36c43692, 0x36f636c4, 
0x372836f6, 0x375a3728, 0x378c375a, 0x37bf378c, 0x37f237bf, 0x382537f2, 0x38573825, 0x388a3857, 
0x38be388a, 0x38f138be, 0x392438f1, 0x39573924, 0x398a3957, 0x39bd398a, 0x39f039bd, 0x3a2239f0, 
0x3a553a22, 0x3a873a55, 0x3aba3a87, 0x3aec3aba, 0x3b1e3aec, 0x3b503b1e, 0x3b813b50, 0x3bb33b81, 
0x3be43bb3, 0x3c163be4, 0x3c473c16, 0x3c783c47, 0x3caa3c78, 0x3cdb3caa, 0x3d0d3cdb, 0x3d3e3d0d, 
0x3d703d3e, 0x3da23d70, 0x3dd43da2, 0x3e063dd4, 0x3e393e06, 0x3e6b3e39, 0x3e9e3e6b, 0x3ed13e9e, 
0x3f043ed1, 0x3f373f04, 0x3f6a3f37, 0x3f9e3f6a, 0x3fd13f9e, 0x40043fd1, 0x40374004, 0x406a4037, 
0x409d406a, 0x40d0409d, 0x410340d0, 0x41354103, 0x41674135, 0x419a4167, 0x41cb419a, 0x41fd41cb, 
0x422f41fd, 0x4260422f, 0x42924260, 0x42c34292, 0x42f442c3, 0x432542f4, 0x43564325, 0x43884356, 
0x43b94388, 0x43eb43b9, 0x441c43eb, 0x444e441c, 0x4480444e, 0x44b24480, 0x44e544b2, 0x451744e5, 
0x454a4517, 0x457d454a, 0x45b0457d, 0x45e445b0, 0x461745e4, 0x464a4617, 0x467e464a, 0x46b1467e, 
0x46e546b1, 0x471846e5, 0x474b4718, 0x477e474b, 0x47b1477e, 0x47e347b1, 0x481647e3, 0x48484816, 
0x487a4848, 0x48ab487a, 0x48dd48ab, 0x490e48dd, 0x493f490e, 0x4970493f, 0x49a14970, 0x49d249a1, 
0x4a0349d2, 0x4a344a03, 0x4a654a34, 0x4a974a65, 0x4ac84a97, 0x4afa4ac8, 0x4b2c4afa, 0x4b5e4b2c, 
0x4b904b5e, 0x4bc34b90, 0x4bf64bc3, 0x4c294bf6, 0x4c5c4c29, 0x4c904c5c, 0x4cc44c90, 0x4cf74cc4, 
0x4d2b4cf7, 0x4d5f4d2b, 0x4d924d5f, 0x4dc64d92, 0x4df94dc6, 0x4e2d4df9, 0x4e5f4e2d, 0x4e924e5f, 
0x4ec44e92, 0x4ef64ec4, 0x4f284ef6, 0x4f5a4f28, 0x4f8b4f5a, 0x4fbc4f8b, 0x4fed4fbc, 0x501d4fed, 
0x504e501d, 0x507f504e, 0x50af507f, 0x50e050af, 0x511150e0, 0x51425111, 0x51735142, 0x51a45173, 
0x51d651a4, 0x520851d6, 0x523b5208, 0x526e523b, 0x52a1526e, 0x52d452a1, 0x530852d4, 0x533c5308, 
0x5370533c, 0x53a45370, 0x53d953a4, 0x540d53d9, 0x5441540d, 0x54755441, 0x54a95475, 0x54dd54a9, 
0x551054dd, 0x55435510, 0x55755543, 0x55a75575, 0x55d855a7, 0x560a55d8, 0x563a560a, 0x566b563a, 
0x569b566b, 0x56cb569b, 0x56fb56cb, 0x572a56fb, 0x575a572a, 0x578a575a, 0x57ba578a, 0x57eb57ba, 
0x581b57eb, 0x584c581b, 0x587e584c, 0x58b0587e, 0x58e358b0, 0x591658e3, 0x594a5916, 0x597e594a, 
0x59b2597e, 0x59e759b2, 0x5a1d59e7, 0x5a525a1d, 0x5a885a52, 0x5abd5a88, 0x5af35abd, 0x5b285af3, 
0x5b5d5b28, 0x5b915b5d, 0x5bc55b91, 0x5bf85bc5, 0x5c2a5bf8, 0x5c5c5c2a, 0x5c8d5c5c, 0x5cbd5c8d, 
0x5ced5cbd, 0x5d1b5ced, 0x5d4a5d1b, 0x5d775d4a, 0x5da55d77, 0x5dd25da5, 0x5e005dd2, 0x5e2d5e00, 
0x5e5b5e2d, 0x5e8a5e5b, 0x5eb95e8a, 0x5ee95eb9, 0x5f1b5ee9, 0x5f4d5f1b, 0x5f815f4d, 0x5fb65f81, 
0x5fec5fb6, 0x60235fec, 0x605c6023, 0x6095605c, 0x60cf6095, 0x610a60cf, 0x6146610a, 0x61816146, 
0x61bc6181, 0x61f661bc, 0x622e61f6, 0x6265622e, 0x629a6265, 0x62cd629a, 0x62fc62cd, 0x632862fc, 
0x634f6328, 0x6373634f, 0x63916373, 0x63ab6391, 0x63bf63ab, 0x63ce63bf, 0x63d663ce, 0x63d963d6, 
0x63d663d9, 0x63ce63d6, 0x63bf63ce, 0x63ab63bf, 0x639163ab, 0x63736391, 0x634f6373, 0x6328634f, 
0x62fc6328, 0x62cd62fc, 0x629a62cd, 0x6265629a, 0x622e6265, 0x61f6622e, 0x61bc61f6, 0x618161bc, 
0x61466181, 0x610a6146, 0x60cf610a, 0x609560cf, 0x605c6095, 0x6023605c, 0x5fec6023, 0x5fb65fec, 
0x5f815fb6, 0x5f4d5f81, 0x5f1b5f4d, 0x5ee95f1b, 0x5eb95ee9, 0x5e8a5eb9, 0x5e5b5e8a, 0x5e2d5e5b, 
0x5e005e2d, 0x5dd25e00, 0x5da55dd2, 0x5d775da5, 0x5d4a5d77, 0x5d1b5d4a, 0x5ced5d1b, 0x5cbd5ced, 
0x5c8d5cbd, 0x5c5c5c8d, 0x5c2a5c5c, 0x5bf85c2a, 0x5bc55bf8, 0x5b915bc5, 0x5b5d5b91, 0x5b285b5d, 
0x5af35b28, 0x5abd5af3, 0x5a885abd, 0x5a525a88, 0x5a1d5a52, 0x59e75a1d, 0x59b259e7, 0x597e59b2, 
0x594a597e, 0x5916594a, 0x58e35916, 0x58b058e3, 0x587e58b0, 0x584c587e, 0x581b584c, 0x57eb581b, 
0x57ba57eb, 0x578a57ba, 0x575a578a, 0x572a575a, 0x56fb572a, 0x56cb56fb, 0x569b56cb, 0x566b569b, 
0x563a566b, 0x560a563a, 0x55d8560a, 0x55a755d8, 0x557555a7, 0x55435575, 0x55105543, 0x54dd5510, 
0x54a954dd, 0x547554a9, 0x54415475, 0x540d5441, 0x53d9540d, 0x53a453d9, 0x537053a4, 0x533c5370, 
0x5308533c, 0x52d45308, 0x52a152d4, 0x526e52a1, 0x523b526e, 0x5208523b, 0x51d65208, 0x51a451d6, 
0x517351a4, 0x51425173, 0x51115142, 0x50e05111, 0x50af50e0, 0x507f50af, 0x504e507f, 0x501d504e, 
0x4fed501d, 0x4fbc4fed, 0x4f8b4fbc, 0x4f5a4f8b, 0x4f284f5a, 0x4ef64f28, 0x4ec44ef6, 0x4e924ec4, 
0x4e5f4e92, 0x4e2d4e5f, 0x4df94e2d, 0x4dc64df9, 0x4d924dc6, 0x4d5f4d92, 0x4d2b4d5f, 0x4cf74d2b, 
0x4cc44cf7, 0x4c904cc4, 0x4c5c4c90, 0x4c294c5c, 0x4bf64c29, 0x4bc34bf6, 0x4b904bc3, 0x4b5e4b90, 
0x4b2c4b5e, 0x4afa4b2c, 0x4ac84afa, 0x4a974ac8, 0x4a654a97, 0x4a344a65, 0x4a034a34, 0x49d24a03, 
0x49a149d2, 0x497049a1, 0x493f4970, 0x490e493f, 0x48dd490e, 0x48ab48dd, 0x487a48ab, 0x4848487a, 
0x48164848, 0x47e34816, 0x47b147e3, 0x477e47b1, 0x474b477e, 0x4718474b, 0x46e54718, 0x46b146e5, 
0x467e46b1, 0x464a467e, 0x4617464a, 0x45e44617, 0x45b045e4, 0x457d45b0, 0x454a457d, 0x4517454a, 
0x44e54517, 0x44b244e5, 0x448044b2, 0x444e4480, 0x441c444e, 0x43eb441c, 0x43b943eb, 0x438843b9, 
0x43564388, 0x43254356, 0x42f44325, 0x42c342f4, 0x429242c3, 0x42604292, 0x422f4260, 0x41fd422f, 
0x41cb41fd, 0x419a41cb, 0x4167419a, 0x41354167, 0x41034135, 0x40d04103, 0x409d40d0, 0x406a409d, 
0x4037406a, 0x40044037, 0x3fd14004, 0x3f9e3fd1, 0x3f6a3f9e, 0x3f373f6a, 0x3f043f37, 0x3ed13f04, 
0x3e9e3ed1, 0x3e6b3e9e, 0x3e393e6b, 0x3e063e39, 0x3dd43e06, 0x3da23dd4, 0x3d703da2, 0x3d3e3d70, 
0x3d0d3d3e, 0x3cdb3d0d, 0x3caa3cdb, 0x3c783caa, 0x3c473c78, 0x3c163c47, 0x3be43c16, 0x3bb33be4, 
0x3b813bb3, 0x3b503b81, 0x3b1e3b50, 0x3aec3b1e, 0x3aba3aec, 0x3a873aba, 0x3a553a87, 0x3a223a55, 
0x39f03a22, 0x39bd39f0, 0x398a39bd, 0x3957398a, 0x39243957, 0x38f13924, 0x38be38f1, 0x388a38be, 
0x3857388a, 0x38253857, 0x37f23825, 0x37bf37f2, 0x378c37bf, 0x375a378c, 0x3728375a, 0x36f63728, 
0x36c436f6, 0x369236c4, 0x36603692, 0x362e3660, 0x35fd362e, 0x35cb35fd, 0x359a35cb, 0x3568359a, 
0x35373568, 0x35053537, 0x34d43505, 0x34a234d4, 0x347034a2, 0x343e3470, 0x340c343e, 0x33da340c, 
0x33a733da, 0x337533a7, 0x33423375, 0x33103342, 0x32dd3310, 0x32aa32dd, 0x327732aa, 0x32443277, 
0x32113244, 0x31de3211, 0x31ab31de, 0x317831ab, 0x31453178, 0x31123145, 0x30e03112, 0x30ad30e0, 
0x307b30ad, 0x3049307b, 0x30173049, 0x2fe53017, 0x2fb32fe5, 0x2f822fb3, 0x2f502f82, 0x2f1e2f50, 
0x2eed2f1e, 0x2ebb2eed, 0x2e8a2ebb, 0x2e582e8a, 0x2e262e58, 0x2df52e26, 0x2dc32df5, 0x2d912dc3, 
0x2d5f2d91, 0x2d2d2d5f, 0x2cfa2d2d, 0x2cc82cfa, 0x2c952cc8, 0x2c622c95, 0x2c302c62, 0x2bfd2c30, 
0x2bca2bfd, 0x2b972bca, 0x2b642b97, 0x2b312b64, 0x2afe2b31, 0x2acb2afe, 0x2a982acb, 0x2a662a98, 
0x2a332a66, 0x2a012a33, 0x29cf2a01, 0x299c29cf, 0x296a299c, 0x2938296a, 0x29072938, 0x28d52907, 
0x28a328d5, 0x287228a3, 0x28402872, 0x280e2840, 0x27dd280e, 0x27ab27dd, 0x277927ab, 0x27472779, 
0x27162747, 0x26e42716, 0x26b126e4, 0x267f26b1, 0x264d267f, 0x261a264d, 0x25e8261a, 0x25b525e8, 
0x258225b5, 0x25502582, 0x251d2550, 0x24ea251d, 0x24b724ea, 0x248424b7, 0x24512484, 0x241e2451, 
0x23ec241e, 0x23b923ec, 0x238723b9, 0x23542387, 0x23222354, 0x22f02322, 0x22be22f0, 0x228c22be, 
0x225a228c, 0x2228225a, 0x21f62228, 0x21c521f6, 0x219321c5, 0x21612193, 0x21302161, 0x20fe2130, 
0x20cc20fe, 0x209a20cc, 0x2068209a, 0x20362068, 0x20042036, 0x1fd22004, 0x1fa01fd2, 0x1f6d1fa0, 
0x1f3b1f6d, 0x1f081f3b, 0x1ed51f08, 0x1ea31ed5, 0x1e701ea3, 0x1e3d1e70, 0x1e0a1e3d, 0x1dd71e0a, 
0x1da41dd7, 0x1d721da4, 0x1d3f1d72, 0x1d0c1d3f, 0x1cda1d0c, 0x1ca71cda, 0x1c751ca7, 0x1c431c75, 
0x1c111c43, 0x1bdf1c11, 0x1bad1bdf, 0x1b7b1bad, 0x1b491b7b, 0x1b181b49, 0x1ae61b18, 0x1ab41ae6, 
0x1a821ab4, 0x1a511a82, 0x1a1f1a51, 0x19ed1a1f, 0x19bb19ed, 0x198919bb, 0x19571989, 0x19251957, 
0x18f31925, 0x18c018f3, 0x188e18c0, 0x185b188e, 0x1828185b, 0x17f61828, 0x17c317f6, 0x179017c3, 
0x175d1790, 0x172a175d, 0x16f8172a, 0x16c516f8, 0x169216c5, 0x16601692, 0x162d1660, 0x15fb162d, 
0x15c815fb, 0x159615c8, 0x15641596, 0x15321564, 0x15001532, 0x14ce1500, 0x149c14ce, 0x146b149c, 
0x1439146b, 0x14071439, 0x13d51407, 0x13a413d5, 0x137213a4, 0x13401372, 0x130e1340, 0x12dc130e, 
0x12aa12dc, 0x127812aa, 0x12461278, 0x12131246, 0x11e11213, 0x11ae11e1, 0x117b11ae, 0x1149117b, 
0x11161149, 0x10e31116, 0x10b010e3, 0x107d10b0, 0x104b107d, 0x1018104b, 0x0fe51018, 0x0fb30fe5, 
0x0f800fb3, 0x0f4e0f80, 0x0f1b0f4e, 0x0ee90f1b, 0x0eb70ee9, 0x0e850eb7, 0x0e530e85, 0x0e210e53, 
0x0def0e21, 0x0dbe0def, 0x0d8c0dbe, 0x0d5a0d8c, 0x0d280d5a, 0x0cf70d28, 0x0cc50cf7, 0x0c930cc5, 
0x0c610c93, 0x0c2f0c61, 0x0bfd0c2f, 0x0bcb0bfd, 0x0b980bcb, 0x0b660b98, 0x0b340b66, 0x0b010b34, 
0x0ace0b01, 0x0a9c0ace, 0x0a690a9c, 0x0a360a69, 0x0a030a36, 0x09d10a03, 0x099e09d1, 0x096b099e, 
0x0938096b, 0x09060938, 0x08d30906, 0x08a108d3, 0x086e08a1, 0x083c086e, 0x080a083c, 0x07d8080a, 
0x07a607d8, 0x077407a6, 0x07420774, 0x07110742, 0x06df0711, 0x06ad06df, 0x067b06ad, 0x064a067b, 
0x0618064a, 0x05e60618, 0x05b405e6, 0x058205b4, 0x05500582, 0x051e0550, 0x04eb051e, 0x04b904eb, 
0x048704b9, 0x04540487, 0x04210454, 0x03ef0421, 0x03bc03ef, 0x038903bc, 0x03560389, 0x03240356, 
0x02f10324, 0x02be02f1, 0x028b02be, 0x0259028b, 0x02260259, 0x01f40226, 0x01c101f4, 0x018f01c1, 
0x015d018f, 0x012b015d, 0x00f9012b, 0x00c700f9, 0x009500c7, 0x00630095, 0x00320063, 0x00000032, 
},
// Table 5, base frequency 830.609395
{
0xffcf0000, 0xff9effcf, 0xff6dff9e, 0xff3cff6d, 0xff0bff3c, 0xfedaff0b, 0xfea9feda, 0xfe78fea9, 
0xfe47fe78, 0xfe15fe47, 0xfde4fe15, 0xfdb3fde4, 0xfd81fdb3, 0xfd50fd81, 0xfd1efd50, 0xfcecfd1e, 
0xfcbbfcec, 0xfc89fcbb, 0xfc57fc89, 0xfc25fc57, 0xfbf3fc25, 0xfbc0fbf3, 0xfb8efbc0, 0xfb5bfb8e, 
0xfb29fb5b, 0xfaf6fb29, 0xfac3faf6, 0xfa90fac3, 0xfa5efa90, 0xfa2bfa5e, 0xf9f7fa2b, 0xf9c4f9f7, 
0xf991f9c4, 0xf95ef991, 0xf92af95e, 0xf8f7f92a, 0xf8c3f8f7, 0xf890f8c3, 0xf85cf890, 0xf829f85c, 
0xf7f5f829, 0xf7c2f7f5, 0xf78ef7c2, 0xf75af78e, 0xf727f75a, 0xf6f3f727, 0xf6c0f6f3, 0xf68cf6c0, 
0xf659f68c, 0xf625f659, 0xf5f2f625, 0xf5bff5f2, 0xf58bf5bf, 0xf558f58b, 0xf525f558, 0xf4f2f525, 
0xf4bff4f2, 0xf48cf4bf, 0xf459f48c, 0xf427f459, 0xf3f4f427, 0xf3c1f3f4, 0xf38ff3c1, 0xf35df38f, 
0xf32bf35d, 0xf2f8f32b, 0xf2c6f2f8, 0xf295f2c6, 0xf263f295, 0xf231f263, 0xf1fff231, 0xf1cef1ff, 
0xf19cf1ce, 0xf16bf19c, 0xf13af16b, 0xf108f13a, 0xf0d7f108, 0xf0a6f0d7, 0xf075f0a6, 0xf044f075, 
0xf013f044, 0xefe2f013, 0xefb1efe2, 0xef80efb1, 0xef50ef80, 0xef1fef50, 0xeeeeef1f, 0xeebdeeee, 
0xee8ceebd, 0xee5bee8c, 0xee2aee5b, 0xedf9ee2a, 0xedc8edf9, 0xed97edc8, 0xed66ed97, 0xed34ed66, 
0xed03ed34, 0xecd2ed03, 0xeca0ecd2, 0xec6eeca0, 0xec3dec6e, 0xec0bec3d, 0xebd9ec0b, 0xeba7ebd9, 
0xeb75eba7, 0xeb43eb75, 0xeb11eb43, 0xeadeeb11, 0xeaaceade, 0xea79eaac, 0xea47ea79, 0xea14ea47, 
0xe9e1ea14, 0xe9aee9e1, 0xe97be9ae, 0xe948e97b, 0xe915e948, 0xe8e1e915, 0xe8aee8e1, 0xe87be8ae, 
0xe847e87b, 0xe813e847, 0xe7e0e813, 0xe7ace7e0, 0xe779e7ac, 0xe745e779, 0xe711e745, 0xe6dee711, 
0xe6aae6de, 0xe676e6aa, 0xe642e676, 0xe60fe642, 0xe5dbe60f, 0xe5a8e5db, 0xe574e5a8, 0xe541e574, 
0xe50de541, 0xe4dae50d, 0xe4a7e4da, 0xe473e4a7, 0xe440e473, 0xe40de440, 0xe3dae40d, 0xe3a7e3da, 
0xe375e3a7, 0xe342e375, 0xe30fe342, 0xe2dde30f, 0xe2abe2dd, 0xe278e2ab, 0xe246e278, 0xe214e246, 
0xe1e2e214, 0xe1b1e1e2, 0xe17fe1b1, 0xe14de17f, 0xe11ce14d, 0xe0ebe11c, 0xe0b9e0eb, 0xe088e0b9, 
0xe057e088, 0xe026e057, 0xdff5e026, 0xdfc4dff5, 0xdf93dfc4, 0xdf62df93, 0xdf31df62, 0xdf01df31, 
0xded0df01, 0xde9fded0, 0xde6ede9f, 0xde3ede6e, 0xde0dde3e, 0xdddcde0d, 0xddabdddc, 0xdd7bddab, 
0xdd4add7b, 0xdd19dd4a, 0xdce8dd19, 0xdcb7dce8, 0xdc86dcb7, 0xdc54dc86, 0xdc23dc54, 0xdbf2dc23, 
0xdbc0dbf2, 0xdb8fdbc0, 0xdb5ddb8f, 0xdb2bdb5d, 0xdaf9db2b, 0xdac7daf9, 0xda95dac7, 0xda63da95, 
0xda31da63, 0xd9feda31, 0xd9cbd9fe, 0xd999d9cb, 0xd966d999, 0xd933d966, 0xd900d933, 0xd8cdd900, 
0xd899d8cd, 0xd866d899, 0xd833d866, 0xd7ffd833, 0xd7ccd7ff, 0xd798d7cc, 0xd764d798, 0xd730d764, 
0xd6fdd730, 0xd6c9d6fd, 0xd695d6c9, 0xd661d695, 0xd62dd661, 0xd5f9d62d, 0xd5c5d5f9, 0xd591d5c5, 
0xd55dd591, 0xd529d55d, 0xd4f6d529, 0xd4c2d4f6, 0xd48ed4c2, 0xd45ad48e, 0xd427d45a, 0xd3f3d427, 
0xd3c0d3f3, 0xd38dd3c0, 0xd35ad38d, 0xd326d35a, 0xd2f3d326, 0xd2c1d2f3, 0xd28ed2c1, 0xd25bd28e, 
0xd229d25b, 0xd1f6d229, 0xd1c4d1f6, 0xd192d1c4, 0xd160d192, 0xd12ed160, 0xd0fdd12e, 0xd0cbd0fd, 
0xd09ad0cb, 0xd068d09a, 0xd037d068, 0xd006d037, 0xcfd5d006, 0xcfa4cfd5, 0xcf73cfa4, 0xcf42cf73, 
0xcf12cf42, 0xcee1cf12, 0xceb1cee1, 0xce80ceb1, 0xce50ce80, 0xce1fce50, 0xcdefce1f, 0xcdbecdef, 
0xcd8ecdbe, 0xcd5ecd8e, 0xcd2dcd5e, 0xccfdcd2d, 0xccccccfd, 0xcc9ccccc, 0xcc6bcc9c, 0xcc3bcc6b, 
0xcc0acc3b, 0xcbd9cc0a, 0xcba8cbd9, 0xcb77cba8, 0xcb46cb77, 0xcb15cb46, 0xcae3cb15, 0xcab2cae3, 
0xca80cab2, 0xca4eca80, 0xca1cca4e, 0xc9eaca1c, 0xc9b8c9ea, 0xc986c9b8, 0xc953c986, 0xc920c953, 
0xc8edc920, 0xc8bac8ed, 0xc887c8ba, 0xc854c887, 0xc821c854, 0xc7edc821, 0xc7bac7ed, 0xc786c7ba, 
0xc752c786, 0xc71ec752, 0xc6eac71e, 0xc6b6c6ea, 0xc682c6b6, 0xc64dc682, 0xc619c64d, 0xc5e5c619, 
0xc5b0c5e5, 0xc57cc5b0, 0xc547c57c, 0xc513c547, 0xc4dec513, 0xc4aac4de, 0xc476c4aa, 0xc441c476, 
0xc40dc441, 0xc3d9c40d, 0xc3a5c3d9, 0xc371c3a5, 0xc33dc371, 0xc309c33d, 0xc2d6c309, 0xc2a2c2d6, 
0xc26fc2a2, 0xc23cc26f, 0xc209c23c, 0xc1d6c209, 0xc1a3c1d6, 0xc170c1a3, 0xc13ec170, 0xc10cc13e, 
0xc0dac10c, 0xc0a8c0da, 0xc076c0a8, 0xc045c076, 0xc013c045, 0xbfe2c013, 0xbfb1bfe2, 0xbf80bfb1, 
0xbf50bf80, 0xbf1fbf50, 0xbeefbf1f, 0xbebfbeef, 0xbe8ebebf, 0xbe5ebe8e, 0xbe2ebe5e, 0xbdfebe2e, 
0xbdcfbdfe, 0xbd9fbdcf, 0xbd6fbd9f, 0xbd40bd6f, 0xbd10bd40, 0xbce0bd10, 0xbcb1bce0, 0xbc81bcb1, 
0xbc51bc81, 0xbc22bc51, 0xbbf2bc22, 0xbbc2bbf2, 0xbb92bbc2, 0xbb62bb92, 0xbb32bb62, 0xbb01bb32, 
0xbad1bb01, 0xbaa0bad1, 0xba6fbaa0, 0xba3eba6f, 0xba0dba3e, 0xb9dbba0d, 0xb9aab9db, 0xb978b9aa, 
0xb946b978, 0xb914b946, 0xb8e1b914, 0xb8afb8e1, 0xb87cb8af, 0xb849b87c, 0xb815b849, 0xb7e2b815, 
0xb7aeb7e2, 0xb77ab7ae, 0xb746b77a, 0xb711b746, 0xb6ddb711, 0xb6a8b6dd, 0xb673b6a8, 0xb63eb673, 
0xb609b63e, 0xb5d4b609, 0xb59eb5d4, 0xb569b59e, 0xb533b569, 0xb4fdb533, 0xb4c8b4fd, 0xb492b4c8, 
0xb45cb492, 0xb427b45c, 0xb3f1b427, 0xb3bcb3f1, 0xb386b3bc, 0xb351b386, 0xb31bb351, 0xb2e6b31b, 
0xb2b1b2e6, 0xb27db2b1, 0xb248b27d, 0xb213b248, 0xb1dfb213, 0xb1abb1df, 0xb178b1ab, 0xb144b178, 
0xb111b144, 0xb0deb111, 0xb0abb0de, 0xb079b0ab, 0xb047b079, 0xb015b047, 0xafe4b015, 0xafb3afe4, 
0xaf82afb3, 0xaf51af82, 0xaf21af51, 0xaef1af21, 0xaec1aef1, 0xae92aec1, 0xae63ae92, 0xae34ae63, 
0xae06ae34, 0xadd7ae06, 0xada9add7, 0xad7bada9, 0xad4dad7b, 0xad20ad4d, 0xacf2ad20, 0xacc5acf2, 
0xac97acc5, 0xac6aac97, 0xac3cac6a, 0xac0fac3c, 0xabe2ac0f, 0xabb4abe2, 0xab87abb4, 0xab59ab87, 
0xab2bab59, 0xaafdab2b, 0xaacfaafd, 0xaaa1aacf, 0xaa72aaa1, 0xaa43aa72, 0xaa14aa43, 0xa9e4aa14, 
0xa9b4a9e4, 0xa983a9b4, 0xa953a983, 0xa921a953, 0xa8efa921, 0xa8bda8ef, 0xa88ba8bd, 0xa857a88b, 
0xa824a857, 0xa7efa824, 0xa7bba7ef, 0xa785a7bb, 0xa750a785, 0xa719a750, 0xa6e3a719, 0xa6aba6e3, 
0xa674a6ab, 0xa63ba674, 0xa603a63b, 0xa5caa603, 0xa590a5ca, 0xa556a590, 0xa51ca556, 0xa4e2a51c, 
0xa4a7a4e2, 0xa46ca4a7, 0xa431a46c, 0xa3f6a431, 0xa3bba3f6, 0xa37fa3bb, 0xa344a37f, 0xa309a344, 
0xa2cea309, 0xa293a2ce, 0xa259a293, 0xa21fa259, 0xa1e5a21f, 0xa1aca1e5, 0xa173a1ac, 0xa13ba173, 
0xa104a13b, 0xa0cda104, 0xa097a0cd, 0xa063a097, 0xa02fa063, 0x9ffca02f, 0x9fcb9ffc, 0x9f9b9fcb, 
0x9f6c9f9b, 0x9f3e9f6c, 0x9f129f3e, 0x9ee79f12, 0x9ebe9ee7, 0x9e979ebe, 0x9e719e97, 0x9e4d9e71, 
0x9e2c9e4d, 0x9e0b9e2c, 0x9ded9e0b, 0x9dd19ded, 0x9db79dd1, 0x9d9f9db7, 0x9d899d9f, 0x9d769d89, 
0x9d649d76, 0x9d559d64, 0x9d499d55, 0x9d3e9d49, 0x9d369d3e, 0x9d309d36, 0x9d2c9d30, 0x9d2b9d2c, 
0x9d2c9d2b, 0x9d309d2c, 0x9d369d30, 0x9d3e9d36, 0x9d499d3e, 0x9d559d49, 0x9d649d55, 0x9d769d64, 
0x9d899d76, 0x9d9f9d89, 0x9db79d9f, 0x9dd19db7, 0x9ded9dd1, 0x9e0b9ded, 0x9e2c9e0b, 0x9e4d9e2c, 
0x9e719e4d, 0x9e979e71, 0x9ebe9e97, 0x9ee79ebe, 0x9f129ee7, 0x9f3e9f12, 0x9f6c9f3e, 0x9f9b9f6c, 
0x9fcb9f9b, 0x9ffc9fcb, 0xa02f9ffc, 0xa063a02f, 0xa097a063, 0xa0cda097, 0xa104a0cd, 0xa13ba104, 
0xa173a13b, 0xa1aca173, 0xa1e5a1ac, 0xa21fa1e5, 0xa259a21f, 0xa293a259, 0xa2cea293, 0xa309a2ce, 
0xa344a309, 0xa37fa344, 0xa3bba37f, 0xa3f6a3bb, 0xa431a3f6, 0xa46ca431, 0xa4a7a46c, 0xa4e2a4a7, 
0xa51ca4e2, 0xa556a51c, 0xa590a556, 0xa5caa590, 0xa603a5ca, 0xa63ba603, 0xa674a63b, 0xa6aba674, 
0xa6e3a6ab, 0xa719a6e3, 0xa750a719, 0xa785a750, 0xa7bba785, 0xa7efa7bb, 0xa824a7ef, 0xa857a824, 
0xa88ba857, 0xa8bda88b, 0xa8efa8bd, 0xa921a8ef, 0xa953a921, 0xa983a953, 0xa9b4a983, 0xa9e4a9b4, 
0xaa14a9e4, 0xaa43aa14, 0xaa72aa43, 0xaaa1aa72, 0xaacfaaa1, 0xaafdaacf, 0xab2baafd, 0xab59ab2b, 
0xab87ab59, 0xabb4ab87, 0xabe2abb4, 0xac0fabe2, 0xac3cac0f, 0xac6aac3c, 0xac97ac6a, 0xacc5ac97, 
0xacf2acc5, 0xad20acf2, 0xad4dad20, 0xad7bad4d, 0xada9ad7b, 0xadd7ada9, 0xae06add7, 0xae34ae06, 
0xae63ae34, 0xae92ae63, 0xaec1ae92, 0xaef1aec1, 0xaf21aef1, 0xaf51af21, 0xaf82af51, 0xafb3af82, 
0xafe4afb3, 0xb015afe4, 0xb047b015, 0xb079b047, 0xb0abb079, 0xb0deb0ab, 0xb111b0de, 0xb144b111, 
0xb178b144, 0xb1abb178, 0xb1dfb1ab, 0xb213b1df, 0xb248b213, 0xb27db248, 0xb2b1b27d, 0xb2e6b2b1, 
0xb31bb2e6, 0xb351b31b, 0xb386b351, 0xb3bcb386, 0xb3f1b3bc, 0xb427b3f1, 0xb45cb427, 0xb492b45c, 
0xb4c8b492, 0xb4fdb4c8, 0xb533b4fd, 0xb569b533, 0xb59eb569, 0xb5d4b59e, 0xb609b5d4, 0xb63eb609, 
0xb673b63e, 0xb6a8b673, 0xb6ddb6a8, 0xb711b6dd, 0xb746b711, 0xb77ab746, 0xb7aeb77a, 0xb7e2b7ae, 
0xb815b7e2, 0xb849b815, 0xb87cb849, 0xb8afb87c, 0xb8e1b8af, 0xb914b8e1, 0xb946b914, 0xb978b946, 
0xb9aab978, 0xb9dbb9aa, 0xba0db9db, 0xba3eba0d, 0xba6fba3e, 0xbaa0ba6f, 0xbad1baa0, 0xbb01bad1, 
0xbb32bb01, 0xbb62bb32, 0xbb92bb62, 0xbbc2bb92, 0xbbf2bbc2, 0xbc22bbf2, 0xbc51bc22, 0xbc81bc51, 
0xbcb1bc81, 0xbce0bcb1, 0xbd10bce0, 0xbd40bd10, 0xbd6fbd40, 0xbd9fbd6f, 0xbdcfbd9f, 0xbdfebdcf, 
0xbe2ebdfe, 0xbe5ebe2e, 0xbe8ebe5e, 0xbebfbe8e, 0xbeefbebf, 0xbf1fbeef, 0xbf50bf1f, 0xbf80bf50, 
0xbfb1bf80, 0xbfe2bfb1, 0xc013bfe2, 0xc045c013, 0xc076c045, 0xc0a8c076, 0xc0dac0a8, 0xc10cc0da, 
0xc13ec10c, 0xc170c13e, 0xc1a3c170, 0xc1d6c1a3, 0xc209c1d6, 0xc23cc209, 0xc26fc23c, 0xc2a2c26f, 
0xc2d6c2a2, 0xc309c2d6, 0xc33dc309, 0xc371c33d, 0xc3a5c371, 0xc3d9c3a5, 0xc40dc3d9, 0xc441c40d, 
0xc476c441, 0xc4aac476, 0xc4dec4aa, 0xc513c4de, 0xc547c513, 0xc57cc547, 0xc5b0c57c, 0xc5e5c5b0, 
0xc619c5e5, 0xc64dc619, 0xc682c64d, 0xc6b6c682, 0xc6eac6b6, 0xc71ec6ea, 0xc752c71e, 0xc786c752, 
0xc7bac786, 0xc7edc7ba, 0xc821c7ed, 0xc854c821, 0xc887c854, 0xc8bac887, 0xc8edc8ba, 0xc920c8ed, 
0xc953c920, 0xc986c953, 0xc9b8c986, 0xc9eac9b8, 0xca1cc9ea, 0xca4eca1c, 0xca80ca4e, 0xcab2ca80, 
0xcae3cab2, 0xcb15cae3, 0xcb46cb15, 0xcb77cb46, 0xcba8cb77, 0xcbd9cba8, 0xcc0acbd9, 0xcc3bcc0a, 
0xcc6bcc3b, 0xcc9ccc6b, 0xcccccc9c, 0xccfdcccc, 0xcd2dccfd, 0xcd5ecd2d, 0xcd8ecd5e, 0xcdbecd8e, 
0xcdefcdbe, 0xce1fcdef, 0xce50ce1f, 0xce80ce50, 0xceb1ce80, 0xcee1ceb1, 0xcf12cee1, 0xcf42cf12, 
0xcf73cf42, 0xcfa4cf73, 0xcfd5cfa4, 0xd006cfd5, 0xd037d006, 0xd068d037, 0xd09ad068, 0xd0cbd09a, 
0xd0fdd0cb, 0xd12ed0fd, 0xd160d12e, 0xd192d160, 0xd1c4d192, 0xd1f6d1c4, 0xd229d1f6, 0xd25bd229, 
0xd28ed25b, 0xd2c1d28e, 0xd2f3d2c1, 0xd326d2f3, 0xd35ad326, 0xd38dd35a, 0xd3c0d38d, 0xd3f3d3c0, 
0xd427d3f3, 0xd45ad427, 0xd48ed45a, 0xd4c2d48e, 0xd4f6d4c2, 0xd529d4f6, 0xd55dd529, 0xd591d55d, 
0xd5c5d591, 0xd5f9d5c5, 0xd62dd5f9, 0xd661d62d, 0xd695d661, 0xd6c9d695, 0xd6fdd6c9, 0xd730d6fd, 
0xd764d730, 0xd798d764, 0xd7ccd798, 0xd7ffd7cc, 0xd833d7ff, 0xd866d833, 0xd899d866, 0xd8cdd899, 
0xd900d8cd, 0xd933d900, 0xd966d933, 0xd999d966, 0xd9cbd999, 0xd9fed9cb, 0xda31d9fe, 0xda63da31, 
0xda95da63, 0xdac7da95, 0xdaf9dac7, 0xdb2bdaf9, 0xdb5ddb2b, 0xdb8fdb5d, 0xdbc0db8f, 0xdbf2dbc0, 
0xdc23dbf2, 0xdc54dc23, 0xdc86dc54, 0xdcb7dc86, 0xdce8dcb7, 0xdd19dce8, 0xdd4add19, 0xdd7bdd4a, 
0xddabdd7b, 0xdddcddab, 0xde0ddddc, 0xde3ede0d, 0xde6ede3e, 0xde9fde6e, 0xded0de9f, 0xdf01ded0, 
0xdf31df01, 0xdf62df31, 0xdf93df62, 0xdfc4df93, 0xdff5dfc4, 0xe026dff5, 0xe057e026, 0xe088e057, 
0xe0b9e088, 0xe0ebe0b9, 0xe11ce0eb, 0xe14de11c, 0xe17fe14d, 0xe1b1e17f, 0xe1e2e1b1, 0xe214e1e2, 
0xe246e214, 0xe278e246, 0xe2abe278, 0xe2dde2ab, 0xe30fe2dd, 0xe342e30f, 0xe375e342, 0xe3a7e375, 
0xe3dae3a7, 0xe40de3da, 0xe440e40d, 0xe473e440, 0xe4a7e473, 0xe4dae4a7, 0xe50de4da, 0xe541e50d, 
0xe574e541, 0xe5a8e574, 0xe5dbe5a8, 0xe60fe5db, 0xe642e60f, 0xe676e642, 0xe6aae676, 0xe6dee6aa, 
0xe711e6de, 0xe745e711, 0xe779e745, 0xe7ace779, 0xe7e0e7ac, 0xe813e7e0, 0xe847e813, 0xe87be847, 
0xe8aee87b, 0xe8e1e8ae, 0xe915e8e1, 0xe948e915, 0xe97be948, 0xe9aee97b, 0xe9e1e9ae, 0xea14e9e1, 
0xea47ea14, 0xea79ea47, 0xeaacea79, 0xeadeeaac, 0xeb11eade, 0xeb43eb11, 0xeb75eb43, 0xeba7eb75, 
0xebd9eba7, 0xec0bebd9, 0xec3dec0b, 0xec6eec3d, 0xeca0ec6e, 0xecd2eca0, 0xed03ecd2, 0xed34ed03, 
0xed66ed34, 0xed97ed66, 0xedc8ed97, 0xedf9edc8, 0xee2aedf9, 0xee5bee2a, 0xee8cee5b, 0xeebdee8c, 
0xeeeeeebd, 0xef1feeee, 0xef50ef1f, 0xef80ef50, 0xefb1ef80, 0xefe2efb1, 0xf013efe2, 0xf044f013, 
0xf075f044, 0xf0a6f075, 0xf0d7f0a6, 0xf108f0d7, 0xf13af108, 0xf16bf13a, 0xf19cf16b, 0xf1cef19c, 
0xf1fff1ce, 0xf231f1ff, 0xf263f231, 0xf295f263, 0xf2c6f295, 0xf2f8f2c6, 0xf32bf2f8, 0xf35df32b, 
0xf38ff35d, 0xf3c1f38f, 0xf3f4f3c1, 0xf427f3f4, 0xf459f427, 0xf48cf459, 0xf4bff48c, 0xf4f2f4bf, 
0xf525f4f2, 0xf558f525, 0xf58bf558, 0xf5bff58b, 0xf5f2f5bf, 0xf625f5f2, 0xf659f625, 0xf68cf659, 
0xf6c0f68c, 0xf6f3f6c0, 0xf727f6f3, 0xf75af727, 0xf78ef75a, 0xf7c2f78e, 0xf7f5f7c2, 0xf829f7f5, 
0xf85cf829, 0xf890f85c, 0xf8c3f890, 0xf8f7f8c3, 0xf92af8f7, 0xf95ef92a, 0xf991f95e, 0xf9c4f991, 
0xf9f7f9c4, 0xfa2bf9f7, 0xfa5efa2b, 0xfa90fa5e, 0xfac3fa90, 0xfaf6fac3, 0xfb29faf6, 0xfb5bfb29, 
0xfb8efb5b, 0xfbc0fb8e, 0xfbf3fbc0, 0xfc25fbf3, 0xfc57fc25, 0xfc89fc57, 0xfcbbfc89, 0xfcecfcbb, 
0xfd1efcec, 0xfd50fd1e, 0xfd81fd50, 0xfdb3fd81, 0xfde4fdb3, 0xfe15fde4, 0xfe47fe15, 0xfe78fe47, 
0xfea9fe78, 0xfedafea9, 0xff0bfeda, 0xff3cff0b, 0xff6dff3c, 0xff9eff6d, 0xffcfff9e, 0x0000ffcf, 
0x00310000, 0x00620031, 0x00930062, 0x00c40093, 0x00f500c4, 0x012600f5, 0x01570126, 0x01880157, 
0x01b90188, 0x01eb01b9, 0x021c01eb, 0x024d021c, 0x027f024d, 0x02b0027f, 0x02e202b0, 0x031402e2, 
0x03450314, 0x03770345, 0x03a90377, 0x03db03a9, 0x040d03db, 0x0440040d, 0x04720440, 0x04a50472, 
0x04d704a5, 0x050a04d7, 0x053d050a, 0x0570053d, 0x05a20570, 0x05d505a2, 0x060905d5, 0x063c0609, 
0x066f063c, 0x06a2066f, 0x06d606a2, 0x070906d6, 0x073d0709, 0x0770073d, 0x07a40770, 0x07d707a4, 
0x080b07d7, 0x083e080b, 0x0872083e, 0x08a60872, 0x08d908a6, 0x090d08d9, 0x0940090d, 0x09740940, 
0x09a70974, 0x09db09a7, 0x0a0e09db, 0x0a410a0e, 0x0a750a41, 0x0aa80a75, 0x0adb0aa8, 0x0b0e0adb, 
0x0b410b0e, 0x0b740b41, 0x0ba70b74, 0x0bd90ba7, 0x0c0c0bd9, 0x0c3f0c0c, 0x0c710c3f, 0x0ca30c71, 
0x0cd50ca3, 0x0d080cd5, 0x0d3a0d08, 0x0d6b0d3a, 0x0d9d0d6b, 0x0dcf0d9d, 0x0e010dcf, 0x0e320e01, 
0x0e640e32, 0x0e950e64, 0x0ec60e95, 0x0ef80ec6, 0x0f290ef8, 0x0f5a0f29, 0x0f8b0f5a, 0x0fbc0f8b, 
0x0fed0fbc, 0x101e0fed, 0x104f101e, 0x1080104f, 0x10b01080, 0x10e110b0, 0x111210e1, 0x11431112, 
0x11741143, 0x11a51174, 0x11d611a5, 0x120711d6, 0x12381207, 0x12691238, 0x129a1269, 0x12cc129a, 
0x12fd12cc, 0x132e12fd, 0x1360132e, 0x13921360, 0x13c31392, 0x13f513c3, 0x142713f5, 0x14591427, 
0x148b1459, 0x14bd148b, 0x14ef14bd, 0x152214ef, 0x15541522, 0x15871554, 0x15b91587, 0x15ec15b9, 
0x161f15ec, 0x1652161f, 0x16851652, 0x16b81685, 0x16eb16b8, 0x171f16eb, 0x1752171f, 0x17851752, 
0x17b91785, 0x17ed17b9, 0x182017ed, 0x18541820, 0x18871854, 0x18bb1887, 0x18ef18bb, 0x192218ef, 
0x19561922, 0x198a1956, 0x19be198a, 0x19f119be, 0x1a2519f1, 0x1a581a25, 0x1a8c1a58, 0x1abf1a8c, 
0x1af31abf, 0x1b261af3, 0x1b591b26, 0x1b8d1b59, 0x1bc01b8d, 0x1bf31bc0, 0x1c261bf3, 0x1c591c26, 
0x1c8b1c59, 0x1cbe1c8b, 0x1cf11cbe, 0x1d231cf1, 0x1d551d23, 0x1d881d55, 0x1dba1d88, 0x1dec1dba, 
0x1e1e1dec, 0x1e4f1e1e, 0x1e811e4f, 0x1eb31e81, 0x1ee41eb3, 0x1f151ee4, 0x1f471f15, 0x1f781f47, 
0x1fa91f78, 0x1fda1fa9, 0x200b1fda, 0x203c200b, 0x206d203c, 0x209e206d, 0x20cf209e, 0x20ff20cf, 
0x213020ff, 0x21612130, 0x21922161, 0x21c22192, 0x21f321c2, 0x222421f3, 0x22552224, 0x22852255, 
0x22b62285, 0x22e722b6, 0x231822e7, 0x23492318, 0x237a2349, 0x23ac237a, 0x23dd23ac, 0x240e23dd, 
0x2440240e, 0x24712440, 0x24a32471, 0x24d524a3, 0x250724d5, 0x25392507, 0x256b2539, 0x259d256b, 
0x25cf259d, 0x260225cf, 0x26352602, 0x26672635, 0x269a2667, 0x26cd269a, 0x270026cd, 0x27332700, 
0x27672733, 0x279a2767, 0x27cd279a, 0x280127cd, 0x28342801, 0x28682834, 0x289c2868, 0x28d0289c, 
0x290328d0, 0x29372903, 0x296b2937, 0x299f296b, 0x29d3299f, 0x2a0729d3, 0x2a3b2a07, 0x2a6f2a3b, 
0x2aa32a6f, 0x2ad72aa3, 0x2b0a2ad7, 0x2b3e2b0a, 0x2b722b3e, 0x2ba62b72, 0x2bd92ba6, 0x2c0d2bd9, 
0x2c402c0d, 0x2c732c40, 0x2ca62c73, 0x2cda2ca6, 0x2d0d2cda, 0x2d3f2d0d, 0x2d722d3f, 0x2da52d72, 
0x2dd72da5, 0x2e0a2dd7, 0x2e3c2e0a, 0x2e6e2e3c, 0x2ea02e6e, 0x2ed22ea0, 0x2f032ed2, 0x2f352f03, 
0x2f662f35, 0x2f982f66, 0x2fc92f98, 0x2ffa2fc9, 0x302b2ffa, 0x305c302b, 0x308d305c, 0x30be308d, 
0x30ee30be, 0x311f30ee, 0x314f311f, 0x3180314f, 0x31b03180, 0x31e131b0, 0x321131e1, 0x32423211, 
0x32723242, 0x32a23272, 0x32d332a2, 0x330332d3, 0x33343303, 0x33643334, 0x33953364, 0x33c53395, 
0x33f633c5, 0x342733f6, 0x34583427, 0x34893458, 0x34ba3489, 0x34eb34ba, 0x351d34eb, 0x354e351d, 
0x3580354e, 0x35b23580, 0x35e435b2, 0x361635e4, 0x36483616, 0x367a3648, 0x36ad367a, 0x36e036ad, 
0x371336e0, 0x37463713, 0x37793746, 0x37ac3779, 0x37df37ac, 0x381337df, 0x38463813, 0x387a3846, 
0x38ae387a, 0x38e238ae, 0x391638e2, 0x394a3916, 0x397e394a, 0x39b3397e, 0x39e739b3, 0x3a1b39e7, 
0x3a503a1b, 0x3a843a50, 0x3ab93a84, 0x3aed3ab9, 0x3b223aed, 0x3b563b22, 0x3b8a3b56, 0x3bbf3b8a, 
0x3bf33bbf, 0x3c273bf3, 0x3c5b3c27, 0x3c8f3c5b, 0x3cc33c8f, 0x3cf73cc3, 0x3d2a3cf7, 0x3d5e3d2a, 
0x3d913d5e, 0x3dc43d91, 0x3df73dc4, 0x3e2a3df7, 0x3e5d3e2a, 0x3e903e5d, 0x3ec23e90, 0x3ef43ec2, 
0x3f263ef4, 0x3f583f26, 0x3f8a3f58, 0x3fbb3f8a, 0x3fed3fbb, 0x401e3fed, 0x404f401e, 0x4080404f, 
0x40b04080, 0x40e140b0, 0x411140e1, 0x41414111, 0x41724141, 0x41a24172, 0x41d241a2, 0x420241d2, 
0x42314202, 0x42614231, 0x42914261, 0x42c04291, 0x42f042c0, 0x432042f0, 0x434f4320, 0x437f434f, 
0x43af437f, 0x43de43af, 0x440e43de, 0x443e440e, 0x446e443e, 0x449e446e, 0x44ce449e, 0x44ff44ce, 
0x452f44ff, 0x4560452f, 0x45914560, 0x45c24591, 0x45f345c2, 0x462545f3, 0x46564625, 0x46884656, 
0x46ba4688, 0x46ec46ba, 0x471f46ec, 0x4751471f, 0x47844751, 0x47b74784, 0x47eb47b7, 0x481e47eb, 
0x4852481e, 0x48864852, 0x48ba4886, 0x48ef48ba, 0x492348ef, 0x49584923, 0x498d4958, 0x49c2498d, 
0x49f749c2, 0x4a2c49f7, 0x4a624a2c, 0x4a974a62, 0x4acd4a97, 0x4b034acd, 0x4b384b03, 0x4b6e4b38, 
0x4ba44b6e, 0x4bd94ba4, 0x4c0f4bd9, 0x4c444c0f, 0x4c7a4c44, 0x4caf4c7a, 0x4ce54caf, 0x4d1a4ce5, 
0x4d4f4d1a, 0x4d834d4f, 0x4db84d83, 0x4ded4db8, 0x4e214ded, 0x4e554e21, 0x4e884e55, 0x4ebc4e88, 
0x4eef4ebc, 0x4f224eef, 0x4f554f22, 0x4f874f55, 0x4fb94f87, 0x4feb4fb9, 0x501c4feb, 0x504d501c, 
0x507e504d, 0x50af507e, 0x50df50af, 0x510f50df, 0x513f510f, 0x516e513f, 0x519d516e, 0x51cc519d, 
0x51fa51cc, 0x522951fa, 0x52575229, 0x52855257, 0x52b35285, 0x52e052b3, 0x530e52e0, 0x533b530e, 
0x5369533b, 0x53965369, 0x53c45396, 0x53f153c4, 0x541e53f1, 0x544c541e, 0x5479544c, 0x54a75479, 
0x54d554a7, 0x550354d5, 0x55315503, 0x555f5531, 0x558e555f, 0x55bd558e, 0x55ec55bd, 0x561c55ec, 
0x564c561c, 0x567d564c, 0x56ad567d, 0x56df56ad, 0x571156df, 0x57435711, 0x57755743, 0x57a95775, 
0x57dc57a9, 0x581157dc, 0x58455811, 0x587b5845, 0x58b0587b, 0x58e758b0, 0x591d58e7, 0x5955591d, 
0x598c5955, 0x59c5598c, 0x59fd59c5, 0x5a3659fd, 0x5a705a36, 0x5aaa5a70, 0x5ae45aaa, 0x5b1e5ae4, 
0x5b595b1e, 0x5b945b59, 0x5bcf5b94, 0x5c0a5bcf, 0x5c455c0a, 0x5c815c45, 0x5cbc5c81, 0x5cf75cbc, 
0x5d325cf7, 0x5d6d5d32, 0x5da75d6d, 0x5de15da7, 0x5e1b5de1, 0x5e545e1b, 0x5e8d5e54, 0x5ec55e8d, 
0x5efc5ec5, 0x5f335efc, 0x5f695f33, 0x5f9d5f69, 0x5fd15f9d, 0x60045fd1, 0x60356004, 0x60656035, 
0x60946065, 0x60c26094, 0x60ee60c2, 0x611960ee, 0x61426119, 0x61696142, 0x618f6169, 0x61b3618f, 
0x61d461b3, 0x61f561d4, 0x621361f5, 0x622f6213, 0x6249622f, 0x62616249, 0x62776261, 0x628a6277, 
0x629c628a, 0x62ab629c, 0x62b762ab, 0x62c262b7, 0x62ca62c2, 0x62d062ca, 0x62d462d0, 0x62d562d4, 
0x62d462d5, 0x62d062d4, 0x62ca62d0, 0x62c262ca, 0x62b762c2, 0x62ab62b7, 0x629c62ab, 0x628a629c, 
0x6277628a, 0x62616277, 0x62496261, 0x622f6249, 0x6213622f, 0x61f56213, 0x61d461f5, 0x61b361d4, 
0x618f61b3, 0x6169618f, 0x61426169, 0x61196142, 0x60ee6119, 0x60c260ee, 0x609460c2, 0x60656094, 
0x60356065, 0x60046035, 0x5fd16004, 0x5f9d5fd1, 0x5f695f9d, 0x5f335f69, 0x5efc5f33, 0x5ec55efc, 
0x5e8d5ec5, 0x5e545e8d, 0x5e1b5e54, 0x5de15e1b, 0x5da75de1, 0x5d6d5da7, 0x5d325d6d, 0x5cf75d32, 
0x5cbc5cf7, 0x5c815cbc, 0x5c455c81, 0x5c0a5c45, 0x5bcf5c0a, 0x5b945bcf, 0x5b595b94, 0x5b1e5b59, 
0x5ae45b1e, 0x5aaa5ae4, 0x5a705aaa, 0x5a365a70, 0x59fd5a36, 0x59c559fd, 0x598c59c5, 0x5955598c, 
0x591d5955, 0x58e7591d, 0x58b058e7, 0x587b58b0, 0x5845587b, 0x58115845, 0x57dc5811, 0x57a957dc, 
0x577557a9, 0x57435775, 0x57115743, 0x56df5711, 0x56ad56df, 0x567d56ad, 0x564c567d, 0x561c564c, 
0x55ec561c, 0x55bd55ec, 0x558e55bd, 0x555f558e, 0x5531555f, 0x55035531, 0x54d55503, 0x54a754d5, 
0x547954a7, 0x544c5479, 0x541e544c, 0x53f1541e, 0x53c453f1, 0x539653c4, 0x53695396, 0x533b5369, 
0x530e533b, 0x52e0530e, 0x52b352e0, 0x528552b3, 0x52575285, 0x52295257, 0x51fa5229, 0x51cc51fa, 
0x519d51cc, 0x516e519d, 0x513f516e, 0x510f513f, 0x50df510f, 0x50af50df, 0x507e50af, 0x504d507e, 
0x501c504d, 0x4feb501c, 0x4fb94feb, 0x4f874fb9, 0x4f554f87, 0x4f224f55, 0x4eef4f22, 0x4ebc4eef, 
0x4e884ebc, 0x4e554e88, 0x4e214e55, 0x4ded4e21, 0x4db84ded, 0x4d834db8, 0x4d4f4d83, 0x4d1a4d4f, 
0x4ce54d1a, 0x4caf4ce5, 0x4c7a4caf, 0x4c444c7a, 0x4c0f4c44, 0x4bd94c0f, 0x4ba44bd9, 0x4b6e4ba4, 
0x4b384b6e, 0x4b034b38, 0x4acd4b03, 0x4a974acd, 0x4a624a97, 0x4a2c4a62, 0x49f74a2c, 0x49c249f7, 
0x498d49c2, 0x4958498d, 0x49234958, 0x48ef4923, 0x48ba48ef, 0x488648ba, 0x48524886, 0x481e4852, 
0x47eb481e, 0x47b747eb, 0x478447b7, 0x47514784, 0x471f4751, 0x46ec471f, 0x46ba46ec, 0x468846ba, 
0x46564688, 0x46254656, 0x45f34625, 0x45c245f3, 0x459145c2, 0x45604591, 0x452f4560, 0x44ff452f, 
0x44ce44ff, 0x449e44ce, 0x446e449e, 0x443e446e, 0x440e443e, 0x43de440e, 0x43af43de, 0x437f43af, 
0x434f437f, 0x4320434f, 0x42f04320, 0x42c042f0, 0x429142c0, 0x42614291, 0x42314261, 0x42024231, 
0x41d24202, 0x41a241d2, 0x417241a2, 0x41414172, 0x41114141, 0x40e14111, 0x40b040e1, 0x408040b0, 
0x404f4080, 0x401e404f, 0x3fed401e, 0x3fbb3fed, 0x3f8a3fbb, 0x3f583f8a, 0x3f263f58, 0x3ef43f26, 
0x3ec23ef4, 0x3e903ec2, 0x3e5d3e90, 0x3e2a3e5d, 0x3df73e2a, 0x3dc43df7, 0x3d913dc4, 0x3d5e3d91, 
0x3d2a3d5e, 0x3cf73d2a, 0x3cc33cf7, 0x3c8f3cc3, 0x3c5b3c8f, 0x3c273c5b, 0x3bf33c27, 0x3bbf3bf3, 
0x3b8a3bbf, 0x3b563b8a, 0x3b223b56, 0x3aed3b22, 0x3ab93aed, 0x3a843ab9, 0x3a503a84, 0x3a1b3a50, 
0x39e73a1b, 0x39b339e7, 0x397e39b3, 0x394a397e, 0x3916394a, 0x38e23916, 0x38ae38e2, 0x387a38ae, 
0x3846387a, 0x38133846, 0x37df3813, 0x37ac37df, 0x377937ac, 0x37463779, 0x37133746, 0x36e03713, 
0x36ad36e0, 0x367a36ad, 0x3648367a, 0x36163648, 0x35e43616, 0x35b235e4, 0x358035b2, 0x354e3580, 
0x351d354e, 0x34eb351d, 0x34ba34eb, 0x348934ba, 0x34583489, 0x34273458, 0x33f63427, 0x33c533f6, 
0x339533c5, 0x33643395, 0x33343364, 0x33033334, 0x32d33303, 0x32a232d3, 0x327232a2, 0x32423272, 
0x32113242, 0x31e13211, 0x31b031e1, 0x318031b0, 0x314f3180, 0x311f314f, 0x30ee311f, 0x30be30ee, 
0x308d30be, 0x305c308d, 0x302b305c, 0x2ffa302b, 0x2fc92ffa, 0x2f982fc9, 0x2f662f98, 0x2f352f66, 
0x2f032f35, 0x2ed22f03, 0x2ea02ed2, 0x2e6e2ea0, 0x2e3c2e6e, 0x2e0a2e3c, 0x2dd72e0a, 0x2da52dd7, 
0x2d722da5, 0x2d3f2d72, 0x2d0d2d3f, 0x2cda2d0d, 0x2ca62cda, 0x2c732ca6, 0x2c402c73, 0x2c0d2c40, 
0x2bd92c0d, 0x2ba62bd9, 0x2b722ba6, 0x2b3e2b72, 0x2b0a2b3e, 0x2ad72b0a, 0x2aa32ad7, 0x2a6f2aa3, 
0x2a3b2a6f, 0x2a072a3b, 0x29d32a07, 0x299f29d3, 0x296b299f, 0x2937296b, 0x29032937, 0x28d02903, 
0x289c28d0, 0x2868289c, 0x28342868, 0x28012834, 0x27cd2801, 0x279a27cd, 0x2767279a, 0x27332767, 
0x27002733, 0x26cd2700, 0x269a26cd, 0x2667269a, 0x26352667, 0x26022635, 0x25cf2602, 0x259d25cf, 
0x256b259d, 0x2539256b, 0x25072539, 0x24d52507, 0x24a324d5, 0x247124a3, 0x24402471, 0x240e2440, 
0x23dd240e, 0x23ac23dd, 0x237a23ac, 0x2349237a, 0x23182349, 0x22e72318, 0x22b622e7, 0x228522b6, 
0x22552285, 0x22242255, 0x21f32224, 0x21c221f3, 0x219221c2, 0x21612192, 0x21302161, 0x20ff2130, 
0x20cf20ff, 0x209e20cf, 0x206d209e, 0x203c206d, 0x200b203c, 0x1fda200b, 0x1fa91fda, 0x1f781fa9, 
0x1f471f78, 0x1f151f47, 0x1ee41f15, 0x1eb31ee4, 0x1e811eb3, 0x1e4f1e81, 0x1e1e1e4f, 0x1dec1e1e, 
0x1dba1dec, 0x1d881dba, 0x1d551d88, 0x1d231d55, 0x1cf11d23, 0x1cbe1cf1, 0x1c8b1cbe, 0x1c591c8b, 
0x1c261c59, 0x1bf31c26, 0x1bc01bf3, 0x1b8d1bc0, 0x1b591b8d, 0x1b261b59, 0x1af31b26, 0x1abf1af3, 
0x1a8c1abf, 0x1a581a8c, 0x1a251a58, 0x19f11a25, 0x19be19f1, 0x198a19be, 0x1956198a, 0x19221956, 
0x18ef1922, 0x18bb18ef, 0x188718bb, 0x18541887, 0x18201854, 0x17ed1820, 0x17b917ed, 0x178517b9, 
0x17521785, 0x171f1752, 0x16eb171f, 0x16b816eb, 0x168516b8, 0x16521685, 0x161f1652, 0x15ec161f, 
0x15b915ec, 0x158715b9, 0x15541587, 0x15221554, 0x14ef1522, 0x14bd14ef, 0x148b14bd, 0x1459148b, 
0x14271459, 0x13f51427, 0x13c313f5, 0x139213c3, 0x13601392, 0x132e1360, 0x12fd132e, 0x12cc12fd, 
0x129a12cc, 0x1269129a, 0x12381269, 0x12071238, 0x11d61207, 0x11a511d6, 0x117411a5, 0x11431174, 
0x11121143, 0x10e11112, 0x10b010e1, 0x108010b0, 0x104f1080, 0x101e104f, 0x0fed101e, 0x0fbc0fed, 
0x0f8b0fbc, 0x0f5a0f8b, 0x0f290f5a, 0x0ef80f29, 0x0ec60ef8, 0x0e950ec6, 0x0e640e95, 0x0e320e64, 
0x0e010e32, 0x0dcf0e01, 0x0d9d0dcf, 0x0d6b0d9d, 0x0d3a0d6b, 0x0d080d3a, 0x0cd50d08, 0x0ca30cd5, 
0x0c710ca3, 0x0c3f0c71, 0x0c0c0c3f, 0x0bd90c0c, 0x0ba70bd9, 0x0b740ba7, 0x0b410b74, 0x0b0e0b41, 
0x0adb0b0e, 0x0aa80adb, 0x0a750aa8, 0x0a410a75, 0x0a0e0a41, 0x09db0a0e, 0x09a709db, 0x097409a7, 
0x09400974, 0x090d0940, 0x08d9090d, 0x08a608d9, 0x087208a6, 0x083e0872, 0x080b083e, 0x07d7080b, 
0x07a407d7, 0x077007a4, 0x073d0770, 0x0709073d, 0x06d60709, 0x06a206d6, 0x066f06a2, 0x063c066f, 
0x0609063c, 0x05d50609, 0x05a205d5, 0x057005a2, 0x053d0570, 0x050a053d, 0x04d7050a, 0x04a504d7, 
0x047204a5, 0x04400472, 0x040d0440, 0x03db040d, 0x03a903db, 0x037703a9, 0x03450377, 0x03140345, 
0x02e20314, 0x02b002e2, 0x027f02b0, 0x024d027f, 0x021c024d, 0x01eb021c, 0x01b901eb, 0x018801b9, 
0x01570188, 0x01260157, 0x00f50126, 0x00c400f5, 0x009300c4, 0x00620093, 0x00310062, 0x00000031, 
},
// Table 6, base frequency 2093.004522
{
0xffcb0000, 0xff95ffcb, 0xff60ff95, 0xff2aff60, 0xfef5ff2a, 0xfec0fef5, 0xfe8afec0, 0xfe55fe8a, 
0xfe1ffe55, 0xfdeafe1f, 0xfdb5fdea, 0xfd80fdb5, 0xfd4afd80, 0xfd15fd4a, 0xfce0fd15, 0xfcabfce0, 
0xfc76fcab, 0xfc41fc76, 0xfc0cfc41, 0xfbd7fc0c, 0xfba2fbd7, 0xfb6efba2, 0xfb39fb6e, 0xfb04fb39, 
0xfad0fb04, 0xfa9bfad0, 0xfa67fa9b, 0xfa32fa67, 0xf9fefa32, 0xf9caf9fe, 0xf996f9ca, 0xf962f996, 
0xf92ef962, 0xf8faf92e, 0xf8c6f8fa, 0xf892f8c6, 0xf85ff892, 0xf82bf85f, 0xf7f8f82b, 0xf7c5f7f8, 
0xf791f7c5, 0xf75ef791, 0xf72bf75e, 0xf6f8f72b, 0xf6c5f6f8, 0xf692f6c5, 0xf660f692, 0xf62df660, 
0xf5fbf62d, 0xf5c8f5fb, 0xf596f5c8, 0xf564f596, 0xf532f564, 0xf500f532, 0xf4cef500, 0xf49cf4ce, 
0xf46af49c, 0xf439f46a, 0xf407f439, 0xf3d6f407, 0xf3a5f3d6, 0xf373f3a5, 0xf342f373, 0xf311f342, 
0xf2e0f311, 0xf2b0f2e0, 0xf27ff2b0, 0xf24ef27f, 0xf21ef24e, 0xf1edf21e, 0xf1bdf1ed, 0xf18cf1bd, 
0xf15cf18c, 0xf12cf15c, 0xf0fcf12c, 0xf0ccf0fc, 0xf09cf0cc, 0xf06cf09c, 0xf03cf06c, 0xf00df03c, 
0xefddf00d, 0xefadefdd, 0xef7eefad, 0xef4eef7e, 0xef1fef4e, 0xeeefef1f, 0xeec0eeef, 0xee91eec0, 
0xee62ee91, 0xee32ee62, 0xee03ee32, 0xedd4ee03, 0xeda5edd4, 0xed76eda5, 0xed47ed76, 0xed18ed47, 
0xece9ed18, 0xecbaece9, 0xec8becba, 0xec5cec8b, 0xec2dec5c, 0xebfeec2d, 0xebcfebfe, 0xeba0ebcf, 
0xeb71eba0, 0xeb42eb71, 0xeb13eb42, 0xeae4eb13, 0xeab5eae4, 0xea86eab5, 0xea57ea86, 0xea28ea57, 
0xe9f9ea28, 0xe9cae9f9, 0xe99be9ca, 0xe96ce99b, 0xe93ce96c, 0xe90de93c, 0xe8dee90d, 0xe8aee8de, 
0xe87fe8ae, 0xe850e87f, 0xe820e850, 0xe7f0e820, 0xe7c1e7f0, 0xe791e7c1, 0xe761e791, 0xe731e761, 
0xe701e731, 0xe6d1e701, 0xe6a1e6d1, 0xe671e6a1, 0xe640e671, 0xe610e640, 0xe5e0e610, 0xe5afe5e0, 
0xe57ee5af, 0xe54ee57e, 0xe51de54e, 0xe4ece51d, 0xe4bbe4ec, 0xe48ae4bb, 0xe458e48a, 0xe427e458, 
0xe3f6e427, 0xe3c4e3f6, 0xe392e3c4, 0xe361e392, 0xe32fe361, 0xe2fde32f, 0xe2cbe2fd, 0xe298e2cb, 
0xe266e298, 0xe234e266, 0xe201e234, 0xe1cee201, 0xe19ce1ce, 0xe169e19c, 0xe136e169, 0xe103e136, 
0xe0d0e103, 0xe09ce0d0, 0xe069e09c, 0xe035e069, 0xe002e035, 0xdfcee002, 0xdf9adfce, 0xdf66df9a, 
0xdf32df66, 0xdefedf32, 0xdecadefe, 0xde95deca, 0xde61de95, 0xde2cde61, 0xddf8de2c, 0xddc3ddf8, 
0xdd8eddc3, 0xdd59dd8e, 0xdd24dd59, 0xdcefdd24, 0xdcbadcef, 0xdc85dcba, 0xdc50dc85, 0xdc1adc50, 
0xdbe5dc1a, 0xdbb0dbe5, 0xdb7adbb0, 0xdb44db7a, 0xdb0fdb44, 0xdad9db0f, 0xdaa3dad9, 0xda6ddaa3, 
0xda37da6d, 0xda02da37, 0xd9ccda02, 0xd996d9cc, 0xd960d996, 0xd92ad960, 0xd8f3d92a, 0xd8bdd8f3, 
0xd887d8bd, 0xd851d887, 0xd81bd851, 0xd7e5d81b, 0xd7afd7e5, 0xd779d7af, 0xd742d779, 0xd70cd742, 
0xd6d6d70c, 0xd6a0d6d6, 0xd66ad6a0, 0xd634d66a, 0xd5fed634, 0xd5c8d5fe, 0xd592d5c8, 0xd55cd592, 
0xd526d55c, 0xd4f0d526, 0xd4bad4f0, 0xd485d4ba, 0xd44fd485, 0xd419d44f, 0xd3e4d419, 0xd3aed3e4, 
0xd379d3ae, 0xd344d379, 0xd30ed344, 0xd2d9d30e, 0xd2a4d2d9, 0xd26fd2a4, 0xd23ad26f, 0xd205d23a, 
0xd1d1d205, 0xd19cd1d1, 0xd167d19c, 0xd133d167, 0xd0ffd133, 0xd0cad0ff, 0xd096d0ca, 0xd062d096, 
0xd02ed062, 0xcffbd02e, 0xcfc7cffb, 0xcf93cfc7, 0xcf60cf93, 0xcf2dcf60, 0xcefacf2d, 0xcec7cefa, 
0xce94cec7, 0xce61ce94, 0xce2ece61, 0xcdfcce2e, 0xcdcacdfc, 0xcd97cdca, 0xcd65cd97, 0xcd33cd65, 
0xcd02cd33, 0xccd0cd02, 0xcc9fccd0, 0xcc6dcc9f, 0xcc3ccc6d, 0xcc0bcc3c, 0xcbdacc0b, 0xcba9cbda, 
0xcb78cba9, 0xcb48cb78, 0xcb18cb48, 0xcae7cb18, 0xcab7cae7, 0xca87cab7, 0xca57ca87, 0xca28ca57, 
0xc9f8ca28, 0xc9c9c9f8, 0xc999c9c9, 0xc96ac999, 0xc93bc96a, 0xc90cc93b, 0xc8ddc90c, 0xc8aec8dd, 
0xc880c8ae, 0xc851c880, 0xc823c851, 0xc7f4c823, 0xc7c6c7f4, 0xc798c7c6, 0xc76ac798, 0xc73cc76a, 
0xc70ec73c, 0xc6e0c70e, 0xc6b3c6e0, 0xc685c6b3, 0xc657c685, 0xc62ac657, 0xc5fdc62a, 0xc5cfc5fd, 
0xc5a2c5cf, 0xc575c5a2, 0xc547c575, 0xc51ac547, 0xc4edc51a, 0xc4c0c4ed, 0xc493c4c0, 0xc466c493, 
0xc439c466, 0xc40cc439, 0xc3dfc40c, 0xc3b2c3df, 0xc385c3b2, 0xc358c385, 0xc32ac358, 0xc2fdc32a, 
0xc2d0c2fd, 0xc2a3c2d0, 0xc276c2a3, 0xc249c276, 0xc21cc249, 0xc1eec21c, 0xc1c1c1ee, 0xc193c1c1, 
0xc166c193, 0xc138c166, 0xc10bc138, 0xc0ddc10b, 0xc0afc0dd, 0xc081c0af, 0xc053c081, 0xc025c053, 
0xbff7c025, 0xbfc9bff7, 0xbf9abfc9, 0xbf6cbf9a, 0xbf3dbf6c, 0xbf0ebf3d, 0xbedfbf0e, 0xbeb0bedf, 
0xbe81beb0, 0xbe51be81, 0xbe22be51, 0xbdf2be22, 0xbdc2bdf2, 0xbd92bdc2, 0xbd62bd92, 0xbd31bd62, 
0xbd01bd31, 0xbcd0bd01, 0xbc9fbcd0, 0xbc6ebc9f, 0xbc3cbc6e, 0xbc0bbc3c, 0xbbd9bc0b, 0xbba7bbd9, 
0xbb75bba7, 0xbb42bb75, 0xbb10bb42, 0xbaddbb10, 0xbaaabadd, 0xba77baaa, 0xba43ba77, 0xba10ba43, 
0xb9dcba10, 0xb9a8b9dc, 0xb974b9a8, 0xb93fb974, 0xb90ab93f, 0xb8d5b90a, 0xb8a0b8d5, 0xb86bb8a0, 
0xb835b86b, 0xb7ffb835, 0xb7c9b7ff, 0xb793b7c9, 0xb75cb793, 0xb726b75c, 0xb6efb726, 0xb6b8b6ef, 
0xb680b6b8, 0xb649b680, 0xb611b649, 0xb5d9b611, 0xb5a1b5d9, 0xb569b5a1, 0xb530b569, 0xb4f7b530, 
0xb4beb4f7, 0xb485b4be, 0xb44cb485, 0xb413b44c, 0xb3d9b413, 0xb39fb3d9, 0xb366b39f, 0xb32cb366, 
0xb2f1b32c, 0xb2b7b2f1, 0xb27db2b7, 0xb242b27d, 0xb207b242, 0xb1cdb207, 0xb192b1cd, 0xb157b192, 
0xb11cb157, 0xb0e1b11c, 0xb0a5b0e1, 0xb06ab0a5, 0xb02fb06a, 0xaff4b02f, 0xafb8aff4, 0xaf7dafb8, 
0xaf41af7d, 0xaf06af41, 0xaecaaf06, 0xae8faeca, 0xae54ae8f, 0xae18ae54, 0xadddae18, 0xada2addd, 
0xad67ada2, 0xad2bad67, 0xacf0ad2b, 0xacb5acf0, 0xac7bacb5, 0xac40ac7b, 0xac05ac40, 0xabcbac05, 
0xab91abcb, 0xab57ab91, 0xab1dab57, 0xaae3ab1d, 0xaaaaaae3, 0xaa70aaaa, 0xaa37aa70, 0xa9feaa37, 
0xa9c6a9fe, 0xa98ea9c6, 0xa956a98e, 0xa91ea956, 0xa8e6a91e, 0xa8afa8e6, 0xa879a8af, 0xa842a879, 
0xa80ca842, 0xa7d7a80c, 0xa7a1a7d7, 0xa76ca7a1, 0xa738a76c, 0xa704a738, 0xa6d0a704, 0xa69da6d0, 
0xa66aa69d, 0xa638a66a, 0xa607a638, 0xa5d5a607, 0xa5a5a5d5, 0xa574a5a5, 0xa545a574, 0xa516a545, 
0xa4e7a516, 0xa4b9a4e7, 0xa48ca4b9, 0xa45fa48c, 0xa433a45f, 0xa408a433, 0xa3dda408, 0xa3b3a3dd, 
0xa389a3b3, 0xa360a389, 0xa338a360, 0xa311a338, 0xa2eaa311, 0xa2c4a2ea, 0xa29fa2c4, 0xa27aa29f, 
0xa256a27a, 0xa233a256, 0xa211a233, 0xa1f0a211, 0xa1cfa1f0, 0xa1afa1cf, 0xa190a1af, 0xa172a190, 
0xa155a172, 0xa138a155, 0xa11ca138, 0xa102a11c, 0xa0e8a102, 0xa0cfa0e8, 0xa0b6a0cf, 0xa09fa0b6, 
0xa089a09f, 0xa073a089, 0xa05ea073, 0xa04ba05e, 0xa038a04b, 0xa026a038, 0xa015a026, 0xa005a015, 
0x9ff6a005, 0x9fe89ff6, 0x9fdb9fe8, 0x9fcf9fdb, 0x9fc49fcf, 0x9fb99fc4, 0x9fb09fb9, 0x9fa89fb0, 
0x9fa09fa8, 0x9f9a9fa0, 0x9f959f9a, 0x9f909f95, 0x9f8d9f90, 0x9f8a9f8d, 0x9f899f8a, 0x9f889f89, 
0x9f899f88, 0x9f8a9f89, 0x9f8d9f8a, 0x9f909f8d, 0x9f959f90, 0x9f9a9f95, 0x9fa09f9a, 0x9fa89fa0, 
0x9fb09fa8, 0x9fb99fb0, 0x9fc49fb9, 0x9fcf9fc4, 0x9fdb9fcf, 0x9fe89fdb, 0x9ff69fe8, 0xa0059ff6, 
0xa015a005, 0xa026a015, 0xa038a026, 0xa04ba038, 0xa05ea04b, 0xa073a05e, 0xa089a073, 0xa09fa089, 
0xa0b6a09f, 0xa0cfa0b6, 0xa0e8a0cf, 0xa102a0e8, 0xa11ca102, 0xa138a11c, 0xa155a138, 0xa172a155, 
0xa190a172, 0xa1afa190, 0xa1cfa1af, 0xa1f0a1cf, 0xa211a1f0, 0xa233a211, 0xa256a233, 0xa27aa256, 
0xa29fa27a, 0xa2c4a29f, 0xa2eaa2c4, 0xa311a2ea, 0xa338a311, 0xa360a338, 0xa389a360, 0xa3b3a389, 
0xa3dda3b3, 0xa408a3dd, 0xa433a408, 0xa45fa433, 0xa48ca45f, 0xa4b9a48c, 0xa4e7a4b9, 0xa516a4e7, 
0xa545a516, 0xa574a545, 0xa5a5a574, 0xa5d5a5a5, 0xa607a5d5, 0xa638a607, 0xa66aa638, 0xa69da66a, 
0xa6d0a69d, 0xa704a6d0, 0xa738a704, 0xa76ca738, 0xa7a1a76c, 0xa7d7a7a1, 0xa80ca7d7, 0xa842a80c, 
0xa879a842, 0xa8afa879, 0xa8e6a8af, 0xa91ea8e6, 0xa956a91e, 0xa98ea956, 0xa9c6a98e, 0xa9fea9c6, 
0xaa37a9fe, 0xaa70aa37, 0xaaaaaa70, 0xaae3aaaa, 0xab1daae3, 0xab57ab1d, 0xab91ab57, 0xabcbab91, 
0xac05abcb, 0xac40ac05, 0xac7bac40, 0xacb5ac7b, 0xacf0acb5, 0xad2bacf0, 0xad67ad2b, 0xada2ad67, 
0xadddada2, 0xae18addd, 0xae54ae18, 0xae8fae54, 0xaecaae8f, 0xaf06aeca, 0xaf41af06, 0xaf7daf41, 
0xafb8af7d, 0xaff4afb8, 0xb02faff4, 0xb06ab02f, 0xb0a5b06a, 0xb0e1b0a5, 0xb11cb0e1, 0xb157b11c, 
0xb192b157, 0xb1cdb192, 0xb207b1cd, 0xb242b207, 0xb27db242, 0xb2b7b27d, 0xb2f1b2b7, 0xb32cb2f1, 
0xb366b32c, 0xb39fb366, 0xb3d9b39f, 0xb413b3d9, 0xb44cb413, 0xb485b44c, 0xb4beb485, 0xb4f7b4be, 
0xb530b4f7, 0xb569b530, 0xb5a1b569, 0xb5d9b5a1, 0xb611b5d9, 0xb649b611, 0xb680b649, 0xb6b8b680, 
0xb6efb6b8, 0xb726b6ef, 0xb75cb726, 0xb793b75c, 0xb7c9b793, 0xb7ffb7c9, 0xb835b7ff, 0xb86bb835, 
0xb8a0b86b, 0xb8d5b8a0, 0xb90ab8d5, 0xb93fb90a, 0xb974b93f, 0xb9a8b974, 0xb9dcb9a8, 0xba10b9dc, 
0xba43ba10, 0xba77ba43, 0xbaaaba77, 0xbaddbaaa, 0xbb10badd, 0xbb42bb10, 0xbb75bb42, 0xbba7bb75, 
0xbbd9bba7, 0xbc0bbbd9, 0xbc3cbc0b, 0xbc6ebc3c, 0xbc9fbc6e, 0xbcd0bc9f, 0xbd01bcd0, 0xbd31bd01, 
0xbd62bd31, 0xbd92bd62, 0xbdc2bd92, 0xbdf2bdc2, 0xbe22bdf2, 0xbe51be22, 0xbe81be51, 0xbeb0be81, 
0xbedfbeb0, 0xbf0ebedf, 0xbf3dbf0e, 0xbf6cbf3d, 0xbf9abf6c, 0xbfc9bf9a, 0xbff7bfc9, 0xc025bff7, 
0xc053c025, 0xc081c053, 0xc0afc081, 0xc0ddc0af, 0xc10bc0dd, 0xc138c10b, 0xc166c138, 0xc193c166, 
0xc1c1c193, 0xc1eec1c1, 0xc21cc1ee, 0xc249c21c, 0xc276c249, 0xc2a3c276, 0xc2d0c2a3, 0xc2fdc2d0, 
0xc32ac2fd, 0xc358c32a, 0xc385c358, 0xc3b2c385, 0xc3dfc3b2, 0xc40cc3df, 0xc439c40c, 0xc466c439, 
0xc493c466, 0xc4c0c493, 0xc4edc4c0, 0xc51ac4ed, 0xc547c51a, 0xc575c547, 0xc5a2c575, 0xc5cfc5a2, 
0xc5fdc5cf, 0xc62ac5fd, 0xc657c62a, 0xc685c657, 0xc6b3c685, 0xc6e0c6b3, 0xc70ec6e0, 0xc73cc70e, 
0xc76ac73c, 0xc798c76a, 0xc7c6c798, 0xc7f4c7c6, 0xc823c7f4, 0xc851c823, 0xc880c851, 0xc8aec880, 
0xc8ddc8ae, 0xc90cc8dd, 0xc93bc90c, 0xc96ac93b, 0xc999c96a, 0xc9c9c999, 0xc9f8c9c9, 0xca28c9f8, 
0xca57ca28, 0xca87ca57, 0xcab7ca87, 0xcae7cab7, 0xcb18cae7, 0xcb48cb18, 0xcb78cb48, 0xcba9cb78, 
0xcbdacba9, 0xcc0bcbda, 0xcc3ccc0b, 0xcc6dcc3c, 0xcc9fcc6d, 0xccd0cc9f, 0xcd02ccd0, 0xcd33cd02, 
0xcd65cd33, 0xcd97cd65, 0xcdcacd97, 0xcdfccdca, 0xce2ecdfc, 0xce61ce2e, 0xce94ce61, 0xcec7ce94, 
0xcefacec7, 0xcf2dcefa, 0xcf60cf2d, 0xcf93cf60, 0xcfc7cf93, 0xcffbcfc7, 0xd02ecffb, 0xd062d02e, 
0xd096d062, 0xd0cad096, 0xd0ffd0ca, 0xd133d0ff, 0xd167d133, 0xd19cd167, 0xd1d1d19c, 0xd205d1d1, 
0xd23ad205, 0xd26fd23a, 0xd2a4d26f, 0xd2d9d2a4, 0xd30ed2d9, 0xd344d30e, 0xd379d344, 0xd3aed379, 
0xd3e4d3ae, 0xd419d3e4, 0xd44fd419, 0xd485d44f, 0xd4bad485, 0xd4f0d4ba, 0xd526d4f0, 0xd55cd526, 
0xd592d55c, 0xd5c8d592, 0xd5fed5c8, 0xd634d5fe, 0xd66ad634, 0xd6a0d66a, 0xd6d6d6a0, 0xd70cd6d6, 
0xd742d70c, 0xd779d742, 0xd7afd779, 0xd7e5d7af, 0xd81bd7e5, 0xd851d81b, 0xd887d851, 0xd8bdd887, 
0xd8f3d8bd, 0xd92ad8f3, 0xd960d92a, 0xd996d960, 0xd9ccd996, 0xda02d9cc, 0xda37da02, 0xda6dda37, 
0xdaa3da6d, 0xdad9daa3, 0xdb0fdad9, 0xdb44db0f, 0xdb7adb44, 0xdbb0db7a, 0xdbe5dbb0, 0xdc1adbe5, 
0xdc50dc1a, 0xdc85dc50, 0xdcbadc85, 0xdcefdcba, 0xdd24dcef, 0xdd59dd24, 0xdd8edd59, 0xddc3dd8e, 
0xddf8ddc3, 0xde2cddf8, 0xde61de2c, 0xde95de61, 0xdecade95, 0xdefedeca, 0xdf32defe, 0xdf66df32, 
0xdf9adf66, 0xdfcedf9a, 0xe002dfce, 0xe035e002, 0xe069e035, 0xe09ce069, 0xe0d0e09c, 0xe103e0d0, 
0xe136e103, 0xe169e136, 0xe19ce169, 0xe1cee19c, 0xe201e1ce, 0xe234e201, 0xe266e234, 0xe298e266, 
0xe2cbe298, 0xe2fde2cb, 0xe32fe2fd, 0xe361e32f, 0xe392e361, 0xe3c4e392, 0xe3f6e3c4, 0xe427e3f6, 
0xe458e427, 0xe48ae458, 0xe4bbe48a, 0xe4ece4bb, 0xe51de4ec, 0xe54ee51d, 0xe57ee54e, 0xe5afe57e, 
0xe5e0e5af, 0xe610e5e0, 0xe640e610, 0xe671e640, 0xe6a1e671, 0xe6d1e6a1, 0xe701e6d1, 0xe731e701, 
0xe761e731, 0xe791e761, 0xe7c1e791, 0xe7f0e7c1, 0xe820e7f0, 0xe850e820, 0xe87fe850, 0xe8aee87f, 
0xe8dee8ae, 0xe90de8de, 0xe93ce90d, 0xe96ce93c, 0xe99be96c, 0xe9cae99b, 0xe9f9e9ca, 0xea28e9f9, 
0xea57ea28, 0xea86ea57, 0xeab5ea86, 0xeae4eab5, 0xeb13eae4, 0xeb42eb13, 0xeb71eb42, 0xeba0eb71, 
0xebcfeba0, 0xebfeebcf, 0xec2debfe, 0xec5cec2d, 0xec8bec5c, 0xecbaec8b, 0xece9ecba, 0xed18ece9, 
0xed47ed18, 0xed76ed47, 0xeda5ed76, 0xedd4eda5, 0xee03edd4, 0xee32ee03, 0xee62ee32, 0xee91ee62, 
0xeec0ee91, 0xeeefeec0, 0xef1feeef, 0xef4eef1f, 0xef7eef4e, 0xefadef7e, 0xefddefad, 0xf00defdd, 
0xf03cf00d, 0xf06cf03c, 0xf09cf06c, 0xf0ccf09c, 0xf0fcf0cc, 0xf12cf0fc, 0xf15cf12c, 0xf18cf15c, 
0xf1bdf18c, 0xf1edf1bd, 0xf21ef1ed, 0xf24ef21e, 0xf27ff24e, 0xf2b0f27f, 0xf2e0f2b0, 0xf311f2e0, 
0xf342f311, 0xf373f342, 0xf3a5f373, 0xf3d6f3a5, 0xf407f3d6, 0xf439f407, 0xf46af439, 0xf49cf46a, 
0xf4cef49c, 0xf500f4ce, 0xf532f500, 0xf564f532, 0xf596f564, 0xf5c8f596, 0xf5fbf5c8, 0xf62df5fb, 
0xf660f62d, 0xf692f660, 0xf6c5f692, 0xf6f8f6c5, 0xf72bf6f8, 0xf75ef72b, 0xf791f75e, 0xf7c5f791, 
0xf7f8f7c5, 0xf82bf7f8, 0xf85ff82b, 0xf892f85f, 0xf8c6f892, 0xf8faf8c6, 0xf92ef8fa, 0xf962f92e, 
0xf996f962, 0xf9caf996, 0xf9fef9ca, 0xfa32f9fe, 0xfa67fa32, 0xfa9bfa67, 0xfad0fa9b, 0xfb04fad0, 
0xfb39fb04, 0xfb6efb39, 0xfba2fb6e, 0xfbd7fba2, 0xfc0cfbd7, 0xfc41fc0c, 0xfc76fc41, 0xfcabfc76, 
0xfce0fcab, 0xfd15fce0, 0xfd4afd15, 0xfd80fd4a, 0xfdb5fd80, 0xfdeafdb5, 0xfe1ffdea, 0xfe55fe1f, 
0xfe8afe55, 0xfec0fe8a, 0xfef5fec0, 0xff2afef5, 0xff60ff2a, 0xff95ff60, 0xffcbff95, 0x0000ffcb, 
0x00350000, 0x006b0035, 0x00a0006b, 0x00d600a0, 0x010b00d6, 0x0140010b, 0x01760140, 0x01ab0176, 
0x01e101ab, 0x021601e1, 0x024b0216, 0x0280024b, 0x02b60280, 0x02eb02b6, 0x032002eb, 0x03550320, 
0x038a0355, 0x03bf038a, 0x03f403bf, 0x042903f4, 0x045e0429, 0x0492045e, 0x04c70492, 0x04fc04c7, 
0x053004fc, 0x05650530, 0x05990565, 0x05ce0599, 0x060205ce, 0x06360602, 0x066a0636, 0x069e066a, 
0x06d2069e, 0x070606d2, 0x073a0706, 0x076e073a, 0x07a1076e, 0x07d507a1, 0x080807d5, 0x083b0808, 
0x086f083b, 0x08a2086f, 0x08d508a2, 0x090808d5, 0x093b0908, 0x096e093b, 0x09a0096e, 0x09d309a0, 
0x0a0509d3, 0x0a380a05, 0x0a6a0a38, 0x0a9c0a6a, 0x0ace0a9c, 0x0b000ace, 0x0b320b00, 0x0b640b32, 
0x0b960b64, 0x0bc70b96, 0x0bf90bc7, 0x0c2a0bf9, 0x0c5b0c2a, 0x0c8d0c5b, 0x0cbe0c8d, 0x0cef0cbe, 
0x0d200cef, 0x0d500d20, 0x0d810d50, 0x0db20d81, 0x0de20db2, 0x0e130de2, 0x0e430e13, 0x0e740e43, 
0x0ea40e74, 0x0ed40ea4, 0x0f040ed4, 0x0f340f04, 0x0f640f34, 0x0f940f64, 0x0fc40f94, 0x0ff30fc4, 
0x10230ff3, 0x10531023, 0x10821053, 0x10b21082, 0x10e110b2, 0x111110e1, 0x11401111, 0x116f1140, 
0x119e116f, 0x11ce119e, 0x11fd11ce, 0x122c11fd, 0x125b122c, 0x128a125b, 0x12b9128a, 0x12e812b9, 
0x131712e8, 0x13461317, 0x13751346, 0x13a41375, 0x13d313a4, 0x140213d3, 0x14311402, 0x14601431, 
0x148f1460, 0x14be148f, 0x14ed14be, 0x151c14ed, 0x154b151c, 0x157a154b, 0x15a9157a, 0x15d815a9, 
0x160715d8, 0x16361607, 0x16651636, 0x16941665, 0x16c41694, 0x16f316c4, 0x172216f3, 0x17521722, 
0x17811752, 0x17b01781, 0x17e017b0, 0x181017e0, 0x183f1810, 0x186f183f, 0x189f186f, 0x18cf189f, 
0x18ff18cf, 0x192f18ff, 0x195f192f, 0x198f195f, 0x19c0198f, 0x19f019c0, 0x1a2019f0, 0x1a511a20, 
0x1a821a51, 0x1ab21a82, 0x1ae31ab2, 0x1b141ae3, 0x1b451b14, 0x1b761b45, 0x1ba81b76, 0x1bd91ba8, 
0x1c0a1bd9, 0x1c3c1c0a, 0x1c6e1c3c, 0x1c9f1c6e, 0x1cd11c9f, 0x1d031cd1, 0x1d351d03, 0x1d681d35, 
0x1d9a1d68, 0x1dcc1d9a, 0x1dff1dcc, 0x1e321dff, 0x1e641e32, 0x1e971e64, 0x1eca1e97, 0x1efd1eca, 
0x1f301efd, 0x1f641f30, 0x1f971f64, 0x1fcb1f97, 0x1ffe1fcb, 0x20321ffe, 0x20662032, 0x209a2066, 
0x20ce209a, 0x210220ce, 0x21362102, 0x216b2136, 0x219f216b, 0x21d4219f, 0x220821d4, 0x223d2208, 
0x2272223d, 0x22a72272, 0x22dc22a7, 0x231122dc, 0x23462311, 0x237b2346, 0x23b0237b, 0x23e623b0, 
0x241b23e6, 0x2450241b, 0x24862450, 0x24bc2486, 0x24f124bc, 0x252724f1, 0x255d2527, 0x2593255d, 
0x25c92593, 0x25fe25c9, 0x263425fe, 0x266a2634, 0x26a0266a, 0x26d626a0, 0x270d26d6, 0x2743270d, 
0x27792743, 0x27af2779, 0x27e527af, 0x281b27e5, 0x2851281b, 0x28872851, 0x28be2887, 0x28f428be, 
0x292a28f4, 0x2960292a, 0x29962960, 0x29cc2996, 0x2a0229cc, 0x2a382a02, 0x2a6e2a38, 0x2aa42a6e, 
0x2ada2aa4, 0x2b102ada, 0x2b462b10, 0x2b7b2b46, 0x2bb12b7b, 0x2be72bb1, 0x2c1c2be7, 0x2c522c1c, 
0x2c872c52, 0x2cbc2c87, 0x2cf22cbc, 0x2d272cf2, 0x2d5c2d27, 0x2d912d5c, 0x2dc62d91, 0x2dfb2dc6, 
0x2e2f2dfb, 0x2e642e2f, 0x2e992e64, 0x2ecd2e99, 0x2f012ecd, 0x2f362f01, 0x2f6a2f36, 0x2f9e2f6a, 
0x2fd22f9e, 0x30052fd2, 0x30393005, 0x306d3039, 0x30a0306d, 0x30d330a0, 0x310630d3, 0x31393106, 
0x316c3139, 0x319f316c, 0x31d2319f, 0x320431d2, 0x32363204, 0x32693236, 0x329b3269, 0x32cd329b, 
0x32fe32cd, 0x333032fe, 0x33613330, 0x33933361, 0x33c43393, 0x33f533c4, 0x342633f5, 0x34573426, 
0x34883457, 0x34b83488, 0x34e834b8, 0x351934e8, 0x35493519, 0x35793549, 0x35a93579, 0x35d835a9, 
0x360835d8, 0x36373608, 0x36673637, 0x36963667, 0x36c53696, 0x36f436c5, 0x372336f4, 0x37523723, 
0x37803752, 0x37af3780, 0x37dd37af, 0x380c37dd, 0x383a380c, 0x3868383a, 0x38963868, 0x38c43896, 
0x38f238c4, 0x392038f2, 0x394d3920, 0x397b394d, 0x39a9397b, 0x39d639a9, 0x3a0339d6, 0x3a313a03, 
0x3a5e3a31, 0x3a8b3a5e, 0x3ab93a8b, 0x3ae63ab9, 0x3b133ae6, 0x3b403b13, 0x3b6d3b40, 0x3b9a3b6d, 
0x3bc73b9a, 0x3bf43bc7, 0x3c213bf4, 0x3c4e3c21, 0x3c7b3c4e, 0x3ca83c7b, 0x3cd63ca8, 0x3d033cd6, 
0x3d303d03, 0x3d5d3d30, 0x3d8a3d5d, 0x3db73d8a, 0x3de43db7, 0x3e123de4, 0x3e3f3e12, 0x3e6d3e3f, 
0x3e9a3e6d, 0x3ec83e9a, 0x3ef53ec8, 0x3f233ef5, 0x3f513f23, 0x3f7f3f51, 0x3fad3f7f, 0x3fdb3fad, 
0x40093fdb, 0x40374009, 0x40664037, 0x40944066, 0x40c34094, 0x40f240c3, 0x412140f2, 0x41504121, 
0x417f4150, 0x41af417f, 0x41de41af, 0x420e41de, 0x423e420e, 0x426e423e, 0x429e426e, 0x42cf429e, 
0x42ff42cf, 0x433042ff, 0x43614330, 0x43924361, 0x43c44392, 0x43f543c4, 0x442743f5, 0x44594427, 
0x448b4459, 0x44be448b, 0x44f044be, 0x452344f0, 0x45564523, 0x45894556, 0x45bd4589, 0x45f045bd, 
0x462445f0, 0x46584624, 0x468c4658, 0x46c1468c, 0x46f646c1, 0x472b46f6, 0x4760472b, 0x47954760, 
0x47cb4795, 0x480147cb, 0x48374801, 0x486d4837, 0x48a4486d, 0x48da48a4, 0x491148da, 0x49484911, 
0x49804948, 0x49b74980, 0x49ef49b7, 0x4a2749ef, 0x4a5f4a27, 0x4a974a5f, 0x4ad04a97, 0x4b094ad0, 
0x4b424b09, 0x4b7b4b42, 0x4bb44b7b, 0x4bed4bb4, 0x4c274bed, 0x4c614c27, 0x4c9a4c61, 0x4cd44c9a, 
0x4d0f4cd4, 0x4d494d0f, 0x4d834d49, 0x4dbe4d83, 0x4df94dbe, 0x4e334df9, 0x4e6e4e33, 0x4ea94e6e, 
0x4ee44ea9, 0x4f1f4ee4, 0x4f5b4f1f, 0x4f964f5b, 0x4fd14f96, 0x500c4fd1, 0x5048500c, 0x50835048, 
0x50bf5083, 0x50fa50bf, 0x513650fa, 0x51715136, 0x51ac5171, 0x51e851ac, 0x522351e8, 0x525e5223, 
0x5299525e, 0x52d55299, 0x531052d5, 0x534b5310, 0x5385534b, 0x53c05385, 0x53fb53c0, 0x543553fb, 
0x546f5435, 0x54a9546f, 0x54e354a9, 0x551d54e3, 0x5556551d, 0x55905556, 0x55c95590, 0x560255c9, 
0x563a5602, 0x5672563a, 0x56aa5672, 0x56e256aa, 0x571a56e2, 0x5751571a, 0x57875751, 0x57be5787, 
0x57f457be, 0x582957f4, 0x585f5829, 0x5894585f, 0x58c85894, 0x58fc58c8, 0x593058fc, 0x59635930, 
0x59965963, 0x59c85996, 0x59f959c8, 0x5a2b59f9, 0x5a5b5a2b, 0x5a8c5a5b, 0x5abb5a8c, 0x5aea5abb, 
0x5b195aea, 0x5b475b19, 0x5b745b47, 0x5ba15b74, 0x5bcd5ba1, 0x5bf85bcd, 0x5c235bf8, 0x5c4d5c23, 
0x5c775c4d, 0x5ca05c77, 0x5cc85ca0, 0x5cef5cc8, 0x5d165cef, 0x5d3c5d16, 0x5d615d3c, 0x5d865d61, 
0x5daa5d86, 0x5dcd5daa, 0x5def5dcd, 0x5e105def, 0x5e315e10, 0x5e515e31, 0x5e705e51, 0x5e8e5e70, 
0x5eab5e8e, 0x5ec85eab, 0x5ee45ec8, 0x5efe5ee4, 0x5f185efe, 0x5f315f18, 0x5f4a5f31, 0x5f615f4a, 
0x5f775f61, 0x5f8d5f77, 0x5fa25f8d, 0x5fb55fa2, 0x5fc85fb5, 0x5fda5fc8, 0x5feb5fda, 0x5ffb5feb, 
0x600a5ffb, 0x6018600a, 0x60256018, 0x60316025, 0x603c6031, 0x6047603c, 0x60506047, 0x60586050, 
0x60606058, 0x60666060, 0x606b6066, 0x6070606b, 0x60736070, 0x60766073, 0x60776076, 0x60786077, 
0x60776078, 0x60766077, 0x60736076, 0x60706073, 0x606b6070, 0x6066606b, 0x60606066, 0x60586060, 
0x60506058, 0x60476050, 0x603c6047, 0x6031603c, 0x60256031, 0x60186025, 0x600a6018, 0x5ffb600a, 
0x5feb5ffb, 0x5fda5feb, 0x5fc85fda, 0x5fb55fc8, 0x5fa25fb5, 0x5f8d5fa2, 0x5f775f8d, 0x5f615f77, 
0x5f4a5f61, 0x5f315f4a, 0x5f185f31, 0x5efe5f18, 0x5ee45efe, 0x5ec85ee4, 0x5eab5ec8, 0x5e8e5eab, 
0x5e705e8e, 0x5e515e70, 0x5e315e51, 0x5e105e31, 0x5def5e10, 0x5dcd5def, 0x5daa5dcd, 0x5d865daa, 
0x5d615d86, 0x5d3c5d61, 0x5d165d3c, 0x5cef5d16, 0x5cc85cef, 0x5ca05cc8, 0x5c775ca0, 0x5c4d5c77, 
0x5c235c4d, 0x5bf85c23, 0x5bcd5bf8, 0x5ba15bcd, 0x5b745ba1, 0x5b475b74, 0x5b195b47, 0x5aea5b19, 
0x5abb5aea, 0x5a8c5abb, 0x5a5b5a8c, 0x5a2b5a5b, 0x59f95a2b, 0x59c859f9, 0x599659c8, 0x59635996, 
0x59305963, 0x58fc5930, 0x58c858fc, 0x589458c8, 0x585f5894, 0x5829585f, 0x57f45829, 0x57be57f4, 
0x578757be, 0x57515787, 0x571a5751, 0x56e2571a, 0x56aa56e2, 0x567256aa, 0x563a5672, 0x5602563a, 
0x55c95602, 0x559055c9, 0x55565590, 0x551d5556, 0x54e3551d, 0x54a954e3, 0x546f54a9, 0x5435546f, 
0x53fb5435, 0x53c053fb, 0x538553c0, 0x534b5385, 0x5310534b, 0x52d55310, 0x529952d5, 0x525e5299, 
0x5223525e, 0x51e85223, 0x51ac51e8, 0x517151ac, 0x51365171, 0x50fa5136, 0x50bf50fa, 0x508350bf, 
0x50485083, 0x500c5048, 0x4fd1500c, 0x4f964fd1, 0x4f5b4f96, 0x4f1f4f5b, 0x4ee44f1f, 0x4ea94ee4, 
0x4e6e4ea9, 0x4e334e6e, 0x4df94e33, 0x4dbe4df9, 0x4d834dbe, 0x4d494d83, 0x4d0f4d49, 0x4cd44d0f, 
0x4c9a4cd4, 0x4c614c9a, 0x4c274c61, 0x4bed4c27, 0x4bb44bed, 0x4b7b4bb4, 0x4b424b7b, 0x4b094b42, 
0x4ad04b09, 0x4a974ad0, 0x4a5f4a97, 0x4a274a5f, 0x49ef4a27, 0x49b749ef, 0x498049b7, 0x49484980, 
0x49114948, 0x48da4911, 0x48a448da, 0x486d48a4, 0x4837486d, 0x48014837, 0x47cb4801, 0x479547cb, 
0x47604795, 0x472b4760, 0x46f6472b, 0x46c146f6, 0x468c46c1, 0x4658468c, 0x46244658, 0x45f04624, 
0x45bd45f0, 0x458945bd, 0x45564589, 0x45234556, 0x44f04523, 0x44be44f0, 0x448b44be, 0x4459448b, 
0x44274459, 0x43f54427, 0x43c443f5, 0x439243c4, 0x43614392, 0x43304361, 0x42ff4330, 0x42cf42ff, 
0x429e42cf, 0x426e429e, 0x423e426e, 0x420e423e, 0x41de420e, 0x41af41de, 0x417f41af, 0x4150417f, 
0x41214150, 0x40f24121, 0x40c340f2, 0x409440c3, 0x40664094, 0x40374066, 0x40094037, 0x3fdb4009, 
0x3fad3fdb, 0x3f7f3fad, 0x3f513f7f, 0x3f233f51, 0x3ef53f23, 0x3ec83ef5, 0x3e9a3ec8, 0x3e6d3e9a, 
0x3e3f3e6d, 0x3e123e3f, 0x3de43e12, 0x3db73de4, 0x3d8a3db7, 0x3d5d3d8a, 0x3d303d5d, 0x3d033d30, 
0x3cd63d03, 0x3ca83cd6, 0x3c7b3ca8, 0x3c4e3c7b, 0x3c213c4e, 0x3bf43c21, 0x3bc73bf4, 0x3b9a3bc7, 
0x3b6d3b9a, 0x3b403b6d, 0x3b133b40, 0x3ae63b13, 0x3ab93ae6, 0x3a8b3ab9, 0x3a5e3a8b, 0x3a313a5e, 
0x3a033a31, 0x39d63a03, 0x39a939d6, 0x397b39a9, 0x394d397b, 0x3920394d, 0x38f23920, 0x38c438f2, 
0x389638c4, 0x38683896, 0x383a3868, 0x380c383a, 0x37dd380c, 0x37af37dd, 0x378037af, 0x37523780, 
0x37233752, 0x36f43723, 0x36c536f4, 0x369636c5, 0x36673696, 0x36373667, 0x36083637, 0x35d83608, 
0x35a935d8, 0x357935a9, 0x35493579, 0x35193549, 0x34e83519, 0x34b834e8, 0x348834b8, 0x34573488, 
0x34263457, 0x33f53426, 0x33c433f5, 0x339333c4, 0x33613393, 0x33303361, 0x32fe3330, 0x32cd32fe, 
0x329b32cd, 0x3269329b, 0x32363269, 0x32043236, 0x31d23204, 0x319f31d2, 0x316c319f, 0x3139316c, 
0x31063139, 0x30d33106, 0x30a030d3, 0x306d30a0, 0x3039306d, 0x30053039, 0x2fd23005, 0x2f9e2fd2, 
0x2f6a2f9e, 0x2f362f6a, 0x2f012f36, 0x2ecd2f01, 0x2e992ecd, 0x2e642e99, 0x2e2f2e64, 0x2dfb2e2f, 
0x2dc62dfb, 0x2d912dc6, 0x2d5c2d91, 0x2d272d5c, 0x2cf22d27, 0x2cbc2cf2, 0x2c872cbc, 0x2c522c87, 
0x2c1c2c52, 0x2be72c1c, 0x2bb12be7, 0x2b7b2bb1, 0x2b462b7b, 0x2b102b46, 0x2ada2b10, 0x2aa42ada, 
0x2a6e2aa4, 0x2a382a6e, 0x2a022a38, 0x29cc2a02, 0x299629cc, 0x29602996, 0x292a2960, 0x28f4292a, 
0x28be28f4, 0x288728be, 0x28512887, 0x281b2851, 0x27e5281b, 0x27af27e5, 0x277927af, 0x27432779, 
0x270d2743, 0x26d6270d, 0x26a026d6, 0x266a26a0, 0x2634266a, 0x25fe2634, 0x25c925fe, 0x259325c9, 
0x255d2593, 0x2527255d, 0x24f12527, 0x24bc24f1, 0x248624bc, 0x24502486, 0x241b2450, 0x23e6241b, 
0x23b023e6, 0x237b23b0, 0x2346237b, 0x23112346, 0x22dc2311, 0x22a722dc, 0x227222a7, 0x223d2272, 
0x2208223d, 0x21d42208, 0x219f21d4, 0x216b219f, 0x2136216b, 0x21022136, 0x20ce2102, 0x209a20ce, 
0x2066209a, 0x20322066, 0x1ffe2032, 0x1fcb1ffe, 0x1f971fcb, 0x1f641f97, 0x1f301f64, 0x1efd1f30, 
0x1eca1efd, 0x1e971eca, 0x1e641e97, 0x1e321e64, 0x1dff1e32, 0x1dcc1dff, 0x1d9a1dcc, 0x1d681d9a, 
0x1d351d68, 0x1d031d35, 0x1cd11d03, 0x1c9f1cd1, 0x1c6e1c9f, 0x1c3c1c6e, 0x1c0a1c3c, 0x1bd91c0a, 
0x1ba81bd9, 0x1b761ba8, 0x1b451b76, 0x1b141b45, 0x1ae31b14, 0x1ab21ae3, 0x1a821ab2, 0x1a511a82, 
0x1a201a51, 0x19f01a20, 0x19c019f0, 0x198f19c0, 0x195f198f, 0x192f195f, 0x18ff192f, 0x18cf18ff, 
0x189f18cf, 0x186f189f, 0x183f186f, 0x1810183f, 0x17e01810, 0x17b017e0, 0x178117b0, 0x17521781, 
0x17221752, 0x16f31722, 0x16c416f3, 0x169416c4, 0x16651694, 0x16361665, 0x16071636, 0x15d81607, 
0x15a915d8, 0x157a15a9, 0x154b157a, 0x151c154b, 0x14ed151c, 0x14be14ed, 0x148f14be, 0x1460148f, 
0x14311460, 0x14021431, 0x13d31402, 0x13a413d3, 0x137513a4, 0x13461375, 0x13171346, 0x12e81317, 
0x12b912e8, 0x128a12b9, 0x125b128a, 0x122c125b, 0x11fd122c, 0x11ce11fd, 0x119e11ce, 0x116f119e, 
0x1140116f, 0x11111140, 0x10e11111, 0x10b210e1, 0x108210b2, 0x10531082, 0x10231053, 0x0ff31023, 
0x0fc40ff3, 0x0f940fc4, 0x0f640f94, 0x0f340f64, 0x0f040f34, 0x0ed40f04, 0x0ea40ed4, 0x0e740ea4, 
0x0e430e74, 0x0e130e43, 0x0de20e13, 0x0db20de2, 0x0d810db2, 0x0d500d81, 0x0d200d50, 0x0cef0d20, 
0x0cbe0cef, 0x0c8d0cbe, 0x0c5b0c8d, 0x0c2a0c5b, 0x0bf90c2a, 0x0bc70bf9, 0x0b960bc7, 0x0b640b96, 
0x0b320b64, 0x0b000b32, 0x0ace0b00, 0x0a9c0ace, 0x0a6a0a9c, 0x0a380a6a, 0x0a050a38, 0x09d30a05, 
0x09a009d3, 0x096e09a0, 0x093b096e, 0x0908093b, 0x08d50908, 0x08a208d5, 0x086f08a2, 0x083b086f, 
0x0808083b, 0x07d50808, 0x07a107d5, 0x076e07a1, 0x073a076e, 0x0706073a, 0x06d20706, 0x069e06d2, 
0x066a069e, 0x0636066a, 0x06020636, 0x05ce0602, 0x059905ce, 0x05650599, 0x05300565, 0x04fc0530, 
0x04c704fc, 0x049204c7, 0x045e0492, 0x0429045e, 0x03f40429, 0x03bf03f4, 0x038a03bf, 0x0355038a, 
0x03200355, 0x02eb0320, 0x02b602eb, 0x028002b6, 0x024b0280, 0x0216024b, 0x01e10216, 0x01ab01e1, 
0x017601ab, 0x01400176, 0x010b0140, 0x00d6010b, 0x00a000d6, 0x006b00a0, 0x0035006b, 0x00000035, 
},
// Table 7, base frequency 5274.040911
{
0xffd50000, 0xffabffd5, 0xff80ffab, 0xff55ff80, 0xff2bff55, 0xff00ff2b, 0xfed5ff00, 0xfeabfed5, 
0xfe80feab, 0xfe55fe80, 0xfe2afe55, 0xfe00fe2a, 0xfdd5fe00, 0xfdaafdd5, 0xfd7ffdaa, 0xfd55fd7f, 
0xfd2afd55, 0xfcfffd2a, 0xfcd4fcff, 0xfca9fcd4, 0xfc7efca9, 0xfc53fc7e, 0xfc28fc53, 0xfbfdfc28, 
0xfbd2fbfd, 0xfba7fbd2, 0xfb7cfba7, 0xfb51fb7c, 0xfb26fb51, 0xfafbfb26, 0xfacffafb, 0xfaa4facf, 
0xfa79faa4, 0xfa4efa79, 0xfa22fa4e, 0xf9f7fa22, 0xf9cbf9f7, 0xf9a0f9cb, 0xf974f9a0, 0xf949f974, 
0xf91df949, 0xf8f1f91d, 0xf8c6f8f1, 0xf89af8c6, 0xf86ef89a, 0xf842f86e, 0xf816f842, 0xf7eaf816, 
0xf7bef7ea, 0xf792f7be, 0xf766f792, 0xf73af766, 0xf70df73a, 0xf6e1f70d, 0xf6b5f6e1, 0xf688f6b5, 
0xf65cf688, 0xf62ff65c, 0xf602f62f, 0xf5d6f602, 0xf5a9f5d6, 0xf57cf5a9, 0xf54ff57c, 0xf522f54f, 
0xf4f5f522, 0xf4c8f4f5, 0xf49bf4c8, 0xf46df49b, 0xf440f46d, 0xf413f440, 0xf3e5f413, 0xf3b8f3e5, 
0xf38af3b8, 0xf35cf38a, 0xf32ef35c, 0xf300f32e, 0xf2d2f300, 0xf2a4f2d2, 0xf276f2a4, 0xf248f276, 
0xf21af248, 0xf1ebf21a, 0xf1bdf1eb, 0xf18ef1bd, 0xf160f18e, 0xf131f160, 0xf102f131, 0xf0d3f102, 
0xf0a4f0d3, 0xf075f0a4, 0xf046f075, 0xf016f046, 0xefe7f016, 0xefb8efe7, 0xef88efb8, 0xef58ef88, 
0xef29ef58, 0xeef9ef29, 0xeec9eef9, 0xee99eec9, 0xee69ee99, 0xee38ee69, 0xee08ee38, 0xedd8ee08, 
0xeda7edd8, 0xed76eda7, 0xed46ed76, 0xed15ed46, 0xece4ed15, 0xecb3ece4, 0xec82ecb3, 0xec50ec82, 
0xec1fec50, 0xebeeec1f, 0xebbcebee, 0xeb8aebbc, 0xeb59eb8a, 0xeb27eb59, 0xeaf5eb27, 0xeac3eaf5, 
0xea91eac3, 0xea5eea91, 0xea2cea5e, 0xe9faea2c, 0xe9c7e9fa, 0xe994e9c7, 0xe961e994, 0xe92fe961, 
0xe8fce92f, 0xe8c8e8fc, 0xe895e8c8, 0xe862e895, 0xe82ee862, 0xe7fbe82e, 0xe7c7e7fb, 0xe793e7c7, 
0xe760e793, 0xe72ce760, 0xe6f7e72c, 0xe6c3e6f7, 0xe68fe6c3, 0xe65be68f, 0xe626e65b, 0xe5f1e626, 
0xe5bde5f1, 0xe588e5bd, 0xe553e588, 0xe51ee553, 0xe4e9e51e, 0xe4b4e4e9, 0xe47ee4b4, 0xe449e47e, 
0xe413e449, 0xe3dde413, 0xe3a8e3dd, 0xe372e3a8, 0xe33ce372, 0xe306e33c, 0xe2d0e306, 0xe299e2d0, 
0xe263e299, 0xe22ce263, 0xe1f6e22c, 0xe1bfe1f6, 0xe188e1bf, 0xe151e188, 0xe11ae151, 0xe0e3e11a, 
0xe0ace0e3, 0xe075e0ac, 0xe03de075, 0xe006e03d, 0xdfcee006, 0xdf96dfce, 0xdf5fdf96, 0xdf27df5f, 
0xdeefdf27, 0xdeb7deef, 0xde7fdeb7, 0xde46de7f, 0xde0ede46, 0xddd5de0e, 0xdd9dddd5, 0xdd64dd9d, 
0xdd2cdd64, 0xdcf3dd2c, 0xdcbadcf3, 0xdc81dcba, 0xdc48dc81, 0xdc0fdc48, 0xdbd5dc0f, 0xdb9cdbd5, 
0xdb63db9c, 0xdb29db63, 0xdaefdb29, 0xdab6daef, 0xda7cdab6, 0xda42da7c, 0xda08da42, 0xd9ceda08, 
0xd994d9ce, 0xd95ad994, 0xd920d95a, 0xd8e6d920, 0xd8abd8e6, 0xd871d8ab, 0xd836d871, 0xd7fcd836, 
0xd7c1d7fc, 0xd787d7c1, 0xd74cd787, 0xd711d74c, 0xd6d6d711, 0xd69bd6d6, 0xd660d69b, 0xd625d660, 
0xd5ead625, 0xd5afd5ea, 0xd574d5af, 0xd538d574, 0xd4fdd538, 0xd4c2d4fd, 0xd486d4c2, 0xd44bd486, 
0xd40fd44b, 0xd3d3d40f, 0xd398d3d3, 0xd35cd398, 0xd320d35c, 0xd2e5d320, 0xd2a9d2e5, 0xd26dd2a9, 
0xd231d26d, 0xd1f5d231, 0xd1b9d1f5, 0xd17dd1b9, 0xd141d17d, 0xd105d141, 0xd0c9d105, 0xd08dd0c9, 
0xd051d08d, 0xd015d051, 0xcfd8d015, 0xcf9ccfd8, 0xcf60cf9c, 0xcf24cf60, 0xcee7cf24, 0xceabcee7, 
0xce6fceab, 0xce33ce6f, 0xcdf6ce33, 0xcdbacdf6, 0xcd7ecdba, 0xcd41cd7e, 0xcd05cd41, 0xccc9cd05, 
0xcc8cccc9, 0xcc50cc8c, 0xcc14cc50, 0xcbd7cc14, 0xcb9bcbd7, 0xcb5fcb9b, 0xcb22cb5f, 0xcae6cb22, 
0xcaaacae6, 0xca6ecaaa, 0xca31ca6e, 0xc9f5ca31, 0xc9b9c9f5, 0xc97dc9b9, 0xc941c97d, 0xc904c941, 
0xc8c8c904, 0xc88cc8c8, 0xc850c88c, 0xc814c850, 0xc7d8c814, 0xc79cc7d8, 0xc760c79c, 0xc725c760, 
0xc6e9c725, 0xc6adc6e9, 0xc671c6ad, 0xc636c671, 0xc5fac636, 0xc5bec5fa, 0xc583c5be, 0xc548c583, 
0xc50cc548, 0xc4d1c50c, 0xc496c4d1, 0xc45ac496, 0xc41fc45a, 0xc3e4c41f, 0xc3a9c3e4, 0xc36ec3a9, 
0xc333c36e, 0xc2f9c333, 0xc2bec2f9, 0xc283c2be, 0xc249c283, 0xc20ec249, 0xc1d4c20e, 0xc19ac1d4, 
0xc160c19a, 0xc126c160, 0xc0ecc126, 0xc0b2c0ec, 0xc078c0b2, 0xc03ec078, 0xc005c03e, 0xbfcbc005, 
0xbf92bfcb, 0xbf59bf92, 0xbf20bf59, 0xbee7bf20, 0xbeaebee7, 0xbe75beae, 0xbe3cbe75, 0xbe04be3c, 
0xbdcbbe04, 0xbd93bdcb, 0xbd5bbd93, 0xbd23bd5b, 0xbcebbd23, 0xbcb3bceb, 0xbc7bbcb3, 0xbc44bc7b, 
0xbc0dbc44, 0xbbd5bc0d, 0xbb9ebbd5, 0xbb67bb9e, 0xbb31bb67, 0xbafabb31, 0xbac4bafa, 0xba8dbac4, 
0xba57ba8d, 0xba21ba57, 0xb9ecba21, 0xb9b6b9ec, 0xb980b9b6, 0xb94bb980, 0xb916b94b, 0xb8e1b916, 
0xb8acb8e1, 0xb878b8ac, 0xb843b878, 0xb80fb843, 0xb7dbb80f, 0xb7a7b7db, 0xb773b7a7, 0xb740b773, 
0xb70db740, 0xb6d9b70d, 0xb6a7b6d9, 0xb674b6a7, 0xb641b674, 0xb60fb641, 0xb5ddb60f, 0xb5abb5dd, 
0xb579b5ab, 0xb548b579, 0xb517b548, 0xb4e6b517, 0xb4b5b4e6, 0xb484b4b5, 0xb454b484, 0xb423b454, 
0xb3f4b423, 0xb3c4b3f4, 0xb394b3c4, 0xb365b394, 0xb336b365, 0xb307b336, 0xb2d9b307, 0xb2aab2d9, 
0xb27cb2aa, 0xb24fb27c, 0xb221b24f, 0xb1f4b221, 0xb1c7b1f4, 0xb19ab1c7, 0xb16db19a, 0xb141b16d, 
0xb115b141, 0xb0e9b115, 0xb0bdb0e9, 0xb092b0bd, 0xb067b092, 0xb03cb067, 0xb012b03c, 0xafe8b012, 
0xafbeafe8, 0xaf94afbe, 0xaf6baf94, 0xaf41af6b, 0xaf19af41, 0xaef0af19, 0xaec8aef0, 0xaea0aec8, 
0xae78aea0, 0xae51ae78, 0xae29ae51, 0xae03ae29, 0xaddcae03, 0xadb6addc, 0xad90adb6, 0xad6aad90, 
0xad45ad6a, 0xad20ad45, 0xacfbad20, 0xacd6acfb, 0xacb2acd6, 0xac8eacb2, 0xac6bac8e, 0xac48ac6b, 
0xac25ac48, 0xac02ac25, 0xabe0ac02, 0xabbeabe0, 0xab9cabbe, 0xab7bab9c, 0xab5aab7b, 0xab39ab5a, 
0xab19ab39, 0xaaf9ab19, 0xaad9aaf9, 0xaabaaad9, 0xaa9baaba, 0xaa7caa9b, 0xaa5eaa7c, 0xaa40aa5e, 
0xaa22aa40, 0xaa05aa22, 0xa9e8aa05, 0xa9cba9e8, 0xa9afa9cb, 0xa992a9af, 0xa977a992, 0xa95ca977, 
0xa941a95c, 0xa926a941, 0xa90ca926, 0xa8f2a90c, 0xa8d8a8f2, 0xa8bfa8d8, 0xa8a6a8bf, 0xa88ea8a6, 
0xa875a88e, 0xa85ea875, 0xa846a85e, 0xa82fa846, 0xa818a82f, 0xa802a818, 0xa7eca802, 0xa7d6a7ec, 
0xa7c1a7d6, 0xa7aca7c1, 0xa798a7ac, 0xa783a798, 0xa770a783, 0xa75ca770, 0xa749a75c, 0xa736a749, 
0xa724a736, 0xa712a724, 0xa701a712, 0xa6efa701, 0xa6dfa6ef, 0xa6cea6df, 0xa6bea6ce, 0xa6aea6be, 
0xa69fa6ae, 0xa690a69f, 0xa681a690, 0xa673a681, 0xa665a673, 0xa658a665, 0xa64ba658, 0xa63ea64b, 
0xa632a63e, 0xa626a632, 0xa61ba626, 0xa610a61b, 0xa605a610, 0xa5faa605, 0xa5f1a5fa, 0xa5e7a5f1, 
0xa5dea5e7, 0xa5d5a5de, 0xa5cda5d5, 0xa5c5a5cd, 0xa5bda5c5, 0xa5b6a5bd, 0xa5afa5b6, 0xa5a8a5af, 
0xa5a2a5a8, 0xa59da5a2, 0xa597a59d, 0xa592a597, 0xa58ea592, 0xa58aa58e, 0xa586a58a, 0xa583a586, 
0xa580a583, 0xa57da580, 0xa57ba57d, 0xa579a57b, 0xa578a579, 0xa577a578, 0xa576a577, 0xa576a576, 
0xa576a576, 0xa577a576, 0xa578a577, 0xa579a578, 0xa57ba579, 0xa57da57b, 0xa580a57d, 0xa583a580, 
0xa586a583, 0xa58aa586, 0xa58ea58a, 0xa592a58e, 0xa597a592, 0xa59da597, 0xa5a2a59d, 0xa5a8a5a2, 
0xa5afa5a8, 0xa5b6a5af, 0xa5bda5b6, 0xa5c5a5bd, 0xa5cda5c5, 0xa5d5a5cd, 0xa5dea5d5, 0xa5e7a5de, 
0xa5f1a5e7, 0xa5faa5f1, 0xa605a5fa, 0xa610a605, 0xa61ba610, 0xa626a61b, 0xa632a626, 0xa63ea632, 
0xa64ba63e, 0xa658a64b, 0xa665a658, 0xa673a665, 0xa681a673, 0xa690a681, 0xa69fa690, 0xa6aea69f, 
0xa6bea6ae, 0xa6cea6be, 0xa6dfa6ce, 0xa6efa6df, 0xa701a6ef, 0xa712a701, 0xa724a712, 0xa736a724, 
0xa749a736, 0xa75ca749, 0xa770a75c, 0xa783a770, 0xa798a783, 0xa7aca798, 0xa7c1a7ac, 0xa7d6a7c1, 
0xa7eca7d6, 0xa802a7ec, 0xa818a802, 0xa82fa818, 0xa846a82f, 0xa85ea846, 0xa875a85e, 0xa88ea875, 
0xa8a6a88e, 0xa8bfa8a6, 0xa8d8a8bf, 0xa8f2a8d8, 0xa90ca8f2, 0xa926a90c, 0xa941a926, 0xa95ca941, 
0xa977a95c, 0xa992a977, 0xa9afa992, 0xa9cba9af, 0xa9e8a9cb, 0xaa05a9e8, 0xaa22aa05, 0xaa40aa22, 
0xaa5eaa40, 0xaa7caa5e, 0xaa9baa7c, 0xaabaaa9b, 0xaad9aaba, 0xaaf9aad9, 0xab19aaf9, 0xab39ab19, 
0xab5aab39, 0xab7bab5a, 0xab9cab7b, 0xabbeab9c, 0xabe0abbe, 0xac02abe0, 0xac25ac02, 0xac48ac25, 
0xac6bac48, 0xac8eac6b, 0xacb2ac8e, 0xacd6acb2, 0xacfbacd6, 0xad20acfb, 0xad45ad20, 0xad6aad45, 
0xad90ad6a, 0xadb6ad90, 0xaddcadb6, 0xae03addc, 0xae29ae03, 0xae51ae29, 0xae78ae51, 0xaea0ae78, 
0xaec8aea0, 0xaef0aec8, 0xaf19aef0, 0xaf41af19, 0xaf6baf41, 0xaf94af6b, 0xafbeaf94, 0xafe8afbe, 
0xb012afe8, 0xb03cb012, 0xb067b03c, 0xb092b067, 0xb0bdb092, 0xb0e9b0bd, 0xb115b0e9, 0xb141b115, 
0xb16db141, 0xb19ab16d, 0xb1c7b19a, 0xb1f4b1c7, 0xb221b1f4, 0xb24fb221, 0xb27cb24f, 0xb2aab27c, 
0xb2d9b2aa, 0xb307b2d9, 0xb336b307, 0xb365b336, 0xb394b365, 0xb3c4b394, 0xb3f4b3c4, 0xb423b3f4, 
0xb454b423, 0xb484b454, 0xb4b5b484, 0xb4e6b4b5, 0xb517b4e6, 0xb548b517, 0xb579b548, 0xb5abb579, 
0xb5ddb5ab, 0xb60fb5dd, 0xb641b60f, 0xb674b641, 0xb6a7b674, 0xb6d9b6a7, 0xb70db6d9, 0xb740b70d, 
0xb773b740, 0xb7a7b773, 0xb7dbb7a7, 0xb80fb7db, 0xb843b80f, 0xb878b843, 0xb8acb878, 0xb8e1b8ac, 
0xb916b8e1, 0xb94bb916, 0xb980b94b, 0xb9b6b980, 0xb9ecb9b6, 0xba21b9ec, 0xba57ba21, 0xba8dba57, 
0xbac4ba8d, 0xbafabac4, 0xbb31bafa, 0xbb67bb31, 0xbb9ebb67, 0xbbd5bb9e, 0xbc0dbbd5, 0xbc44bc0d, 
0xbc7bbc44, 0xbcb3bc7b, 0xbcebbcb3, 0xbd23bceb, 0xbd5bbd23, 0xbd93bd5b, 0xbdcbbd93, 0xbe04bdcb, 
0xbe3cbe04, 0xbe75be3c, 0xbeaebe75, 0xbee7beae, 0xbf20bee7, 0xbf59bf20, 0xbf92bf59, 0xbfcbbf92, 
0xc005bfcb, 0xc03ec005, 0xc078c03e, 0xc0b2c078, 0xc0ecc0b2, 0xc126c0ec, 0xc160c126, 0xc19ac160, 
0xc1d4c19a, 0xc20ec1d4, 0xc249c20e, 0xc283c249, 0xc2bec283, 0xc2f9c2be, 0xc333c2f9, 0xc36ec333, 
0xc3a9c36e, 0xc3e4c3a9, 0xc41fc3e4, 0xc45ac41f, 0xc496c45a, 0xc4d1c496, 0xc50cc4d1, 0xc548c50c, 
0xc583c548, 0xc5bec583, 0xc5fac5be, 0xc636c5fa, 0xc671c636, 0xc6adc671, 0xc6e9c6ad, 0xc725c6e9, 
0xc760c725, 0xc79cc760, 0xc7d8c79c, 0xc814c7d8, 0xc850c814, 0xc88cc850, 0xc8c8c88c, 0xc904c8c8, 
0xc941c904, 0xc97dc941, 0xc9b9c97d, 0xc9f5c9b9, 0xca31c9f5, 0xca6eca31, 0xcaaaca6e, 0xcae6caaa, 
0xcb22cae6, 0xcb5fcb22, 0xcb9bcb5f, 0xcbd7cb9b, 0xcc14cbd7, 0xcc50cc14, 0xcc8ccc50, 0xccc9cc8c, 
0xcd05ccc9, 0xcd41cd05, 0xcd7ecd41, 0xcdbacd7e, 0xcdf6cdba, 0xce33cdf6, 0xce6fce33, 0xceabce6f, 
0xcee7ceab, 0xcf24cee7, 0xcf60cf24, 0xcf9ccf60, 0xcfd8cf9c, 0xd015cfd8, 0xd051d015, 0xd08dd051, 
0xd0c9d08d, 0xd105d0c9, 0xd141d105, 0xd17dd141, 0xd1b9d17d, 0xd1f5d1b9, 0xd231d1f5, 0xd26dd231, 
0xd2a9d26d, 0xd2e5d2a9, 0xd320d2e5, 0xd35cd320, 0xd398d35c, 0xd3d3d398, 0xd40fd3d3, 0xd44bd40f, 
0xd486d44b, 0xd4c2d486, 0xd4fdd4c2, 0xd538d4fd, 0xd574d538, 0xd5afd574, 0xd5ead5af, 0xd625d5ea, 
0xd660d625, 0xd69bd660, 0xd6d6d69b, 0xd711d6d6, 0xd74cd711, 0xd787d74c, 0xd7c1d787, 0xd7fcd7c1, 
0xd836d7fc, 0xd871d836, 0xd8abd871, 0xd8e6d8ab, 0xd920d8e6, 0xd95ad920, 0xd994d95a, 0xd9ced994, 
0xda08d9ce, 0xda42da08, 0xda7cda42, 0xdab6da7c, 0xdaefdab6, 0xdb29daef, 0xdb63db29, 0xdb9cdb63, 
0xdbd5db9c, 0xdc0fdbd5, 0xdc48dc0f, 0xdc81dc48, 0xdcbadc81, 0xdcf3dcba, 0xdd2cdcf3, 0xdd64dd2c, 
0xdd9ddd64, 0xddd5dd9d, 0xde0eddd5, 0xde46de0e, 0xde7fde46, 0xdeb7de7f, 0xdeefdeb7, 0xdf27deef, 
0xdf5fdf27, 0xdf96df5f, 0xdfcedf96, 0xe006dfce, 0xe03de006, 0xe075e03d, 0xe0ace075, 0xe0e3e0ac, 
0xe11ae0e3, 0xe151e11a, 0xe188e151, 0xe1bfe188, 0xe1f6e1bf, 0xe22ce1f6, 0xe263e22c, 0xe299e263, 
0xe2d0e299, 0xe306e2d0, 0xe33ce306, 0xe372e33c, 0xe3a8e372, 0xe3dde3a8, 0xe413e3dd, 0xe449e413, 
0xe47ee449, 0xe4b4e47e, 0xe4e9e4b4, 0xe51ee4e9, 0xe553e51e, 0xe588e553, 0xe5bde588, 0xe5f1e5bd, 
0xe626e5f1, 0xe65be626, 0xe68fe65b, 0xe6c3e68f, 0xe6f7e6c3, 0xe72ce6f7, 0xe760e72c, 0xe793e760, 
0xe7c7e793, 0xe7fbe7c7, 0xe82ee7fb, 0xe862e82e, 0xe895e862, 0xe8c8e895, 0xe8fce8c8, 0xe92fe8fc, 
0xe961e92f, 0xe994e961, 0xe9c7e994, 0xe9fae9c7, 0xea2ce9fa, 0xea5eea2c, 0xea91ea5e, 0xeac3ea91, 
0xeaf5eac3, 0xeb27eaf5, 0xeb59eb27, 0xeb8aeb59, 0xebbceb8a, 0xebeeebbc, 0xec1febee, 0xec50ec1f, 
0xec82ec50, 0xecb3ec82, 0xece4ecb3, 0xed15ece4, 0xed46ed15, 0xed76ed46, 0xeda7ed76, 0xedd8eda7, 
0xee08edd8, 0xee38ee08, 0xee69ee38, 0xee99ee69, 0xeec9ee99, 0xeef9eec9, 0xef29eef9, 0xef58ef29, 
0xef88ef58, 0xefb8ef88, 0xefe7efb8, 0xf016efe7, 0xf046f016, 0xf075f046, 0xf0a4f075, 0xf0d3f0a4, 
0xf102f0d3, 0xf131f102, 0xf160f131, 0xf18ef160, 0xf1bdf18e, 0xf1ebf1bd, 0xf21af1eb, 0xf248f21a, 
0xf276f248, 0xf2a4f276, 0xf2d2f2a4, 0xf300f2d2, 0xf32ef300, 0xf35cf32e, 0xf38af35c, 0xf3b8f38a, 
0xf3e5f3b8, 0xf413f3e5, 0xf440f413, 0xf46df440, 0xf49bf46d, 0xf4c8f49b, 0xf4f5f4c8, 0xf522f4f5, 
0xf54ff522, 0xf57cf54f, 0xf5a9f57c, 0xf5d6f5a9, 0xf602f5d6, 0xf62ff602, 0xf65cf62f, 0xf688f65c, 
0xf6b5f688, 0xf6e1f6b5, 0xf70df6e1, 0xf73af70d, 0xf766f73a, 0xf792f766, 0xf7bef792, 0xf7eaf7be, 
0xf816f7ea, 0xf842f816, 0xf86ef842, 0xf89af86e, 0xf8c6f89a, 0xf8f1f8c6, 0xf91df8f1, 0xf949f91d, 
0xf974f949, 0xf9a0f974, 0xf9cbf9a0, 0xf9f7f9cb, 0xfa22f9f7, 0xfa4efa22, 0xfa79fa4e, 0xfaa4fa79, 
0xfacffaa4, 0xfafbfacf, 0xfb26fafb, 0xfb51fb26, 0xfb7cfb51, 0xfba7fb7c, 0xfbd2fba7, 0xfbfdfbd2, 
0xfc28fbfd, 0xfc53fc28, 0xfc7efc53, 0xfca9fc7e, 0xfcd4fca9, 0xfcfffcd4, 0xfd2afcff, 0xfd55fd2a, 
0xfd7ffd55, 0xfdaafd7f, 0xfdd5fdaa, 0xfe00fdd5, 0xfe2afe00, 0xfe55fe2a, 0xfe80fe55, 0xfeabfe80, 
0xfed5feab, 0xff00fed5, 0xff2bff00, 0xff55ff2b, 0xff80ff55, 0xffabff80, 0xffd5ffab, 0x0000ffd5, 
0x002b0000, 0x0055002b, 0x00800055, 0x00ab0080, 0x00d500ab, 0x010000d5, 0x012b0100, 0x0155012b, 
0x01800155, 0x01ab0180, 0x01d601ab, 0x020001d6, 0x022b0200, 0x0256022b, 0x02810256, 0x02ab0281, 
0x02d602ab, 0x030102d6, 0x032c0301, 0x0357032c, 0x03820357, 0x03ad0382, 0x03d803ad, 0x040303d8, 
0x042e0403, 0x0459042e, 0x04840459, 0x04af0484, 0x04da04af, 0x050504da, 0x05310505, 0x055c0531, 
0x0587055c, 0x05b20587, 0x05de05b2, 0x060905de, 0x06350609, 0x06600635, 0x068c0660, 0x06b7068c, 
0x06e306b7, 0x070f06e3, 0x073a070f, 0x0766073a, 0x07920766, 0x07be0792, 0x07ea07be, 0x081607ea, 
0x08420816, 0x086e0842, 0x089a086e, 0x08c6089a, 0x08f308c6, 0x091f08f3, 0x094b091f, 0x0978094b, 
0x09a40978, 0x09d109a4, 0x09fe09d1, 0x0a2a09fe, 0x0a570a2a, 0x0a840a57, 0x0ab10a84, 0x0ade0ab1, 
0x0b0b0ade, 0x0b380b0b, 0x0b650b38, 0x0b930b65, 0x0bc00b93, 0x0bed0bc0, 0x0c1b0bed, 0x0c480c1b, 
0x0c760c48, 0x0ca40c76, 0x0cd20ca4, 0x0d000cd2, 0x0d2e0d00, 0x0d5c0d2e, 0x0d8a0d5c, 0x0db80d8a, 
0x0de60db8, 0x0e150de6, 0x0e430e15, 0x0e720e43, 0x0ea00e72, 0x0ecf0ea0, 0x0efe0ecf, 0x0f2d0efe, 
0x0f5c0f2d, 0x0f8b0f5c, 0x0fba0f8b, 0x0fea0fba, 0x10190fea, 0x10481019, 0x10781048, 0x10a81078, 
0x10d710a8, 0x110710d7, 0x11371107, 0x11671137, 0x11971167, 0x11c81197, 0x11f811c8, 0x122811f8, 
0x12591228, 0x128a1259, 0x12ba128a, 0x12eb12ba, 0x131c12eb, 0x134d131c, 0x137e134d, 0x13b0137e, 
0x13e113b0, 0x141213e1, 0x14441412, 0x14761444, 0x14a71476, 0x14d914a7, 0x150b14d9, 0x153d150b, 
0x156f153d, 0x15a2156f, 0x15d415a2, 0x160615d4, 0x16391606, 0x166c1639, 0x169f166c, 0x16d1169f, 
0x170416d1, 0x17381704, 0x176b1738, 0x179e176b, 0x17d2179e, 0x180517d2, 0x18391805, 0x186d1839, 
0x18a0186d, 0x18d418a0, 0x190918d4, 0x193d1909, 0x1971193d, 0x19a51971, 0x19da19a5, 0x1a0f19da, 
0x1a431a0f, 0x1a781a43, 0x1aad1a78, 0x1ae21aad, 0x1b171ae2, 0x1b4c1b17, 0x1b821b4c, 0x1bb71b82, 
0x1bed1bb7, 0x1c231bed, 0x1c581c23, 0x1c8e1c58, 0x1cc41c8e, 0x1cfa1cc4, 0x1d301cfa, 0x1d671d30, 
0x1d9d1d67, 0x1dd41d9d, 0x1e0a1dd4, 0x1e411e0a, 0x1e781e41, 0x1eaf1e78, 0x1ee61eaf, 0x1f1d1ee6, 
0x1f541f1d, 0x1f8b1f54, 0x1fc31f8b, 0x1ffa1fc3, 0x20321ffa, 0x206a2032, 0x20a1206a, 0x20d920a1, 
0x211120d9, 0x21492111, 0x21812149, 0x21ba2181, 0x21f221ba, 0x222b21f2, 0x2263222b, 0x229c2263, 
0x22d4229c, 0x230d22d4, 0x2346230d, 0x237f2346, 0x23b8237f, 0x23f123b8, 0x242b23f1, 0x2464242b, 
0x249d2464, 0x24d7249d, 0x251124d7, 0x254a2511, 0x2584254a, 0x25be2584, 0x25f825be, 0x263225f8, 
0x266c2632, 0x26a6266c, 0x26e026a6, 0x271a26e0, 0x2755271a, 0x278f2755, 0x27ca278f, 0x280427ca, 
0x283f2804, 0x2879283f, 0x28b42879, 0x28ef28b4, 0x292a28ef, 0x2965292a, 0x29a02965, 0x29db29a0, 
0x2a1629db, 0x2a512a16, 0x2a8c2a51, 0x2ac82a8c, 0x2b032ac8, 0x2b3e2b03, 0x2b7a2b3e, 0x2bb52b7a, 
0x2bf12bb5, 0x2c2d2bf1, 0x2c682c2d, 0x2ca42c68, 0x2ce02ca4, 0x2d1b2ce0, 0x2d572d1b, 0x2d932d57, 
0x2dcf2d93, 0x2e0b2dcf, 0x2e472e0b, 0x2e832e47, 0x2ebf2e83, 0x2efb2ebf, 0x2f372efb, 0x2f732f37, 
0x2faf2f73, 0x2feb2faf, 0x30282feb, 0x30643028, 0x30a03064, 0x30dc30a0, 0x311930dc, 0x31553119, 
0x31913155, 0x31cd3191, 0x320a31cd, 0x3246320a, 0x32823246, 0x32bf3282, 0x32fb32bf, 0x333732fb, 
0x33743337, 0x33b03374, 0x33ec33b0, 0x342933ec, 0x34653429, 0x34a13465, 0x34de34a1, 0x351a34de, 
0x3556351a, 0x35923556, 0x35cf3592, 0x360b35cf, 0x3647360b, 0x36833647, 0x36bf3683, 0x36fc36bf, 
0x373836fc, 0x37743738, 0x37b03774, 0x37ec37b0, 0x382837ec, 0x38643828, 0x38a03864, 0x38db38a0, 
0x391738db, 0x39533917, 0x398f3953, 0x39ca398f, 0x3a0639ca, 0x3a423a06, 0x3a7d3a42, 0x3ab83a7d, 
0x3af43ab8, 0x3b2f3af4, 0x3b6a3b2f, 0x3ba63b6a, 0x3be13ba6, 0x3c1c3be1, 0x3c573c1c, 0x3c923c57, 
0x3ccd3c92, 0x3d073ccd, 0x3d423d07, 0x3d7d3d42, 0x3db73d7d, 0x3df23db7, 0x3e2c3df2, 0x3e663e2c, 
0x3ea03e66, 0x3eda3ea0, 0x3f143eda, 0x3f4e3f14, 0x3f883f4e, 0x3fc23f88, 0x3ffb3fc2, 0x40353ffb, 
0x406e4035, 0x40a7406e, 0x40e040a7, 0x411940e0, 0x41524119, 0x418b4152, 0x41c4418b, 0x41fc41c4, 
0x423541fc, 0x426d4235, 0x42a5426d, 0x42dd42a5, 0x431542dd, 0x434d4315, 0x4385434d, 0x43bc4385, 
0x43f343bc, 0x442b43f3, 0x4462442b, 0x44994462, 0x44cf4499, 0x450644cf, 0x453c4506, 0x4573453c, 
0x45a94573, 0x45df45a9, 0x461445df, 0x464a4614, 0x4680464a, 0x46b54680, 0x46ea46b5, 0x471f46ea, 
0x4754471f, 0x47884754, 0x47bd4788, 0x47f147bd, 0x482547f1, 0x48594825, 0x488d4859, 0x48c0488d, 
0x48f348c0, 0x492748f3, 0x49594927, 0x498c4959, 0x49bf498c, 0x49f149bf, 0x4a2349f1, 0x4a554a23, 
0x4a874a55, 0x4ab84a87, 0x4ae94ab8, 0x4b1a4ae9, 0x4b4b4b1a, 0x4b7c4b4b, 0x4bac4b7c, 0x4bdd4bac, 
0x4c0c4bdd, 0x4c3c4c0c, 0x4c6c4c3c, 0x4c9b4c6c, 0x4cca4c9b, 0x4cf94cca, 0x4d274cf9, 0x4d564d27, 
0x4d844d56, 0x4db14d84, 0x4ddf4db1, 0x4e0c4ddf, 0x4e394e0c, 0x4e664e39, 0x4e934e66, 0x4ebf4e93, 
0x4eeb4ebf, 0x4f174eeb, 0x4f434f17, 0x4f6e4f43, 0x4f994f6e, 0x4fc44f99, 0x4fee4fc4, 0x50184fee, 
0x50425018, 0x506c5042, 0x5095506c, 0x50bf5095, 0x50e750bf, 0x511050e7, 0x51385110, 0x51605138, 
0x51885160, 0x51af5188, 0x51d751af, 0x51fd51d7, 0x522451fd, 0x524a5224, 0x5270524a, 0x52965270, 
0x52bb5296, 0x52e052bb, 0x530552e0, 0x532a5305, 0x534e532a, 0x5372534e, 0x53955372, 0x53b85395, 
0x53db53b8, 0x53fe53db, 0x542053fe, 0x54425420, 0x54645442, 0x54855464, 0x54a65485, 0x54c754a6, 
0x54e754c7, 0x550754e7, 0x55275507, 0x55465527, 0x55655546, 0x55845565, 0x55a25584, 0x55c055a2, 
0x55de55c0, 0x55fb55de, 0x561855fb, 0x56355618, 0x56515635, 0x566e5651, 0x5689566e, 0x56a45689, 
0x56bf56a4, 0x56da56bf, 0x56f456da, 0x570e56f4, 0x5728570e, 0x57415728, 0x575a5741, 0x5772575a, 
0x578b5772, 0x57a2578b, 0x57ba57a2, 0x57d157ba, 0x57e857d1, 0x57fe57e8, 0x581457fe, 0x582a5814, 
0x583f582a, 0x5854583f, 0x58685854, 0x587d5868, 0x5890587d, 0x58a45890, 0x58b758a4, 0x58ca58b7, 
0x58dc58ca, 0x58ee58dc, 0x58ff58ee, 0x591158ff, 0x59215911, 0x59325921, 0x59425932, 0x59525942, 
0x59615952, 0x59705961, 0x597f5970, 0x598d597f, 0x599b598d, 0x59a8599b, 0x59b559a8, 0x59c259b5, 
0x59ce59c2, 0x59da59ce, 0x59e559da, 0x59f059e5, 0x59fb59f0, 0x5a0659fb, 0x5a0f5a06, 0x5a195a0f, 
0x5a225a19, 0x5a2b5a22, 0x5a335a2b, 0x5a3b5a33, 0x5a435a3b, 0x5a4a5a43, 0x5a515a4a, 0x5a585a51, 
0x5a5e5a58, 0x5a635a5e, 0x5a695a63, 0x5a6e5a69, 0x5a725a6e, 0x5a765a72, 0x5a7a5a76, 0x5a7d5a7a, 
0x5a805a7d, 0x5a835a80, 0x5a855a83, 0x5a875a85, 0x5a885a87, 0x5a895a88, 0x5a8a5a89, 0x5a8a5a8a, 
0x5a8a5a8a, 0x5a895a8a, 0x5a885a89, 0x5a875a88, 0x5a855a87, 0x5a835a85, 0x5a805a83, 0x5a7d5a80, 
0x5a7a5a7d, 0x5a765a7a, 0x5a725a76, 0x5a6e5a72, 0x5a695a6e, 0x5a635a69, 0x5a5e5a63, 0x5a585a5e, 
0x5a515a58, 0x5a4a5a51, 0x5a435a4a, 0x5a3b5a43, 0x5a335a3b, 0x5a2b5a33, 0x5a225a2b, 0x5a195a22, 
0x5a0f5a19, 0x5a065a0f, 0x59fb5a06, 0x59f059fb, 0x59e559f0, 0x59da59e5, 0x59ce59da, 0x59c259ce, 
0x59b559c2, 0x59a859b5, 0x599b59a8, 0x598d599b, 0x597f598d, 0x5970597f, 0x59615970, 0x59525961, 
0x59425952, 0x59325942, 0x59215932, 0x59115921, 0x58ff5911, 0x58ee58ff, 0x58dc58ee, 0x58ca58dc, 
0x58b758ca, 0x58a458b7, 0x589058a4, 0x587d5890, 0x5868587d, 0x58545868, 0x583f5854, 0x582a583f, 
0x5814582a, 0x57fe5814, 0x57e857fe, 0x57d157e8, 0x57ba57d1, 0x57a257ba, 0x578b57a2, 0x5772578b, 
0x575a5772, 0x5741575a, 0x57285741, 0x570e5728, 0x56f4570e, 0x56da56f4, 0x56bf56da, 0x56a456bf, 
0x568956a4, 0x566e5689, 0x5651566e, 0x56355651, 0x56185635, 0x55fb5618, 0x55de55fb, 0x55c055de, 
0x55a255c0, 0x558455a2, 0x55655584, 0x55465565, 0x55275546, 0x55075527, 0x54e75507, 0x54c754e7, 
0x54a654c7, 0x548554a6, 0x54645485, 0x54425464, 0x54205442, 0x53fe5420, 0x53db53fe, 0x53b853db, 
0x539553b8, 0x53725395, 0x534e5372, 0x532a534e, 0x5305532a, 0x52e05305, 0x52bb52e0, 0x529652bb, 
0x52705296, 0x524a5270, 0x5224524a, 0x51fd5224, 0x51d751fd, 0x51af51d7, 0x518851af, 0x51605188, 
0x51385160, 0x51105138, 0x50e75110, 0x50bf50e7, 0x509550bf, 0x506c5095, 0x5042506c, 0x50185042, 
0x4fee5018, 0x4fc44fee, 0x4f994fc4, 0x4f6e4f99, 0x4f434f6e, 0x4f174f43, 0x4eeb4f17, 0x4ebf4eeb, 
0x4e934ebf, 0x4e664e93, 0x4e394e66, 0x4e0c4e39, 0x4ddf4e0c, 0x4db14ddf, 0x4d844db1, 0x4d564d84, 
0x4d274d56, 0x4cf94d27, 0x4cca4cf9, 0x4c9b4cca, 0x4c6c4c9b, 0x4c3c4c6c, 0x4c0c4c3c, 0x4bdd4c0c, 
0x4bac4bdd, 0x4b7c4bac, 0x4b4b4b7c, 0x4b1a4b4b, 0x4ae94b1a, 0x4ab84ae9, 0x4a874ab8, 0x4a554a87, 
0x4a234a55, 0x49f14a23, 0x49bf49f1, 0x498c49bf, 0x4959498c, 0x49274959, 0x48f34927, 0x48c048f3, 
0x488d48c0, 0x4859488d, 0x48254859, 0x47f14825, 0x47bd47f1, 0x478847bd, 0x47544788, 0x471f4754, 
0x46ea471f, 0x46b546ea, 0x468046b5, 0x464a4680, 0x4614464a, 0x45df4614, 0x45a945df, 0x457345a9, 
0x453c4573, 0x4506453c, 0x44cf4506, 0x449944cf, 0x44624499, 0x442b4462, 0x43f3442b, 0x43bc43f3, 
0x438543bc, 0x434d4385, 0x4315434d, 0x42dd4315, 0x42a542dd, 0x426d42a5, 0x4235426d, 0x41fc4235, 
0x41c441fc, 0x418b41c4, 0x4152418b, 0x41194152, 0x40e04119, 0x40a740e0, 0x406e40a7, 0x4035406e, 
0x3ffb4035, 0x3fc23ffb, 0x3f883fc2, 0x3f4e3f88, 0x3f143f4e, 0x3eda3f14, 0x3ea03eda, 0x3e663ea0, 
0x3e2c3e66, 0x3df23e2c, 0x3db73df2, 0x3d7d3db7, 0x3d423d7d, 0x3d073d42, 0x3ccd3d07, 0x3c923ccd, 
0x3c573c92, 0x3c1c3c57, 0x3be13c1c, 0x3ba63be1, 0x3b6a3ba6, 0x3b2f3b6a, 0x3af43b2f, 0x3ab83af4, 
0x3a7d3ab8, 0x3a423a7d, 0x3a063a42, 0x39ca3a06, 0x398f39ca, 0x3953398f, 0x39173953, 0x38db3917, 
0x38a038db, 0x386438a0, 0x38283864, 0x37ec3828, 0x37b037ec, 0x377437b0, 0x37383774, 0x36fc3738, 
0x36bf36fc, 0x368336bf, 0x36473683, 0x360b3647, 0x35cf360b, 0x359235cf, 0x35563592, 0x351a3556, 
0x34de351a, 0x34a134de, 0x346534a1, 0x34293465, 0x33ec3429, 0x33b033ec, 0x337433b0, 0x33373374, 
0x32fb3337, 0x32bf32fb, 0x328232bf, 0x32463282, 0x320a3246, 0x31cd320a, 0x319131cd, 0x31553191, 
0x31193155, 0x30dc3119, 0x30a030dc, 0x306430a0, 0x30283064, 0x2feb3028, 0x2faf2feb, 0x2f732faf, 
0x2f372f73, 0x2efb2f37, 0x2ebf2efb, 0x2e832ebf, 0x2e472e83, 0x2e0b2e47, 0x2dcf2e0b, 0x2d932dcf, 
0x2d572d93, 0x2d1b2d57, 0x2ce02d1b, 0x2ca42ce0, 0x2c682ca4, 0x2c2d2c68, 0x2bf12c2d, 0x2bb52bf1, 
0x2b7a2bb5, 0x2b3e2b7a, 0x2b032b3e, 0x2ac82b03, 0x2a8c2ac8, 0x2a512a8c, 0x2a162a51, 0x29db2a16, 
0x29a029db, 0x296529a0, 0x292a2965, 0x28ef292a, 0x28b428ef, 0x287928b4, 0x283f2879, 0x2804283f, 
0x27ca2804, 0x278f27ca, 0x2755278f, 0x271a2755, 0x26e0271a, 0x26a626e0, 0x266c26a6, 0x2632266c, 
0x25f82632, 0x25be25f8, 0x258425be, 0x254a2584, 0x2511254a, 0x24d72511, 0x249d24d7, 0x2464249d, 
0x242b2464, 0x23f1242b, 0x23b823f1, 0x237f23b8, 0x2346237f, 0x230d2346, 0x22d4230d, 0x229c22d4, 
0x2263229c, 0x222b2263, 0x21f2222b, 0x21ba21f2, 0x218121ba, 0x21492181, 0x21112149, 0x20d92111, 
0x20a120d9, 0x206a20a1, 0x2032206a, 0x1ffa2032, 0x1fc31ffa, 0x1f8b1fc3, 0x1f541f8b, 0x1f1d1f54, 
0x1ee61f1d, 0x1eaf1ee6, 0x1e781eaf, 0x1e411e78, 0x1e0a1e41, 0x1dd41e0a, 0x1d9d1dd4, 0x1d671d9d, 
0x1d301d67, 0x1cfa1d30, 0x1cc41cfa, 0x1c8e1cc4, 0x1c581c8e, 0x1c231c58, 0x1bed1c23, 0x1bb71bed, 
0x1b821bb7, 0x1b4c1b82, 0x1b171b4c, 0x1ae21b17, 0x1aad1ae2, 0x1a781aad, 0x1a431a78, 0x1a0f1a43, 
0x19da1a0f, 0x19a519da, 0x197119a5, 0x193d1971, 0x1909193d, 0x18d41909, 0x18a018d4, 0x186d18a0, 
0x1839186d, 0x18051839, 0x17d21805, 0x179e17d2, 0x176b179e, 0x1738176b, 0x17041738, 0x16d11704, 
0x169f16d1, 0x166c169f, 0x1639166c, 0x16061639, 0x15d41606, 0x15a215d4, 0x156f15a2, 0x153d156f, 
0x150b153d, 0x14d9150b, 0x14a714d9, 0x147614a7, 0x14441476, 0x14121444, 0x13e11412, 0x13b013e1, 
0x137e13b0, 0x134d137e, 0x131c134d, 0x12eb131c, 0x12ba12eb, 0x128a12ba, 0x1259128a, 0x12281259, 
0x11f81228, 0x11c811f8, 0x119711c8, 0x11671197, 0x11371167, 0x11071137, 0x10d71107, 0x10a810d7, 
0x107810a8, 0x10481078, 0x10191048, 0x0fea1019, 0x0fba0fea, 0x0f8b0fba, 0x0f5c0f8b, 0x0f2d0f5c, 
0x0efe0f2d, 0x0ecf0efe, 0x0ea00ecf, 0x0e720ea0, 0x0e430e72, 0x0e150e43, 0x0de60e15, 0x0db80de6, 
0x0d8a0db8, 0x0d5c0d8a, 0x0d2e0d5c, 0x0d000d2e, 0x0cd20d00, 0x0ca40cd2, 0x0c760ca4, 0x0c480c76, 
0x0c1b0c48, 0x0bed0c1b, 0x0bc00bed, 0x0b930bc0, 0x0b650b93, 0x0b380b65, 0x0b0b0b38, 0x0ade0b0b, 
0x0ab10ade, 0x0a840ab1, 0x0a570a84, 0x0a2a0a57, 0x09fe0a2a, 0x09d109fe, 0x09a409d1, 0x097809a4, 
0x094b0978, 0x091f094b, 0x08f3091f, 0x08c608f3, 0x089a08c6, 0x086e089a, 0x0842086e, 0x08160842, 
0x07ea0816, 0x07be07ea, 0x079207be, 0x07660792, 0x073a0766, 0x070f073a, 0x06e3070f, 0x06b706e3, 
0x068c06b7, 0x0660068c, 0x06350660, 0x06090635, 0x05de0609, 0x05b205de, 0x058705b2, 0x055c0587, 
0x0531055c, 0x05050531, 0x04da0505, 0x04af04da, 0x048404af, 0x04590484, 0x042e0459, 0x0403042e, 
0x03d80403, 0x03ad03d8, 0x038203ad, 0x03570382, 0x032c0357, 0x0301032c, 0x02d60301, 0x02ab02d6, 
0x028102ab, 0x02560281, 0x022b0256, 0x0200022b, 0x01d60200, 0x01ab01d6, 0x018001ab, 0x01550180, 
0x012b0155, 0x0100012b, 0x00d50100, 0x00ab00d5, 0x008000ab, 0x00550080, 0x002b0055, 0x0000002b, 
},
};
